path,species_id,organ,source,label
train/1355955/e6825e948d24df2469b891b7b922e008584b98a6.jpg,1355955,flower,real,0
test/1355955/0abc1ccadcd6e1f50537360ad5ade0d9a6d5b4d7.jpg,1355955,leaf,real,0
train/1355955/cbef61b3dae7d7000d652f4968c2cbcf8dbda1e1.jpg,1355955,leaf,real,0
train/1355955/cb0d4f960f9b5574ab6819d23db96dd710b96535.jpg,1355955,flower,real,0
train/1355955/5103fe9f213420acaf7c16f4324a4ca661f20289.jpg,1355955,leaf,real,0
train/1355955/a76cdf88d93b65871b9aa2e8c3259754eb441bb9.jpg,1355955,flower,real,0
train/1355955/14ca6849c67020249a06f46ab28da8c41ffc6c28.jpg,1355955,flower,real,0
test/1355955/80a4638112f1a424459d1caca878c6524dd433cc.jpg,1355955,leaf,real,0
train/1355955/7fb86def0e10b46384324857ab5aa139d9444b2b.jpg,1355955,flower,real,0
train/1355955/e04e2818e2d303e09bd66eaabf9c7312bc1110ef.jpg,1355955,leaf,real,0
train/1355955/aebc4ac1fb6dd01c182f864d6c2dafe413ffd67b.jpg,1355955,flower,real,0
train/1355955/1ada170b59229c5018c4a9a26a2c0173d2209105.jpg,1355955,leaf,real,0
train/1355955/186c3c54ac3ada38638c6c4dc0ea7c849701b486.jpg,1355955,leaf,real,0
train/1355955/fe3131163544feb319ec6754b79ca33007177e95.jpg,1355955,flower,real,0
train/1356037/7d2f37b6c59c145153e97c4ae5dc6bfd279080d2.jpg,1356037,leaf,real,1
train/1356037/0da9c16a00518ba567b98bd5592f7c24586fa462.jpg,1356037,flower,real,1
val/1356037/c562613da677372cfa306813e3476b7fd6abceab.jpg,1356037,leaf,real,1
test/1356037/82a4dbe2c294330f20e89366ca32ff1ba5e529c1.jpg,1356037,leaf,real,1
train/1356037/33e5e89f526f8dbb19cdaaaf9e4035ba0219ecc6.jpg,1356037,flower,real,1
train/1356037/60f5389f40b678e0423ed204c67164b6f6dbe0a1.jpg,1356037,leaf,real,1
train/1356037/750beb7cde3afebdf4e9c645897612148cd331b0.jpg,1356037,leaf,real,1
train/1356037/ca2b6388205eadbf383a50d77395254ee6d3ebeb.jpg,1356037,flower,real,1
test/1356037/13e4c21d698b117d9a3001988856fbd860993c65.jpg,1356037,leaf,real,1
train/1356037/91cbbc98eee2433145d8255de7b3ee853b570d49.jpg,1356037,flower,real,1
train/1356037/6df40177d1fbf3fa50640cfca48e36cb893b847d.jpg,1356037,leaf,real,1
train/1356037/e16c5b9e2f509f8313fc50807d6eca0a7671b888.jpg,1356037,flower,real,1
val/1356037/d93c11d4e0076962f91737801b7225fb6d091d0c.jpg,1356037,flower,real,1
train/1356076/276fa91643c2716f51c01f04a7b78e0f087afdb3.jpg,1356076,flower,real,2
val/1356076/f12899222eddd33c4ad88e660e4da8a54c81f2a0.jpg,1356076,leaf,real,2
train/1356076/ded27e8f72970c08998244b2d959f16f394f5b6d.jpg,1356076,flower,real,2
train/1356076/20e9651a6196522d75e974eb48606b57d7e681c1.jpg,1356076,leaf,real,2
train/1356076/6b794be3daa38ff612cc4baf58d486ee86e00aba.jpg,1356076,leaf,real,2
train/1356076/46e711ad0788e8efd58663a462dac8c555a96f9e.jpg,1356076,leaf,real,2
train/1356076/9e3c14d6f1f8e43020682cf7ebcc9c64b2490ba2.jpg,1356076,flower,real,2
test/1356076/abe5b759c34e9d39f7f76e3ca05f7b08ae3000d1.jpg,1356076,leaf,real,2
train/1356076/063170c102d6e0255d0e1cb7a5d6fea91c1cd72e.jpg,1356076,leaf,real,2
test/1356076/1cfce6d3a0cfcba5650da71d077b5cc0d2a7f977.jpg,1356076,leaf,real,2
train/1356076/06e620f20439f7ec83d2caace1a6977d0f1545a6.jpg,1356076,leaf,real,2
train/1356076/1d370a43c9c5bdf7b4a2348933433c5b67d78033.jpg,1356076,leaf,real,2
val/1356076/9d69eb1cff48b1a0dffe220dfb00480062c7c742.jpg,1356076,leaf,real,2
train/1356076/d6cf37482314dd214001438ec5f1f41058740ebb.jpg,1356076,leaf,real,2
train/1356076/31606196dc14c5975f6501bec07cddb9afd918c8.jpg,1356076,leaf,real,2
test/1356076/9a89fed46429887a16c79569de8ebb0bb9813fc1.jpg,1356076,flower,real,2
val/1356076/4246678b57dbdcb85522f5e5f6ce3fd8aa31146a.jpg,1356076,leaf,real,2
train/1356076/a4405223d6019a9beb714b47c2280b9513b3df2c.jpg,1356076,leaf,real,2
train/1356076/4181dd43d42e64657674c8e597cac22dc45a3c08.jpg,1356076,leaf,real,2
train/1356076/c7ceea433826ce0fefdbe6a5b0866894a1b1d9c9.jpg,1356076,leaf,real,2
train/1356076/73049a5a2f569fa208c0e436045af088f4012443.jpg,1356076,leaf,real,2
test/1356076/0c7afb4f279b42fd1936a1a1ec77ee9c6c13f5f0.jpg,1356076,flower,real,2
train/1356076/f5d85ccd4e4c2e8a49f723b5f0aa4e2ec2374354.jpg,1356076,leaf,real,2
train/1356076/e2f3f85329706a17666bad37a2838f52a216ca56.jpg,1356076,leaf,real,2
val/1356076/8cd81ec2c1aa16a48077859a053390c71e3089bc.jpg,1356076,leaf,real,2
train/1356076/a84a7a53fbfbe3e6a833262d531f8950162b6a24.jpg,1356076,flower,real,2
train/1356076/e019b1f21a60eed58d5f7a531a32df88e76816a6.jpg,1356076,leaf,real,2
train/1356076/5e06d6d15a266dd36e12279ae660d8a59386daaa.jpg,1356076,leaf,real,2
train/1356076/0e113284a0fc88cd57a36904a4f4b6ddd89d7041.jpg,1356076,leaf,real,2
train/1356076/55fed26e3d626a5a9626b1dd22e0492188deb32b.jpg,1356076,leaf,real,2
val/1356076/09788540604ff124e71d4bf77cbd0da392f79e03.jpg,1356076,leaf,real,2
train/1356076/243d2f95eb2cd2aeab38d812e699c2ba30791aa7.jpg,1356076,leaf,real,2
train/1356076/36f20727a11a44ec57af27edd9903667e2c97cce.jpg,1356076,leaf,real,2
train/1356076/034d0bc898e954502ceb4fe6e35d9f8e068b2815.jpg,1356076,leaf,real,2
val/1356076/9333e0d845f626350f9d8f49a3317bfed67e3d92.jpg,1356076,leaf,real,2
train/1356076/7de4d9536907d36108d5e72894827a638162ec88.jpg,1356076,leaf,real,2
train/1356076/559038bc24d72d2d7eb111781156564ce2960c2e.jpg,1356076,leaf,real,2
train/1356076/7eb46d2980074d37fd9c09927a849f7fa9f24650.jpg,1356076,leaf,real,2
train/1356076/096394e1e6472a0351d0fbd15ac4fee85a85cf62.jpg,1356076,leaf,real,2
train/1356076/fb7c0a9ffa36495cad28202c774dd6c3841e1e04.jpg,1356076,leaf,real,2
train/1356076/b9e68ed71b3ad4d2735099ace360b0867722f865.jpg,1356076,leaf,real,2
train/1356076/e3b50f3c4c34c12d6af5f70ee5ce62a64a609a1e.jpg,1356076,leaf,real,2
train/1356076/218a566100784bf0356811b7ab8bd43d3c31a8f0.jpg,1356076,leaf,real,2
train/1356076/6de06d96393038c110cc55c5f92ace77c8c809c9.jpg,1356076,leaf,real,2
train/1356076/4cd122b1d99be49b9e5508e203db47e61371bf3d.jpg,1356076,leaf,real,2
val/1356076/8cc23bd69bb042142ca9cf9a93a9e9ffddfbb117.jpg,1356076,flower,real,2
train/1356076/593c9ab218e0a6b2af91d8956d58cf1bed9bef21.jpg,1356076,leaf,real,2
train/1356076/fa26346d432a370defdbdeac5e9c71dc134742b4.jpg,1356076,leaf,real,2
val/1356076/0fe62fa027a4aa9b31530b9009a0408a30f60e2e.jpg,1356076,leaf,real,2
train/1356278/d7977a938891fcd70d29a8c8774875ea3f609741.jpg,1356278,flower,real,3
train/1356278/d6507b2ecfc7564a66d6406b4b30195f89da84c0.jpg,1356278,flower,real,3
train/1356278/5ea8d27078fd0776dacd1127ec612b9a65b26284.jpg,1356278,flower,real,3
train/1356278/128352c813b393b15adce8069c56d8086aede6f2.jpg,1356278,flower,real,3
train/1356278/8ca913d96bf2cacb86ff1b904aad55b82cd56cee.jpg,1356278,flower,real,3
train/1356278/80375a1b4f885322880d43f263b2c33ce554c4cb.jpg,1356278,flower,real,3
train/1356278/8772ae3a82a27400415d1d9a49ff8d27592f4bab.jpg,1356278,leaf,real,3
train/1356278/fd5a4bb653ab674f3c1a016305bb5663a1f029e1.jpg,1356278,leaf,real,3
train/1356278/bc6814ae77d1bc4663d7aa02293892cbdbf6eef5.jpg,1356278,flower,real,3
train/1356278/42c12cdb1c93347f14070db409ae962c5e1a5e63.jpg,1356278,flower,real,3
val/1356278/ec06136ad835b20637025be1def2e128a91e0ba6.jpg,1356278,flower,real,3
train/1356278/fcc819b62cb36967e89f92296b0b576fbe8529c9.jpg,1356278,leaf,real,3
train/1356278/4fb76f8bc06e35e1252569e9199ec96f0ec52f42.jpg,1356278,flower,real,3
train/1356278/6e8b6a6017923f3284e0222bb0682a47721441c4.jpg,1356278,leaf,real,3
train/1356278/66db65483a7ef311c6676bad2bed9eb76bd0b1c1.jpg,1356278,flower,real,3
val/1356278/4796b5aa3a9a23bcfe8a16d155501349be412588.jpg,1356278,flower,real,3
train/1356278/54474e220f0afa52050574277ed0eefc5596364a.jpg,1356278,leaf,real,3
train/1356278/8f006847464e53456aedc26f7697c377964e5a9f.jpg,1356278,flower,real,3
val/1356278/bb45e511b324bc820d2500abc59ded01380fcc97.jpg,1356278,flower,real,3
train/1356278/ca1bbc1ee34e2c9b1a79c52dba02132b47b2718f.jpg,1356278,leaf,real,3
train/1356278/5bc8dd8ad10eff7fc0b533495db1f6e3b748beb4.jpg,1356278,flower,real,3
train/1356278/8a26028d25b436be0951334416726a42a8c47ce8.jpg,1356278,flower,real,3
train/1356278/20f4a00b5494798f2ff59c9a6c37fa0f7ce49055.jpg,1356278,flower,real,3
test/1356278/613a9142f3ba8fb8dbaf9b63bd1988da9af0247d.jpg,1356278,flower,real,3
train/1356278/820fbefeca422cedc39327d6b12b11c3ea7d0809.jpg,1356278,flower,real,3
train/1356278/85a89138ac119767264f54df5ab36bd05f18c3d8.jpg,1356278,flower,real,3
train/1356278/e2bb15d6a8ff1959e362891eb18412f00cc5d651.jpg,1356278,flower,real,3
train/1356278/5f87fde403d83992055aeb5495b1ce9965b0e8f6.jpg,1356278,flower,real,3
train/1356278/b2e7f271f43fe11a3d862b42cd56d7fb6e7f7901.jpg,1356278,flower,real,3
train/1356278/b501c74cbab411e8f2d4697511b5520cd70d194a.jpg,1356278,flower,real,3
train/1356278/eb93f8c486a0f7cb3162eb42ba421080d339b060.jpg,1356278,flower,real,3
train/1356278/1f3ed41979528a032cf723f2cf2abbf4b2dab33a.jpg,1356278,flower,real,3
train/1356278/af3bc174312e3d6d8c6f37233b45cf451f8b9c9d.jpg,1356278,flower,real,3
val/1356278/18aa9de1788f4f022e84ef64dc19898c6a4e0746.jpg,1356278,flower,real,3
train/1356278/9ce2ca667ebf2b9e0ecc95429ccf25c0a2766da7.jpg,1356278,flower,real,3
train/1356278/cf5f7c1e2fd790d4a12a5711aefcfa85a213cae9.jpg,1356278,flower,real,3
train/1356278/c0db56382c9f86dba394046abccd2bbc07cafb04.jpg,1356278,flower,real,3
train/1356278/0eae8a1bcb9627262eb1c0cfa43397dc6c862615.jpg,1356278,flower,real,3
train/1356278/1d26b61c3a6f42cc283e2420bf44c5a801e27600.jpg,1356278,flower,real,3
train/1356278/b7a3af79b8cfa3516371723e44e155fe8cfb0e6c.jpg,1356278,flower,real,3
val/1356278/701911b34cd4e9297715674424c6ab68058138d9.jpg,1356278,flower,real,3
train/1356278/c5dcdc58192b87ca608304205b26d6de14224c7d.jpg,1356278,flower,real,3
train/1356278/bba93edc860ffe26d70358c0e2a78d75fa0565b8.jpg,1356278,leaf,real,3
train/1356278/038c220e36553da9e63eabf2cc26d89a327b641c.jpg,1356278,flower,real,3
test/1356278/8a85d49873252078fefb9102f03c06856c013138.jpg,1356278,flower,real,3
train/1356278/7602ae589dd8625c706d8c1a8f9d3aa404149d86.jpg,1356278,flower,real,3
train/1356278/b1eef75d60e4af105cd3de8fb713db4d1bdd6009.jpg,1356278,flower,real,3
val/1356278/a13e1d1b64144fc03b9405a3bfd3d098cee0f370.jpg,1356278,leaf,real,3
train/1356278/edbbf2d81b7b7d9f05197d0cb023aae8827ffdce.jpg,1356278,leaf,real,3
val/1356278/75c6749eec44d5b9063811657e9a32204bb233cd.jpg,1356278,leaf,real,3
val/1356278/4c9dd00281ccf0326e35b9e426a926cc33a9f590.jpg,1356278,flower,real,3
train/1356278/12e9b0f9cd85e8d4e43f80c7c59ea1559ed2b5f7.jpg,1356278,leaf,real,3
train/1356278/091bbe59ca5a2f5b787adf0adf81f6d0b897de03.jpg,1356278,flower,real,3
train/1356278/c3bc1a88a48fd79b978ca027ab88fd787dac6a49.jpg,1356278,flower,real,3
test/1356278/f1c4abaad828dde3c9c66b0c0f9d1c9ffeecaa48.jpg,1356278,flower,real,3
train/1356278/107ca80ab4c76a7cf2b9b88ae49eafb9a2b60c0a.jpg,1356278,flower,real,3
train/1356278/4916cb5f039a8ac0eca2f69c972a1eaef50678b9.jpg,1356278,leaf,real,3
train/1356278/64cc16403d342c5b3310867dae5921712a051466.jpg,1356278,leaf,real,3
train/1356278/578cbb144804c1edcf53dec6e44e68ed70635cbc.jpg,1356278,flower,real,3
train/1356278/fefb70bdd93802bf9b2a1a8a4f14c358ec26b491.jpg,1356278,flower,real,3
train/1356278/a1c853752d7aee63716510bd240b9c247d7ba49b.jpg,1356278,flower,real,3
train/1356278/4ed164dd153eb5e11933d5c865906d5b3f199a85.jpg,1356278,flower,real,3
train/1356278/8fc2afafe7759e68d104bc2e9aa0d1c0e7e5444e.jpg,1356278,flower,real,3
test/1356278/e1c25e03f109d9861fa4b182a7f8412329038ecc.jpg,1356278,flower,real,3
train/1356278/104026b249d0c3034ad6e369d30051336aacf34a.jpg,1356278,leaf,real,3
val/1356278/df33619a390899bfa87c1f4fec8861bc76aaad40.jpg,1356278,flower,real,3
train/1356278/475b11e12c521b3f5aee1e483bd2efdf73bf2e9f.jpg,1356278,leaf,real,3
train/1356278/3f662dcfc28af5bb5880d98454bbc91378cf154c.jpg,1356278,flower,real,3
train/1356278/4b2ef2c3eaad3e657f1778e4c615d721e3d14d5f.jpg,1356278,leaf,real,3
train/1356278/1ce9376d2ecd986a875016160ed59b1f5261d421.jpg,1356278,flower,real,3
val/1356278/4e9ba0488e1cd21dfc37180adef36e1c0d3899f9.jpg,1356278,leaf,real,3
val/1356278/003e826821de0f9bcfdfbffe48e5c9de4665fa07.jpg,1356278,flower,real,3
train/1356278/e75b08172249d9fe4fb0c13a09cbd15f16873aeb.jpg,1356278,flower,real,3
train/1356278/f2e20ef1b944eed0379d05f2f43fd3be80a75130.jpg,1356278,flower,real,3
train/1356278/870395faf78f3540a3dd42ddef6c3ed854116ae8.jpg,1356278,flower,real,3
val/1356278/3a299b12b1de8a72d4c051974eaad6488e813c21.jpg,1356278,flower,real,3
train/1356278/71b589a579fc12adef28566eeaafd699be481d89.jpg,1356278,flower,real,3
test/1356278/5be87ab1d315fc47e885a09e99eddc48aeba9433.jpg,1356278,leaf,real,3
train/1356278/85d72eeb06f16b454fe531cdc753b36e9957620a.jpg,1356278,flower,real,3
train/1356278/2b1febf87eec6da4ecc2233f141efe0dd98924ab.jpg,1356278,leaf,real,3
train/1356278/ba2f15c6cdbfba577ea54e3a6282949b953bcd93.jpg,1356278,flower,real,3
train/1356278/89bac6b81414e88cf6c5ebc02032e92dd21d5e2d.jpg,1356278,flower,real,3
val/1356278/882791b08d4b934e8787a833e0a2128092c26f9d.jpg,1356278,flower,real,3
train/1356278/3cac052bc1892ea2b63fdaafc7d03ff52e9307c0.jpg,1356278,flower,real,3
train/1356278/cb4e66a1e016d01f5dcdecce7eff770cd246ca07.jpg,1356278,flower,real,3
train/1356469/6cde339ed2478037b4099585f2c03be240f79d3f.jpg,1356469,leaf,real,4
train/1356469/d2634001bc4af9607584f82e4b578d8b429cb01b.jpg,1356469,leaf,real,4
train/1356469/70b3034964d1501e4484f40d1adf26d2e589373a.jpg,1356469,flower,real,4
train/1356469/aa1fc32f3f7df347c842c09b7865f4f7cab70cfc.jpg,1356469,flower,real,4
test/1356469/8f130a74c999acd0514c6dea5b1858363b2e8f24.jpg,1356469,flower,real,4
train/1356469/6647e15e432c87e4946190f908eb8c6658c37776.jpg,1356469,leaf,real,4
train/1356469/bf1bea3235dd45b38eecac62721015877c84bcf8.jpg,1356469,leaf,real,4
test/1356469/14e15df2c64771ac2ed8c775a101f1621a5d52bd.jpg,1356469,leaf,real,4
train/1356469/7dd8a1dbd5e9452c165e97c99dca57d3c5fbd1cb.jpg,1356469,leaf,real,4
train/1356469/e1703ce9387e616a0bf82b4632c49a2ff6fe59e0.jpg,1356469,flower,real,4
train/1356469/2dc051c21620872dfc0383e6bf36bad9193f2e75.jpg,1356469,flower,real,4
train/1356469/294c18c6d7062e8da1a95329e87222db1ea8c5a2.jpg,1356469,leaf,real,4
test/1356469/c6a0b2d3bd1d0afd4e6f0d665d7ff0164f068e29.jpg,1356469,leaf,real,4
train/1356469/8947272502c0cea4a3b14fcadd88d2d1d96eb048.jpg,1356469,flower,real,4
train/1356469/199f06701c40e9d8c9ab3d0d5006213b13bd5860.jpg,1356469,flower,real,4
train/1356469/39793b6789ea9edf8c9a8e09419c08d1b6363cc0.jpg,1356469,leaf,real,4
train/1356469/a6b54b7d333059fdb3dadda9f91a70325056c96a.jpg,1356469,leaf,real,4
val/1356469/034e9371dc683cd2defd4bd195240df1b252a247.jpg,1356469,flower,real,4
train/1356469/d9b6fa36839c52f8efc81ce1815340407adbb66a.jpg,1356469,leaf,real,4
train/1356469/6c634e9f5280c05175db2b52f8554f7b7a75d904.jpg,1356469,flower,real,4
train/1356469/17f1eba0dd165965eeac4561f76e202442a4796b.jpg,1356469,flower,real,4
train/1356469/badfedb426a15864819a7e9fd7e56735ac2cc033.jpg,1356469,leaf,real,4
val/1356469/77bf51310ff10a5d75b8ecaac6cf9546329a905e.jpg,1356469,flower,real,4
train/1356469/de2ee8674a496edc23ca7d9d7f24dad2f668d96d.jpg,1356469,flower,real,4
val/1356469/4927ddec43210dc8227cf6793fab96241603b9d7.jpg,1356469,flower,real,4
test/1356469/8c93a6218b19a1ae79cb2984a130db90fe6c2035.jpg,1356469,leaf,real,4
train/1356469/1e63059433fd4ae51f558ee1c70d370e10601a77.jpg,1356469,leaf,real,4
train/1356469/27c9a17a4c9ea715ad90065b4e52dc800d0bb5fe.jpg,1356469,flower,real,4
train/1356469/a4121e96658772d141699adb22057743eeff7260.jpg,1356469,leaf,real,4
val/1356469/3c27439d95a84d671fea966594a6c3f9c23a50ea.jpg,1356469,flower,real,4
train/1356469/38e920b112866ebaafa969ab5a954439239b3138.jpg,1356469,leaf,real,4
train/1356469/504acddb33261b88299e278edf4f69423e0f04f4.jpg,1356469,leaf,real,4
train/1356469/e3e76acceef5cecd2f9f790bbfe9668ae153fb0f.jpg,1356469,flower,real,4
train/1356469/6741bfdd6be7fbaa11922c1ee5b7989f914283ad.jpg,1356469,flower,real,4
train/1356469/2765a68de4b46f3b03696ad41f4a76a803d4a1dc.jpg,1356469,flower,real,4
train/1356469/3c31f9054ee661d561088fac78c34e1fbff3ec0d.jpg,1356469,flower,real,4
train/1356469/a76e1b3c41de3c866f172e1f1ffd18d68d4e640d.jpg,1356469,leaf,real,4
train/1356469/f476c9350328f2ab164e775c10b8bf994a3cc9e2.jpg,1356469,leaf,real,4
val/1356469/5d73bbcec375cfb50d41805e27b82a0d05769775.jpg,1356469,flower,real,4
train/1356469/f2a82d71392ce2396eb028d29a4b2d7d25d3b0e2.jpg,1356469,leaf,real,4
train/1356469/4f04c3c52cefc5fa3dc76748016b250b35202f62.jpg,1356469,flower,real,4
train/1356469/fda13aeeb3074725bd32707e1e11d70f007e74cb.jpg,1356469,leaf,real,4
val/1356469/472b96d8d654b16c94ffa9d2aad16b28c86d08b9.jpg,1356469,flower,real,4
train/1356469/06a968ff1248547339a6f7479a7012b43eb36ffc.jpg,1356469,leaf,real,4
train/1356469/33e5161b1a2848176999c9f18c92768c434f089d.jpg,1356469,flower,real,4
test/1356469/aa68e411d9d8288db9c8c8a68e6a32975a535741.jpg,1356469,flower,real,4
train/1356469/a90158cd2e23a7ae11d51f57341df57e2aff7f26.jpg,1356469,flower,real,4
train/1356469/d18aeacb49c627324d1d2774f8d2524be3819612.jpg,1356469,flower,real,4
train/1356469/4c5fe241c1eec0f5002c64ddf75fd639448ae3fa.jpg,1356469,flower,real,4
train/1356469/157cd6c0611d2352a78c22a5ea1652388f58262d.jpg,1356469,leaf,real,4
train/1356469/b00a445f8a1e3c00a3942fc7095163acd28341e9.jpg,1356469,leaf,real,4
test/1356469/aec07d20cbcf4424ea459238b0fc183d4a25c973.jpg,1356469,flower,real,4
train/1356469/bb93524d44827457e4483a56d6699741ccdf88c6.jpg,1356469,flower,real,4
train/1356469/1e83dd7b7e7773163b4035d299e6ec9ea7027483.jpg,1356469,flower,real,4
train/1356469/27415719b438946854ae3cfe8c349c536f717243.jpg,1356469,leaf,real,4
train/1356469/5f0aea3c7c2d5d07311dab54536c118793604666.jpg,1356469,leaf,real,4
train/1356901/c1e0adbd6a47329e8f76b2e49a1dada5b617d797.jpg,1356901,flower,real,5
train/1356901/9cdf0b24fa648d42ae6675891fb40c71ac0b34f8.jpg,1356901,flower,real,5
train/1356901/b41ef292d9c95222b2fd27eb26488e8316f36030.jpg,1356901,flower,real,5
train/1356901/933927d650f8a7e30d743c0dd37e99cb4627dbe4.jpg,1356901,leaf,real,5
train/1356901/3d7b04a39727680a053d33696f416343da22445a.jpg,1356901,leaf,real,5
val/1356901/1652fe57398ee297ddb65b2399a96f8963b1acc0.jpg,1356901,leaf,real,5
train/1356901/c486b973b5a9b6abfae18af054c5301188dfacbc.jpg,1356901,flower,real,5
train/1356901/21e95607a1de29fce5807963d5d4d814d9d6597e.jpg,1356901,flower,real,5
val/1356901/ad6f5a0f3b0a5d6f59daaea142110d4f009f7809.jpg,1356901,leaf,real,5
test/1356901/ecc508ce34ecf8b234e09ceff4deb2f17c55c5ad.jpg,1356901,flower,real,5
train/1356901/a9a83aa6f4990ade6e0d591ccf5301e1a91fb831.jpg,1356901,flower,real,5
test/1356901/ba7d1cf74dc559108261ffe911d474bedbf57e62.jpg,1356901,flower,real,5
train/1356901/0ee7ef6ae3d70783b409ea1b62da47dd9414ab96.jpg,1356901,leaf,real,5
train/1356901/7ebcc0484593e91ae62e1c4764f0148f7d723623.jpg,1356901,leaf,real,5
train/1356901/91d23d4c4104ef2cf3f49df95b238457aca08bc9.jpg,1356901,flower,real,5
train/1356901/f9dd4819b1f1502ce7f505def080f46b14434ed6.jpg,1356901,leaf,real,5
train/1356901/06c7dbfc88e74ca9d45dbf04011cb033d569e741.jpg,1356901,flower,real,5
train/1356901/316b1bfac81f44647c4ca3d010055d70f5864e07.jpg,1356901,leaf,real,5
train/1356901/20ac1be9231d9e8ded46c280df9aab8a4a9365f2.jpg,1356901,leaf,real,5
train/1356901/c06d0e5cabe609b831a187d4e55198c59076aacd.jpg,1356901,leaf,real,5
train/1356901/75acee85e91d5e646134203bf35d2a368ddfb2a7.jpg,1356901,leaf,real,5
train/1356901/e6abc43a69cc516bd28351d56c22160b1d6022d2.jpg,1356901,flower,real,5
train/1356901/baa5f480c66b9b4705a523af29065f7ec144b73c.jpg,1356901,flower,real,5
test/1356901/d91c9507e979aacd95c3e727c4e9c1b5c603b432.jpg,1356901,flower,real,5
train/1356901/a032b5c5b6a4263fb83747b65a7fbde32d5f1ca6.jpg,1356901,leaf,real,5
train/1356901/56b13a9021a3667b93f8bfacd91410571bbf8748.jpg,1356901,flower,real,5
train/1356901/2a9dec8b21ec5e97aed2318ccf4de0f8ea6973b2.jpg,1356901,flower,real,5
train/1356901/db8943846a3abc663961b328d68487069697b1df.jpg,1356901,leaf,real,5
train/1356901/c21791aa259543e250e0893f80cbcd76ab72f09b.jpg,1356901,flower,real,5
val/1356901/bece8807bebc074b87596f3614d76f2d2760f220.jpg,1356901,flower,real,5
train/1356901/75ee82f4181cfae20405b9e883d84d52c7d4fdfd.jpg,1356901,leaf,real,5
train/1356901/dfd4941b3cbd9fa793298d0c0ac183f6c8eacf6e.jpg,1356901,leaf,real,5
train/1356901/d55ce046bdc8a4856b30d0c6e8eda2628375ff23.jpg,1356901,flower,real,5
val/1356901/24a3668c8223015bb5f71bf51ee826dea05a95a0.jpg,1356901,flower,real,5
train/1356901/05c9b5edaf87b0c7538b804f575172ec1ff1be50.jpg,1356901,flower,real,5
train/1356901/eface49012bf54d381e17f0a84f200f52a4a2450.jpg,1356901,flower,real,5
train/1356901/72ce3e11ef6e7828d669fb49d062bbbf6d37d04c.jpg,1356901,leaf,real,5
train/1356901/267366d63e3ae64023befe28fe0011b73ebeca99.jpg,1356901,flower,real,5
train/1356901/7b47e566bd8435b319d643a85fd0919975195871.jpg,1356901,flower,real,5
test/1356901/e7c6d3cef13536d012cd6f670eb42ac6ca4cb487.jpg,1356901,leaf,real,5
train/1356901/2c3614b648960a764e85799b8a2b47775807c54c.jpg,1356901,leaf,real,5
train/1356901/76d79a28b6aa3ed92fa123cf6da46f6fcd45b216.jpg,1356901,flower,real,5
train/1356901/cc4465f55f84770413fd3572ad34edee45bba3ef.jpg,1356901,leaf,real,5
train/1356901/d0fa1b381e6c389725b8549f032cc40d9d353fea.jpg,1356901,flower,real,5
train/1356901/f6e34bdb1c6f61a72cab797136346d36c53453a0.jpg,1356901,leaf,real,5
val/1356901/c291ad7a768496b9df3094c8bc0df05fa4baac2f.jpg,1356901,flower,real,5
train/1356901/1df832a6146a1ee0f8b036d46d54a3860f36e103.jpg,1356901,leaf,real,5
train/1356901/87db6df1888a4c9cac97e1c1e3900ccd4f3668e4.jpg,1356901,flower,real,5
train/1356901/5daf676d109d01eeed3be671b33b9c227b29a97a.jpg,1356901,flower,real,5
test/1356901/20be60a0cddf057ec7a1885c5262f7a671e1631f.jpg,1356901,leaf,real,5
train/1356901/54837a2f250ecdf0eae7ece36866a285f2f5ed1d.jpg,1356901,flower,real,5
train/1356901/6d2fbb845f35df54f47bd679332d1575451d5440.jpg,1356901,flower,real,5
val/1356901/0acc103256f04b271f9f8fe62186bd5308cefe6a.jpg,1356901,flower,real,5
train/1356901/233094885558fe2b77c260fcbb1dfd5db3407c84.jpg,1356901,flower,real,5
train/1356901/378919750db2e8bac04feca3b3221e98c77cb1b0.jpg,1356901,leaf,real,5
test/1356901/50f50e0314b1e5d29e92a01978e4d94df21ddc58.jpg,1356901,leaf,real,5
train/1356901/8cd773345e12d117920b7e7cf377e77296da0dce.jpg,1356901,leaf,real,5
train/1356901/4fa2f7fec1dc00e774aa907173302f894fd56904.jpg,1356901,leaf,real,5
test/1356901/4a5ae95c1dcf0cf4d1870e10ac0c0228b93f3cb5.jpg,1356901,leaf,real,5
val/1356901/2a013875be8712f4d8b9395bf6c5776bea3bbc79.jpg,1356901,leaf,real,5
train/1356901/5068aaeb1a2695747d2de3305170d604c6515f57.jpg,1356901,leaf,real,5
train/1356901/29c237130e0b927efb676d136b6fe90e575a130d.jpg,1356901,leaf,real,5
train/1357331/a6c3e987f6e0852c05891a93934320220ba73a50.jpg,1357331,flower,real,6
train/1357331/4c264c5e27b6feeb596ccd84d83ad4af47d6631a.jpg,1357331,flower,real,6
train/1357331/8f343424545d15356148c7c94f44463563f61766.jpg,1357331,flower,real,6
train/1357331/399ef3ad65f32ae0a1a39c1542d08ecff53e6b3d.jpg,1357331,flower,real,6
val/1357331/d9a4ecda53cd3ca925c759300ee7ea9611a26ecf.jpg,1357331,leaf,real,6
train/1357331/d853fcf437efa22f5af4c25486306420cc800c39.jpg,1357331,flower,real,6
train/1357331/ded1e28a31bfa324b44968239c4bd511a9e23bf9.jpg,1357331,flower,real,6
test/1357331/fb7877546cf0f553894488d5e3a8e7e4fa3641f1.jpg,1357331,flower,real,6
train/1357331/794fb96d3bfae47e8797ec5e9ea76c28ef474e87.jpg,1357331,flower,real,6
train/1357331/d6e4a7f54b2edbb24017f5272509c779d9ae61ed.jpg,1357331,flower,real,6
test/1357331/4289f7eff753b75d0ebeea6f6cafbcbf512dfc08.jpg,1357331,flower,real,6
val/1357331/175af148c663cb01f3823e8f10b665d15cbb5df5.jpg,1357331,flower,real,6
train/1357331/8e89d16be056675212fdf747386db4707f8a2ac0.jpg,1357331,flower,real,6
train/1357331/92186e3621dcf3fe5408bd8e79ed6bf964ed3c25.jpg,1357331,flower,real,6
train/1357331/ab683c8630fe3a161b39dd586194269f345be22f.jpg,1357331,leaf,real,6
train/1357331/6ee4ed4acca3910c91d658956d67b1b3f725b4fb.jpg,1357331,flower,real,6
train/1357331/6ebe794b02e95a36447be296fa0e4a751aad678d.jpg,1357331,flower,real,6
train/1357331/49ce5d657be6de61075197008c798f17042f0b17.jpg,1357331,flower,real,6
train/1357331/053c7e068f06240e2241d753f92c9d82319f19ff.jpg,1357331,flower,real,6
val/1357331/dcf8699a86d35247c105c7a4a1f6c8161c11bc11.jpg,1357331,flower,real,6
train/1357331/8f8c988878f2e77364e91444186a470038cc7c1a.jpg,1357331,flower,real,6
val/1357331/dea1afa82912a44aa6e9438f63412dc892d4f3ca.jpg,1357331,flower,real,6
train/1357331/a03bc3a397487bf6597773fe382c098f3067492d.jpg,1357331,flower,real,6
train/1357331/785b77fa4cfb743ff53f6b15607b2b22391853fc.jpg,1357331,leaf,real,6
train/1357331/3b55d4d5443a5719ff077b75254bbf94202238c8.jpg,1357331,flower,real,6
train/1357331/d2fe3be780958982152228e62fd352fc3a21b9da.jpg,1357331,leaf,real,6
train/1357331/fb92a8b71421400ab55c7fd75ea37ae5a7609d14.jpg,1357331,flower,real,6
train/1357331/002bd939d435686fe1db4f43fa2e88b9cb500356.jpg,1357331,leaf,real,6
train/1357331/7796ab74dc5cc6aef8b6edbbf5e4ddb3e45a7934.jpg,1357331,flower,real,6
train/1357331/7441db8dc9f8fe0b7eac2762d7cecd4de9a78da4.jpg,1357331,flower,real,6
train/1357331/b4bb2b04835d53a0217424bbf0750fcb72e82050.jpg,1357331,flower,real,6
train/1357331/ec267edd10a6a952659f0020122767e9d3439ab8.jpg,1357331,flower,real,6
train/1357331/88e97032e360c1fdc8d2a4e16388d8f61f289fc5.jpg,1357331,flower,real,6
train/1357331/a5b212e73073212100448e380ec84119cbffc3f7.jpg,1357331,flower,real,6
test/1357331/971a6533a8b07184109d36df2df68d8d776941c1.jpg,1357331,flower,real,6
train/1357331/21263513317cd8cac86cffa47934c89caf1c0bf7.jpg,1357331,flower,real,6
train/1357331/94052111a700fea061a69a0d456cc7003db5e3a8.jpg,1357331,flower,real,6
test/1357331/b56c6b7a0be7f259406e69cb6ff2805c10a143f3.jpg,1357331,flower,real,6
train/1357331/0da36686371fa1780052c130961f41ff0f008025.jpg,1357331,flower,real,6
train/1357331/ba8eb5f4fe1e72d511618dd79f62955c17cab0a2.jpg,1357331,flower,real,6
train/1357331/f06a71944e473c372391d75fc93e9a7a79964d32.jpg,1357331,leaf,real,6
train/1357331/93a5e2b97d00ea4c30ff01bb29496d80623812ce.jpg,1357331,flower,real,6
val/1357331/3aa65594c01cf3a743162c9dbaf50b2ce4685b84.jpg,1357331,flower,real,6
train/1357331/bd3861104d3ba3251e27a3db54d229943e645ec1.jpg,1357331,flower,real,6
train/1357331/c8d8148ccac9278b0e1042a63a9f6b8b4a88f7de.jpg,1357331,leaf,real,6
train/1357331/e0c7233d2b0b7b4543ab447d1e2795d8ad786267.jpg,1357331,flower,real,6
train/1357331/bdb6cea5238960c1de791139bc847f14afb51d39.jpg,1357331,flower,real,6
train/1357331/86f6cb5a168d56eb1384efe4f9d59004e7ec6510.jpg,1357331,flower,real,6
train/1357331/78d904e61a39fad424200cb03fc7a672d7b7ab53.jpg,1357331,flower,real,6
train/1357331/e466a597e1eaefa8d0bbeb6c2f6a4ff884ff68c7.jpg,1357331,flower,real,6
train/1357331/d7f79244b40bb40362a4ffc45af8d15ff300fce7.jpg,1357331,flower,real,6
train/1357331/80c15cf920f444e48cd974633618eb3cc19af0d5.jpg,1357331,flower,real,6
val/1357331/fe9725f413700e550f93e0e918aef74d7b9d5a44.jpg,1357331,flower,real,6
train/1357331/03d47b469bc049a88bbbaa146f5875d36eb2fc56.jpg,1357331,flower,real,6
train/1357331/446a19b86e77a9c8263138118fd121eeaacdec87.jpg,1357331,leaf,real,6
train/1357331/e57c3b71e3dfbf804eaca03a413be36663ff0ebc.jpg,1357331,flower,real,6
train/1357331/dbe4285077c46db151269cecc10e030af92e817c.jpg,1357331,flower,real,6
train/1357331/d6d0ac36c457cbc36345e2cafd282d528485fa44.jpg,1357331,flower,real,6
train/1357331/06eb9eca1537e481f1b511dca11aa5b8212ff5d4.jpg,1357331,flower,real,6
train/1357506/4e957869dc74c23d33e351af833d5c2d637c0c17.jpg,1357506,flower,real,7
train/1357506/47f5b18a23ef187d497f8ddcf3694cb5a37d1bd8.jpg,1357506,flower,real,7
train/1357506/ac4ca3780474947399f85f0b85b4a5b87dc899c1.jpg,1357506,flower,real,7
val/1357506/45e2622cc4e1d9af547732ec529d7f799c8f7640.jpg,1357506,leaf,real,7
train/1357506/84452b6629230e0512392368136a9cd72a449fa8.jpg,1357506,leaf,real,7
train/1357506/05ab0ea33882482696d95ad0b17a180f582e9aa4.jpg,1357506,flower,real,7
test/1357506/079505eb36309946c2bb3ba6c43f2f71fa714c6c.jpg,1357506,leaf,real,7
train/1357506/d0885f4e7685572380164016be7031e5fe5e7e90.jpg,1357506,flower,real,7
train/1357506/d98bd5fbbd9e9281925b33f774c852eb551b85cc.jpg,1357506,flower,real,7
train/1357506/9a3f36c4ac5eee9aaf150016302fbc31d0a3e0a1.jpg,1357506,flower,real,7
train/1357506/e378dec1dee6775a6ee9e00fd19382335b8eebe4.jpg,1357506,flower,real,7
test/1357506/08d8e20242a6c67d6c5c9fb435aceaca5ad4070e.jpg,1357506,flower,real,7
train/1357506/ff0f007ed5a740ac5e9ae1212cb0d2e6329e4041.jpg,1357506,leaf,real,7
train/1357506/ceac5a65bd379e91b1c0a14d145e3682a926b824.jpg,1357506,leaf,real,7
train/1357506/728a99a4d7c145773154780de8daded938925b46.jpg,1357506,flower,real,7
val/1357506/0d9e1b036f4e51737c686dc314b52252247db5ee.jpg,1357506,flower,real,7
train/1357506/58314b1d4f71e5a9ba9cfd74ed15d1c346ad520d.jpg,1357506,leaf,real,7
val/1357506/68dc13861dcd92d15cfc50dcd3d720a20072b269.jpg,1357506,flower,real,7
train/1357506/f291816b30ed95fb46b595d7ecf64b95d02b99f2.jpg,1357506,leaf,real,7
train/1357506/43af39935241d8a4fb0ac3a3ba3af222eb6f69a8.jpg,1357506,flower,real,7
train/1357506/db9e8dc640fafaf72c1169dc31dfc9e36140e763.jpg,1357506,leaf,real,7
train/1357506/f11fd8e87de0bcf62741e767ccf9dc285ea7f15a.jpg,1357506,flower,real,7
train/1357506/2a210377411ec7a9d125bc4c9ae32d1e52954ae7.jpg,1357506,leaf,real,7
train/1357506/c85cb88371d21d33014655c040cbee25a14be1ac.jpg,1357506,leaf,real,7
train/1357506/26100b588d294975a0ea9d2e08925e3bfb00dcf0.jpg,1357506,flower,real,7
train/1357506/43ec1cd9c4c5431d520c6546b904bd80078b3583.jpg,1357506,flower,real,7
val/1357506/95f7be7ae57b82d902a1fcfe6561d2c9a99d0592.jpg,1357506,flower,real,7
test/1357506/60e549ed29e31244578bf67426a09f53e0588edc.jpg,1357506,flower,real,7
train/1357506/b4f38647d35a1efe904274e14d5d23853f1a020d.jpg,1357506,leaf,real,7
train/1357506/4063fd4d5a110cae1612ee6893ee8080626b5158.jpg,1357506,leaf,real,7
train/1357506/a26a2d44c0b14225867a333d884adde8b4dfed5a.jpg,1357506,leaf,real,7
train/1357506/ef661de1577ad18f60aa61f9579953d4fa6db7f0.jpg,1357506,flower,real,7
train/1357506/601bef4493568c164c4c510efff1598f927db527.jpg,1357506,flower,real,7
test/1357506/cb81054e426a9abe1a710c90e91ba922fdf76556.jpg,1357506,flower,real,7
train/1357506/1a237226dbd333cad1d237a16efdb63f37fef27a.jpg,1357506,flower,real,7
train/1357506/6825305b4a85595b735422579d1907263fd75f43.jpg,1357506,flower,real,7
train/1357506/24a7efc8f45e620f170c3126372b35b9e7c90fcc.jpg,1357506,flower,real,7
train/1357506/263ffda2c903d260c95ec1dd01ac07f30d7bb0bd.jpg,1357506,leaf,real,7
test/1357506/bbba2574702a5f330635bd0570a84d4024fbc39c.jpg,1357506,flower,real,7
train/1357506/a4dc74e9478c870a8e7e14a801c06e2ab83215f3.jpg,1357506,flower,real,7
train/1357506/dd78543d95f8e791a3425cf7dcaf6b1ea6a36221.jpg,1357506,flower,real,7
train/1357506/0de5ce35cf654ed76ed9e8c3ac8f134497459ea0.jpg,1357506,flower,real,7
train/1357506/0e3388c8ce7b5fdaa7629345d2177eaf3ebc3501.jpg,1357506,flower,real,7
train/1357506/f81ab8febe945db421cbf6a5b4e88b8a5f333671.jpg,1357506,flower,real,7
train/1357506/ddf98cf98cf408064c4832c8ae6bcef6475eb22e.jpg,1357506,leaf,real,7
train/1357506/4d55427515006078bce25ce9c5c641d3e91efa05.jpg,1357506,leaf,real,7
val/1357506/577418bff2819a71af8be917b449622ef5361c8d.jpg,1357506,leaf,real,7
train/1357506/f12d87243ad7f232590b62494c6cf6ea38e90824.jpg,1357506,leaf,real,7
train/1357506/398b6fed24213cb16e6fcd21a1a4bf114646ceec.jpg,1357506,flower,real,7
train/1357506/e15fbb242dd5c7bb4154216efcf628ec8aef3a4e.jpg,1357506,leaf,real,7
train/1357506/7f02989e9cbfda76fa5d552fe03c2d2308195e77.jpg,1357506,flower,real,7
train/1357506/1ee63824a0701b0994d6aa2b1d8b3c8e9632e626.jpg,1357506,leaf,real,7
train/1357506/b3dc4d71d2ff9c1c8baa0c0bda93ba6624c42b5e.jpg,1357506,leaf,real,7
train/1357506/6d25d41390065214488342c1dc66f2e5d30ec3ea.jpg,1357506,flower,real,7
train/1357506/969c1355a18d803745dba77bf656eb0a7c36ebde.jpg,1357506,flower,real,7
val/1357506/7905c9c72239001422877284ac9f2d5a99380aba.jpg,1357506,leaf,real,7
train/1357506/70593a2675f9c3b7d155401fa13a6de49444cd0d.jpg,1357506,leaf,real,7
train/1357506/5742f9579836b4fd7d414efadd32e4aab90e6942.jpg,1357506,flower,real,7
train/1357506/68489d655788478c10ee9e56c38277759c58d2ee.jpg,1357506,leaf,real,7
train/1357506/339dd3d75992e651e3058253b51009a059a92ee8.jpg,1357506,flower,real,7
train/1357506/723de45071a0fa30100490745cf20da814537ca9.jpg,1357506,leaf,real,7
train/1357506/4c81b71bcff1f5df967819d58e9708a486e0b583.jpg,1357506,leaf,real,7
train/1357506/d57e174a4da304d6ed84dfa35cf6964f739b0be5.jpg,1357506,flower,real,7
test/1357652/ba7f226b1e6fd33b6750ca7e8022c65411055ade.jpg,1357652,flower,real,8
train/1357652/14fc016f0a328a3cb6f173d35e7f43bae5ba6155.jpg,1357652,flower,real,8
train/1357652/685106906e496f761729629e960b296e7796f069.jpg,1357652,leaf,real,8
train/1357652/b7bfa52687326cf97293d11a846b742498a6ddf0.jpg,1357652,flower,real,8
train/1357652/03c28c3ba79dc04cf008bc9de74666108095053a.jpg,1357652,flower,real,8
test/1357652/386a8ab93405b9fd7912bfa5f0f2dc72f4553713.jpg,1357652,flower,real,8
val/1357652/6719d766a206701a0ee7aac5fb699e3aca0f2717.jpg,1357652,flower,real,8
train/1357652/523a0ece8b1a4d5f4cada980137d6f02e1bb73f3.jpg,1357652,flower,real,8
train/1357652/7a3f9d272865a604fa605b12d5b6fb9382a98788.jpg,1357652,leaf,real,8
train/1357652/b9466ac90cd69b7e08361d426882af4df41bf270.jpg,1357652,flower,real,8
train/1357652/87480ff9b798e6ae48a916b320b92d73c6c763fa.jpg,1357652,flower,real,8
train/1357652/8640ad76ad3542d6947bbf5d8254fb5af3a79766.jpg,1357652,leaf,real,8
test/1357652/24e5d8e296e5361387240c6b7113bad170ee3af8.jpg,1357652,leaf,real,8
train/1357652/9c590d3202cb31214c0f9be73e41c00c650218cf.jpg,1357652,flower,real,8
train/1357652/3d7168a23e097b8c88829757fafc275c28fceba0.jpg,1357652,leaf,real,8
test/1357652/5d9a0e36a73aa87c9fcaca9782c0a7e81dd75889.jpg,1357652,flower,real,8
train/1357652/ce390eec27a80e9af199478ddbb87df24dcd6ce2.jpg,1357652,flower,real,8
train/1357652/3f45a35055c56cf396394b9936980574119a8772.jpg,1357652,leaf,real,8
train/1357652/23fef560c2179a163721e4c631b0f07cb5cc43eb.jpg,1357652,leaf,real,8
train/1357652/b6e179508b6cd784c957cb6184a67422531c5f8a.jpg,1357652,flower,real,8
train/1357652/6bf4eb00c9a7a9a8d9b889c4ddd77715faf1c087.jpg,1357652,flower,real,8
train/1357652/f0ad97fe29806d55d4e13471925eb66de3fbe9ab.jpg,1357652,leaf,real,8
train/1357652/63b52c7820b1f411da7d9e4f33e1792bc831a3eb.jpg,1357652,flower,real,8
val/1357652/51bdf6b8669ce1a7e0f5aeec59fac0765179c027.jpg,1357652,flower,real,8
train/1357652/9805398d5e770ffbd7d426fd85ef3b355c3bdfe3.jpg,1357652,flower,real,8
train/1357652/dfb0b12dcab67e301f38a364ef4505a1599bfe68.jpg,1357652,leaf,real,8
val/1357652/9e06fc9f9fbe4ba589fb5389a24591a413d8576d.jpg,1357652,leaf,real,8
train/1357652/3dfa0feba87832ddbf59b8481faa83c49a9e1011.jpg,1357652,leaf,real,8
train/1357652/6998099860ca51e8204f331c0217113bee022800.jpg,1357652,leaf,real,8
train/1357652/662e975af30212333e0431055a1e6a5ffc309425.jpg,1357652,leaf,real,8
train/1357652/aaccdc9429e5618144652eaebf7d0a7b74b0b4ee.jpg,1357652,leaf,real,8
val/1357652/d3ed306762dd73530790f6eacc9f49eda76ae0b8.jpg,1357652,leaf,real,8
train/1357652/7d65e74e24fa0906ee1c94cf6d4fd3b31e298d57.jpg,1357652,leaf,real,8
train/1357652/0021e3ea34130fbcddec185f0c41bda485275716.jpg,1357652,leaf,real,8
val/1357652/9654ee6fc6d543f4c5820a698fbb0a39999b0256.jpg,1357652,leaf,real,8
train/1357652/c4f8512de7babc7f3fa75c324c52fd5f4c1da469.jpg,1357652,flower,real,8
test/1357652/1d81af11a14d7641443a7e122ae8f7764bd7ede5.jpg,1357652,flower,real,8
train/1357652/6716297b31fe11917705584e3b8a8480879bae39.jpg,1357652,flower,real,8
train/1357652/fa35f4172d7ac81e6b24632e8ce49a6c3db0b94b.jpg,1357652,flower,real,8
train/1357652/b76131d261a282e04824175e371dab6c9c2f4138.jpg,1357652,leaf,real,8
train/1357652/7e7f8887b292563c606f92fe70164329f4928603.jpg,1357652,leaf,real,8
train/1357652/a9bfdcf287e412460db88d98fe914d617a210c21.jpg,1357652,flower,real,8
train/1357652/00d51be7be692e1eeeb40e290e9c3abfb62d05a0.jpg,1357652,flower,real,8
train/1357652/4eac535120387fece523c3e262e3100feeacd2c4.jpg,1357652,flower,real,8
train/1357652/10f6b341e03a5f8c57256cf7ea8099db5bc60c8b.jpg,1357652,leaf,real,8
train/1357652/3b41ac3903be8b0e09ad78ee70fb1fe61135b70d.jpg,1357652,leaf,real,8
train/1357652/032ec7a799252a5560324474a00e9636656bd9d3.jpg,1357652,flower,real,8
train/1357652/bb1f057b8e6b9744fdcdef72d389561c1857f94b.jpg,1357652,flower,real,8
train/1357652/8ac6d97b49c40145f5bf8d23aba44b02ff512ea2.jpg,1357652,leaf,real,8
val/1357652/5fe9e50804bd5b07c0eee7e77b3fb5bae6ade2df.jpg,1357652,flower,real,8
train/1357652/a064827872e15b5bb2fc86cd2b79843968cd6803.jpg,1357652,flower,real,8
train/1357652/af47e0f9973688295357e739fd0b57f08d559d27.jpg,1357652,leaf,real,8
train/1357652/dbaffa20865bcd9de896dcfd9a5dae3eb3eef2c2.jpg,1357652,leaf,real,8
train/1357652/80a3780c42576287240789e2e7bc7bbfc2923e7e.jpg,1357652,flower,real,8
train/1357652/a9efa377b4bc7aae260029d4064bdef0b23a9044.jpg,1357652,flower,real,8
val/1357652/0f5bf548405df7c66b6f479ffabe9fa2e77862ae.jpg,1357652,leaf,real,8
train/1357652/50eb71d2ab17d99b77357275612392abdcf65d17.jpg,1357652,leaf,real,8
val/1357652/d4eeecec9d7751ae8c7d2712638a67b5f8365f52.jpg,1357652,leaf,real,8
train/1357652/d776630d8fb5f351f2ae9907d4194fdd21e5af3b.jpg,1357652,flower,real,8
test/1357652/0e2cb959ec05b10e78466504ad793b4d5f81994f.jpg,1357652,leaf,real,8
val/1357652/2614e85617d9e359998971c67aa9746657da6a36.jpg,1357652,leaf,real,8
train/1357652/6f4b06f7ec67a648e7dd62219bc940a011b7888c.jpg,1357652,flower,real,8
train/1357652/f8e8ea0268306e0540fc1b1227421f62f2d8276e.jpg,1357652,leaf,real,8
train/1357652/d681e2cb9ac1ce944af4b0a260d89523810a38ca.jpg,1357652,leaf,real,8
train/1357652/cb0f0180e621f5c7d8e2408fc69bdaaefbab2aef.jpg,1357652,flower,real,8
val/1357652/f613722ca6ba4a3660d83558d592970bac7c9549.jpg,1357652,flower,real,8
train/1357652/e2210d3e8263c4593a908645f719ac5d2343a654.jpg,1357652,leaf,real,8
val/1357652/320d7bb733f6d528661be7c49875256078d81353.jpg,1357652,leaf,real,8
train/1357652/28f9ef80967b863ed8041d15fb373782a6e86aba.jpg,1357652,flower,real,8
train/1357652/cffc15b1895aeb435f2b1a36f882735114871100.jpg,1357652,leaf,real,8
train/1357652/afd8922502cb27afc5893d72d4ee4b6e17ff38b4.jpg,1357652,flower,real,8
test/1357652/558b3146e1cc6479d6da058d24254fdeb8f02764.jpg,1357652,leaf,real,8
train/1357652/593a70410d32dbd68b52ba11e3856b0043e8d7e5.jpg,1357652,flower,real,8
train/1357652/603c82e8956a27689961b2c5639adf4a57c8e5b2.jpg,1357652,leaf,real,8
train/1357652/68acd89cae9d7c29d7c6c92a7c8b62935cdde81e.jpg,1357652,flower,real,8
train/1357652/b9a0c51ab32ce5bdb0ccf187007a87f2dbd9ceed.jpg,1357652,flower,real,8
test/1357652/17b4a1546d1af5318f70418b2e7e903900b9344e.jpg,1357652,leaf,real,8
train/1357652/3a2c42fc175be9ad05596d9439603f46c9751d71.jpg,1357652,leaf,real,8
test/1357652/4def903425f8c30b8f2adee160b90d4e867ce409.jpg,1357652,leaf,real,8
train/1357652/4ad079992c8af724cdc21e49d9672010e70893bc.jpg,1357652,flower,real,8
train/1357652/298bb2c4b7156eb5075fc997d9eca2d02e217f01.jpg,1357652,flower,real,8
train/1357652/e131b82e3dbd355fe004a0297d0a0de1db32f621.jpg,1357652,flower,real,8
train/1357652/81c7c35d6e8c08f63b4377b521eb2324c14a06e1.jpg,1357652,leaf,real,8
train/1357652/afcf08b5af3308cacf6a4a9ebde82c19c39c61b7.jpg,1357652,leaf,real,8
train/1357652/e487ff40f32ec164deb47acca0481d438d717b08.jpg,1357652,leaf,real,8
test/1357652/8528bf9de63fe2c5161a9562ee2fac0a20d05c99.jpg,1357652,leaf,real,8
train/1357652/3ae1e0fd9a0a3ae69f5244ed2f7c6baa47d8ee18.jpg,1357652,flower,real,8
train/1357652/f53a37d797224a12a83ca2281d7fd124b1ce5090.jpg,1357652,leaf,real,8
train/1357652/1bad63ed2680b147571becccfb188b640858a467.jpg,1357652,leaf,real,8
train/1357652/75028c87646ddd623cbe4f28477c09b82a969a65.jpg,1357652,flower,real,8
train/1357652/61c845fad4d50d0c8293cf7fcc6da826008674aa.jpg,1357652,leaf,real,8
train/1357652/6125ad4d805b77e11d12981cd7dc09e2b5100b62.jpg,1357652,leaf,real,8
train/1357681/c008f4a0ac7065e391ce549773779bd4f1f2cb33.jpg,1357681,leaf,real,9
train/1357681/3e8fc393d832077cee52b7c4281069ffa391c384.jpg,1357681,leaf,real,9
val/1357681/f7bd1169c9fc95a2475d1458437d0cd411bef132.jpg,1357681,leaf,real,9
val/1357681/e5c200057a2f7f40604675feab4284121aa88610.jpg,1357681,flower,real,9
train/1357681/f0bec2e4122c03a77fb421504fc3215a965c650c.jpg,1357681,flower,real,9
train/1357681/daf4b99cbac6232a81ada32adcc822e9779d2d56.jpg,1357681,leaf,real,9
train/1357681/05658d527d8520f1e7aa66ab3583060c611b313b.jpg,1357681,leaf,real,9
train/1357681/d4957dcbb67f564bba317a8871ae80e6c63fb530.jpg,1357681,leaf,real,9
val/1357681/ff8e7b09c3aa847a52e7c24e4fa2d46e55350847.jpg,1357681,leaf,real,9
test/1357681/d8583171ed0104da56d03b5d45333de451e7a169.jpg,1357681,leaf,real,9
train/1357681/c5c8d4ee024828010874123820726e8f8c56bb79.jpg,1357681,leaf,real,9
train/1357681/b11027a470ffab4d32eae1764c0a1cd2f0311463.jpg,1357681,flower,real,9
train/1357681/e01925e1a606eb2998a98edc383909bd1cdca9c0.jpg,1357681,flower,real,9
train/1357681/7c04ada42625062c8acbef266c9bd3c8fc63ae89.jpg,1357681,leaf,real,9
test/1357681/385111f73f5aa9d5a3feebf9e2101b4aa6537d2a.jpg,1357681,leaf,real,9
train/1357681/f6564980210f34ba9fdafc07bfd472700fd5d7c3.jpg,1357681,flower,real,9
val/1357681/84d2543eef6dafae30346b39d3877b818a532750.jpg,1357681,flower,real,9
train/1357681/a914b2eb6ee2694b93eef510b85e62c3e4278fd8.jpg,1357681,leaf,real,9
train/1357681/ee681b6b0617e3ce6e042513bb60059fd53a4b2c.jpg,1357681,leaf,real,9
train/1357681/2c94e53a489316f1520c931d9ec9f6fb18c2d205.jpg,1357681,leaf,real,9
train/1357681/21f645413951919bd2cd17e84d754b00b05e1f8c.jpg,1357681,flower,real,9
train/1358096/2f8908a177b767bbf2991127f21e0bc190545671.jpg,1358096,leaf,real,10
test/1358096/9b45ce1f1b2f3b6a537a80dcfc3e4798208787c9.jpg,1358096,leaf,real,10
train/1358096/3e79b872797a9cde898ca1e5f461e08f163037be.jpg,1358096,flower,real,10
train/1358096/b3bbacdf8defa20d3bd28f4d02a2b01dd2bf04b5.jpg,1358096,flower,real,10
val/1358096/3537aafea6a9adbe754135a64f27cb25e47bc545.jpg,1358096,flower,real,10
train/1358096/6be9e207b21d02c4fa48ccac458d131bbc1d2214.jpg,1358096,flower,real,10
train/1358096/a38e93019c25a959252951aea212779d92f7e0f6.jpg,1358096,flower,real,10
train/1358096/235982fec632d6f8e385811298b13d0e58cc1d53.jpg,1358096,flower,real,10
train/1358096/80d50aa2863f5eee14f1375597f2d307c911e7c1.jpg,1358096,flower,real,10
train/1358096/4caa507105aa9c5fecb78aa9e4020101e212df18.jpg,1358096,flower,real,10
train/1358096/f87f79fc1a672a46a69f61abdd062d44c04744d2.jpg,1358096,leaf,real,10
train/1358096/f5fb1c101f34ef0553b97b61c75917a4c144c81a.jpg,1358096,leaf,real,10
train/1358096/e1575f1d82efdd3544a6881fa474080d139d27f9.jpg,1358096,flower,real,10
train/1358096/20f687fc407fc5dee9a7fd686e6852189cb0fbec.jpg,1358096,leaf,real,10
train/1358096/c23054c39adc7ff33cb8ebb29522f63554fd90b8.jpg,1358096,flower,real,10
train/1358096/16462bee69f92a669c0df61421c0bbe4c2f1ce3f.jpg,1358096,flower,real,10
val/1358096/8f97730456f8c25cb9600e2f84158b8672a432bd.jpg,1358096,flower,real,10
train/1358096/505d22b3ed6d15f9a52621786734cfdc87f66669.jpg,1358096,flower,real,10
train/1358096/b6cb67d05e10c0217fe1ddf070325086be3d806f.jpg,1358096,flower,real,10
train/1358096/fdda417de1aab9c8a793b3daaead1896eab643f6.jpg,1358096,leaf,real,10
test/1358097/24f98a6096120d9d4903f365688cec17fa1b9366.jpg,1358097,leaf,real,11
train/1358097/a8d6302a817992f18ca5492a8bf554f7f057f88e.jpg,1358097,flower,real,11
train/1358097/3500da6c85b2a564553352e0e25a60365a774d6c.jpg,1358097,leaf,real,11
train/1358097/e95098c0ed6b5f8d7ea753066e057ae68c29546c.jpg,1358097,flower,real,11
val/1358097/35390a8dd17460008cfb529873333ace67d4b6f2.jpg,1358097,leaf,real,11
test/1358097/41cb1da5867071c514dce1bf89951e53e556f430.jpg,1358097,flower,real,11
train/1358097/4ee9b1cf069c26dc3c3980d330e3ed7f8fc2fa4f.jpg,1358097,leaf,real,11
train/1358097/9ac1ab20ce1a1fbb8f27d9db7e46292702a6c80c.jpg,1358097,leaf,real,11
train/1358097/666cd3ddf6326da50cbc5351b855263d24f0e4d8.jpg,1358097,flower,real,11
train/1358097/cb619855af78c0303585574c717bc2d3c75cbbb6.jpg,1358097,flower,real,11
val/1358097/8152c5af4f0778a7b681b1b9eb81c3f93e217e3f.jpg,1358097,flower,real,11
train/1358097/94427e8e21eebac2e681c6187c22700725a55a6d.jpg,1358097,leaf,real,11
test/1358097/c0607b11311ef5be2103fd3ad5d3346a286e2638.jpg,1358097,leaf,real,11
test/1358099/7654c4301d339c75ef92ec38bd30aa246878ee17.jpg,1358099,leaf,real,12
train/1358099/cb6a5a5eaeeff77331e78b23bc3e0b2693c22b3b.jpg,1358099,leaf,real,12
test/1358099/a85d525216b01f2c63500493a5420f08bc505746.jpg,1358099,leaf,real,12
val/1358099/ff2c74e3a2e41bddd41206f7b4678bb877db30c0.jpg,1358099,leaf,real,12
train/1358099/7012a7feb9c5c513191852d74a94ebee2ec200d8.jpg,1358099,leaf,real,12
train/1358099/40d7485f54201904838b1016bf92eb86ddf8f1ab.jpg,1358099,flower,real,12
train/1358099/638cdeafcecc8171fdd17c21108637df47242a23.jpg,1358099,flower,real,12
train/1358099/ed5dba69eb3dff41948bb74c3d7b2a9aa5f55673.jpg,1358099,flower,real,12
train/1358099/5e4a201ad662a59bf82907033d547f1711c5ebda.jpg,1358099,leaf,real,12
train/1358099/d33097670a8822a474e74a2c743950a56f6ab290.jpg,1358099,flower,real,12
train/1358099/3c9cdebd187d06b2ae9cc990f8692a9c112fee33.jpg,1358099,leaf,real,12
train/1358099/e932c4249e879a33a8b35a70f2294041a2f9f999.jpg,1358099,flower,real,12
train/1358099/a8a763501c61ae78fabcf173550a2a778e677d8b.jpg,1358099,leaf,real,12
test/1358099/aa741b79bd2daa80454ff160ade36a234f7961b0.jpg,1358099,flower,real,12
train/1358099/ea012805c8659ccf41be27e37f0bac6bcd291b4b.jpg,1358099,flower,real,12
train/1358099/98f6cb36f1efb48f208ebc6ec592dbbd1d8815ee.jpg,1358099,flower,real,12
test/1358099/63d26daca057dfde1c341b0f04026dad4abaa0f9.jpg,1358099,flower,real,12
val/1358099/da3e218297bfdb0d8b4ab1de92475d6d74813f16.jpg,1358099,flower,real,12
test/1358099/d332a01c7b4d8342ea922d036e71beff2a1d0196.jpg,1358099,leaf,real,12
train/1358099/905f2fd339b4c7d7078123b18cb13c54d746337c.jpg,1358099,flower,real,12
train/1358099/d299cfb0cf219e582c192ba3f9794d651a1cdf86.jpg,1358099,flower,real,12
train/1358099/dbdc1bbe6ef3d50330a9b3b89b970368599432ff.jpg,1358099,leaf,real,12
train/1358099/0af94fdfe39e154ca7736d475fe105075ee74721.jpg,1358099,leaf,real,12
train/1358099/5037bf58ec766ab968442cf8092f327e851a4cfd.jpg,1358099,leaf,real,12
train/1358099/f71fb276a4b1b96816f51cdb4843c8b6f87729ab.jpg,1358099,flower,real,12
val/1358099/f06dee5269fc87d15683439dfa2a44082b68102d.jpg,1358099,leaf,real,12
train/1358099/52b23335d24042ba31235fd3525d6e7d094bb133.jpg,1358099,flower,real,12
train/1358099/10b673197afd3e41d94d503edd17696dae28c1d9.jpg,1358099,leaf,real,12
val/1358099/dd8edc0ed2bfc69965e0a2c0a3f1c5c9d0e748e0.jpg,1358099,flower,real,12
train/1358099/73880ba43828891453d4a07e1ef4ea58e596f6c9.jpg,1358099,leaf,real,12
test/1358099/0f58f118b1a1795c1f1a0e82f3debf0cea11b14a.jpg,1358099,leaf,real,12
train/1358099/063df3c8ce52d0e0bd447ccc9e023e788eeb6035.jpg,1358099,flower,real,12
train/1358099/bd56cb032cc764fa1a1caa7743f76babeb776d93.jpg,1358099,leaf,real,12
train/1358099/883d184a9a643badf2c4cefb5d2a91f997b3ff83.jpg,1358099,flower,real,12
train/1358099/721dd051c9d322233f6cbf9e4ec8f322af4566c8.jpg,1358099,leaf,real,12
train/1358099/5525c8cd8e2f6a56f8889dc748783bbe707df7f9.jpg,1358099,flower,real,12
train/1358099/a83cfc15eed911c7e4944b223c9e76159df02237.jpg,1358099,flower,real,12
train/1358099/2438f8d0aebb85054ffe086776dd25acf7a17866.jpg,1358099,flower,real,12
train/1358099/e49a6828b2d15a8c11a4520231b681ac08eaf234.jpg,1358099,leaf,real,12
train/1358099/baac93ee636d28a5a27ff565511f1d1295d9d4b0.jpg,1358099,flower,real,12
train/1358099/07dddfb4111767d5bd9584f6ba048ec5920f4c9e.jpg,1358099,flower,real,12
train/1358099/cca06ad3da5de987c7ae6482730ceeae779bec28.jpg,1358099,flower,real,12
val/1358099/078aa9f85c99d202b29371e48bdd4ff7e9c1afbf.jpg,1358099,flower,real,12
val/1358099/b8c2428d3443017cfbd6bc060d36134880faab0a.jpg,1358099,flower,real,12
train/1358099/14882ca637480b769ea4dd500401b9cdcbc79096.jpg,1358099,leaf,real,12
train/1358099/e987c704553c07767245345f532257c5e1300846.jpg,1358099,leaf,real,12
train/1358099/ca8792411ec748f6a30756d932164f4917c92e75.jpg,1358099,leaf,real,12
train/1358101/e1eb7c9a21047975d3aa02142a38dc2a0e2b29d7.jpg,1358101,leaf,real,13
val/1358101/bd37903e5865c4bde73968e0a564b5b5c142f1e7.jpg,1358101,leaf,real,13
test/1358101/1ad7627f8136c753b13c994314b9187073ea16c3.jpg,1358101,flower,real,13
train/1358101/5bfd70d1c41dfa760e27ba6856a096f6a0854f73.jpg,1358101,flower,real,13
val/1358101/4979746c1310a2e8d3c9649ff8f979036d5d3258.jpg,1358101,flower,real,13
train/1358101/9752883cfd8f2db86b3cb1d3463f4504bd37b894.jpg,1358101,leaf,real,13
train/1358101/5a22b1b8a4ab6b5a1cc3984d90ade52ffea71534.jpg,1358101,flower,real,13
train/1358101/064ab4956c5f03abf35207c2715a55c3003f1868.jpg,1358101,leaf,real,13
train/1358101/ddb085fdbf098b1f28b32ad2a542eeae95c11177.jpg,1358101,flower,real,13
train/1358101/c9c151d5b3cc1d1a8382042e44fa1a94245ef242.jpg,1358101,flower,real,13
train/1358101/87d76b0da7830749b2411b55519a5c0aa217f86d.jpg,1358101,leaf,real,13
train/1358101/24fbd7740e8edec54c26993d2fbe13f15976727c.jpg,1358101,leaf,real,13
train/1358101/82bb1911b53692238aa2b45c5c94297de7263f54.jpg,1358101,flower,real,13
train/1358101/7f51d4d7c7253c1b3de3cde993baa648499bd1b0.jpg,1358101,flower,real,13
train/1358101/4d3f7af363dc0999368ffa3941fd85d95eb81159.jpg,1358101,flower,real,13
train/1358101/b3d95b1b1c78479f13d26e448d3564fc8a6c3cfc.jpg,1358101,flower,real,13
val/1358101/e8fa785f86bef8eb2789a050f9516dcfc4d55d44.jpg,1358101,flower,real,13
val/1358101/ea6e2f0c2b37db995891805c8262e3453c779c0f.jpg,1358101,leaf,real,13
train/1358101/239434293e122e1c9e41c6c8e92ee0abb1ebff87.jpg,1358101,leaf,real,13
train/1358101/48c5b7e870f6df5f018124aa062a17c24a7ef724.jpg,1358101,flower,real,13
train/1358101/b9b1fb026cb21052d2d3a3f8992518fb73d22e1c.jpg,1358101,leaf,real,13
train/1358101/5532a138ba2c4f07e1f137b1576a77aa3d5c6161.jpg,1358101,flower,real,13
train/1358101/097930ec59924222199846d60141defbaac4dd0c.jpg,1358101,flower,real,13
train/1358101/990899116e6fc741d3a63e73f55d4824ab231d91.jpg,1358101,flower,real,13
train/1358101/d410396249b09598d8034641fb85d3e6627aade3.jpg,1358101,flower,real,13
train/1358101/136ee50cb372f522bb3c7b3d18e9c64cb2b41f93.jpg,1358101,flower,real,13
train/1358101/6517fce549990eab3c5bb979c2af952c931db09f.jpg,1358101,flower,real,13
train/1358101/568ea7ac31a96d2386b964032a1107cfc44a0050.jpg,1358101,flower,real,13
train/1358101/81ac4dec96db6645c3be18c581a0f3eb4a16bbb3.jpg,1358101,flower,real,13
train/1358101/d9fa3d34c8c0e99f0998637c2fde65561275af10.jpg,1358101,flower,real,13
train/1358101/ccef60936e3a250b22676b47b5e7623f1169549e.jpg,1358101,leaf,real,13
train/1358101/eb3cec2fd67bfe9a061021b249578056d5997d5a.jpg,1358101,flower,real,13
train/1358101/fc558535dc4ea54100ae0ef770cd9461b0196fbb.jpg,1358101,flower,real,13
val/1358101/9da01a2f6ed78ed5e238bfe0b347116b710babed.jpg,1358101,flower,real,13
train/1358101/2dff1b9b405f161bd93667125757f89524ff1304.jpg,1358101,leaf,real,13
train/1358101/6035628337bb81b96c2ea9b5494f1ae3eff28ff2.jpg,1358101,flower,real,13
val/1358101/e8250fdf72cd8f4c9b75a7156d6047ffcb415aef.jpg,1358101,flower,real,13
test/1358101/52f89c3911dd3630af7e1521a32d29ef2ae6411b.jpg,1358101,leaf,real,13
train/1358101/335b7c2bda3657793fd47a5df76dcc3aba6afa44.jpg,1358101,leaf,real,13
train/1358101/2633cce6702bd538797989cc5ce0fa78c6991ae3.jpg,1358101,flower,real,13
train/1358101/f7d73587c2fcfb8bdc5c5b489946445774fa32c9.jpg,1358101,flower,real,13
train/1358101/690c9648103ba0e297024985c2d8338f6a9f67da.jpg,1358101,flower,real,13
train/1358101/89e8f3649907206ab8cd7d6d21214223529429d9.jpg,1358101,flower,real,13
val/1358101/db408ea45e90cfc81d5f2be1e4ec9e8fa5363e48.jpg,1358101,flower,real,13
train/1358101/c65156c83048f30f2b8d73fa521794233813a5c7.jpg,1358101,flower,real,13
test/1358101/e609f469320bc2d99ef5518898eddf5919fa6a72.jpg,1358101,leaf,real,13
train/1358101/0dc4b94d9845c73b072909ed0ebb003b867c3fde.jpg,1358101,leaf,real,13
train/1358101/2f032f3eb5a3359cc33a49048047f5a10c508e04.jpg,1358101,leaf,real,13
train/1358101/09f76ae79f9b1a2b46315b614ce506f417f258b9.jpg,1358101,flower,real,13
train/1358101/2bd70a3746bd85b33805e625093ab154f38fc33f.jpg,1358101,flower,real,13
train/1358101/3cedb60878674d562698b0bd08414a550ff15618.jpg,1358101,leaf,real,13
train/1358101/23290e91573d223741b74bb34217921d2c7c6a4c.jpg,1358101,flower,real,13
train/1358101/b2a490046637e5a10b507d4b9b7838da8a00c982.jpg,1358101,flower,real,13
test/1358101/64bddcd5f179432f28fafc4383a2edc37959559e.jpg,1358101,flower,real,13
train/1358101/4e0e883c4725a93fb91fedab55767fb57e2edf6c.jpg,1358101,leaf,real,13
train/1358101/85428c5369256ee1da5907497198798ce1268436.jpg,1358101,leaf,real,13
train/1358101/289e6363b23bbc25460fe9c2607020fcae70dd4c.jpg,1358101,flower,real,13
test/1358101/2c082074d5016668a39c31182331531dde67512d.jpg,1358101,leaf,real,13
train/1358101/f5b93a9121a7bd1d8c970fb61d546f5554b1723c.jpg,1358101,flower,real,13
train/1358101/1df5b59d90667d3b6891f491cb533222e99d0f06.jpg,1358101,flower,real,13
train/1358101/2377513fb180640cc6cafc81637e0a74d835435e.jpg,1358101,flower,real,13
train/1358103/f6c78be571791976488d89edd4d2c02bdf646a93.jpg,1358103,leaf,real,14
train/1358103/deddacc1d32f57e11d3748768cfc4b184e976662.jpg,1358103,leaf,real,14
test/1358103/d5a7a695cdda1643555abbc74786215226d23324.jpg,1358103,flower,real,14
train/1358103/abe69c00626e1be6a9e6976089e00d01ae848c91.jpg,1358103,leaf,real,14
train/1358103/a9cd6e469b6aab74caf794533f39959c4db082ca.jpg,1358103,leaf,real,14
train/1358103/484e4f225ad04faee257028731c7b44441016c1d.jpg,1358103,leaf,real,14
train/1358103/bc7e8e003c913846d08d4bf408ae4edad8c54933.jpg,1358103,flower,real,14
train/1358103/dc7ab0813297a2a3b1b8948d2656c4b71571e4e6.jpg,1358103,leaf,real,14
val/1358103/8a43fd483ba4d68fd8e973a095356cf42565e388.jpg,1358103,flower,real,14
train/1358103/347fb42b9e89bdf06386f32f904b7131950eb63e.jpg,1358103,leaf,real,14
train/1358103/ef831e9cf6f1746a3555623d3e55f94aec5483bc.jpg,1358103,flower,real,14
train/1358103/041c02baa492c6c75b2011bb6bbb504f84799309.jpg,1358103,leaf,real,14
train/1358103/86fe6ac70d17a858ab6a965a7a749732e85bcbc3.jpg,1358103,leaf,real,14
train/1358103/c03632d22a0796c20e80aa4eb42187bba8efdbef.jpg,1358103,leaf,real,14
train/1358103/ad343e486a1ff903c637f9d3522b3e7ba3280124.jpg,1358103,flower,real,14
train/1358103/1aff7a56920bea44187627500c2fb1ea650c7e99.jpg,1358103,leaf,real,14
train/1358103/cdcf9f17b7d507cc8e2964780c62831e0d4ab810.jpg,1358103,leaf,real,14
train/1358103/ca84fe86f451f21091b6169a29c3493017aed219.jpg,1358103,flower,real,14
train/1358103/87da8404a06b6862f32281a42167eb6402c6c9b4.jpg,1358103,leaf,real,14
train/1358103/1795676f30518c140f7ba09e1c8d4f36bddf818f.jpg,1358103,flower,real,14
test/1358103/1bbd4e2542b489b7d49d95f61a74a8636ad52beb.jpg,1358103,leaf,real,14
train/1358103/b48d5babc4c76a4215940377a8a3ef987cceed5b.jpg,1358103,leaf,real,14
train/1358103/66dcbf4a9d192d2d1426d4f62d29a951b20d6ca7.jpg,1358103,flower,real,14
train/1358103/b8e68578b225cb8b6f4453f21781ab87708075cd.jpg,1358103,leaf,real,14
train/1358103/3c3106f048e087becfadf088bf775ab8fce522b7.jpg,1358103,leaf,real,14
train/1358103/03c0447de302384cf9ec5f7ebfd0349193442ad9.jpg,1358103,flower,real,14
train/1358103/deaa3fcfe2bad3967061913e48276241150a15b6.jpg,1358103,leaf,real,14
train/1358103/49eccaefb6f68d4f0b480f15438ba87fd3752791.jpg,1358103,flower,real,14
train/1358103/b80e86664788de9ada13c11310eec501f2b928e4.jpg,1358103,flower,real,14
train/1358103/0cda85538f93b60826f9b0fbc48095eddb69a54d.jpg,1358103,leaf,real,14
val/1358103/5a28b1b05a4d0fbd099978d75285687d8b78cf15.jpg,1358103,leaf,real,14
train/1358103/75315cff258a81f770e27993d314e11e02214a0d.jpg,1358103,leaf,real,14
val/1358103/cde5d5e1fe11aa5d06a3000e142e1fee7ee5ac3e.jpg,1358103,leaf,real,14
train/1358103/c9cb2745ba626ea257157f3dd8f4cbf28a131c83.jpg,1358103,flower,real,14
train/1358103/a94633cef3678e58df5bccfa925b8db047fad773.jpg,1358103,leaf,real,14
train/1358103/11af605a4a306864952aaaef87c187debea2f68f.jpg,1358103,flower,real,14
train/1358103/b4d56632ce183b794e80e7be3b74b605fbeb7e7f.jpg,1358103,leaf,real,14
train/1358103/b2efa834529f6635b61bb06306bf799dd4c221c4.jpg,1358103,leaf,real,14
test/1358103/0b971aa36d87ef77e98f77da3e5e41d88d5f8185.jpg,1358103,leaf,real,14
train/1358103/79e286a4dfc1cba2e48ed7fddef93469d611cec6.jpg,1358103,flower,real,14
train/1358103/f7cb6556979f3899207f256ddd055a1c90aaa4dc.jpg,1358103,leaf,real,14
train/1358103/4649555fca551f0edf07668824caf0ee5597540a.jpg,1358103,leaf,real,14
train/1358103/b5aa0d261efaeef80e628c4d4ebeb00876d4428c.jpg,1358103,leaf,real,14
val/1358103/e35d59b2fc98f529890dc927fabacaa96ec60429.jpg,1358103,leaf,real,14
train/1358103/794e8c43c1a91e51f79226d3c1a357a37ad85924.jpg,1358103,leaf,real,14
train/1358103/2ed779a828e04d602781c203ef5687b08f423489.jpg,1358103,leaf,real,14
train/1358103/789b0f6d09a07d1f449277c3f6d2f19132887d04.jpg,1358103,flower,real,14
train/1358103/95609ef406b15eba2d39d00f983b36bdb0daa554.jpg,1358103,leaf,real,14
train/1358103/88baee3a1bc3111fa9ade316b238365a9377940f.jpg,1358103,leaf,real,14
test/1358103/1abf313295ecb31a690a6486b027f0ac02af4fba.jpg,1358103,leaf,real,14
test/1358103/23eaff34e850bf35fa4627dc0012d47171fda40d.jpg,1358103,leaf,real,14
train/1358103/01c16c740ac9a2bbf0fdfe7f5a429db37f131310.jpg,1358103,leaf,real,14
val/1358103/91f5c1fd7e1ac1eeb17d62fc374addffda4d9990.jpg,1358103,leaf,real,14
train/1358103/f82ef6b961579c2878bd07695cbbd3e1898c3ca7.jpg,1358103,flower,real,14
test/1358103/f905a21de06b7796996079e510fa041c4467327d.jpg,1358103,leaf,real,14
train/1358103/5c7ca6ad9b8aeaff914b125505a4fa8a1087ec9d.jpg,1358103,leaf,real,14
val/1358103/592703a7dec31124c637db575019236f10dc4900.jpg,1358103,flower,real,14
train/1358103/f4d1ec9750142565eb4317e754af723315bceca3.jpg,1358103,flower,real,14
test/1358103/36555569f024f615bfffcc269920695d5e04db85.jpg,1358103,flower,real,14
train/1358112/ab52b1a17497f93b7497032bd6d0199fd7334b54.jpg,1358112,leaf,real,15
train/1358112/79fdbaa389eb1bc8f638619a802fb493524f7775.jpg,1358112,leaf,real,15
train/1358112/efda84d0b9e3f38292ca06ee23ad27d6fa9952a0.jpg,1358112,leaf,real,15
val/1358112/407cb60999fc189ea7dc3b24007761bee4ad34fa.jpg,1358112,flower,real,15
train/1358112/10913960949fb34068dbf7b7cef6faa089c3a0df.jpg,1358112,leaf,real,15
test/1358112/4e4005966af778f51ef4d85ca8cd31f54be69e50.jpg,1358112,flower,real,15
train/1358112/782fd3b9d12a52c53ed95c17ce8103dce3d3255e.jpg,1358112,flower,real,15
train/1358112/759cb9c97caf8c58608a05ebfe7b190087467d17.jpg,1358112,flower,real,15
val/1358112/d1f4356060db491427f429536c766508c2bc79c1.jpg,1358112,leaf,real,15
test/1358112/4372856e7bb3b558844c398b0b9e564149d5f4d7.jpg,1358112,flower,real,15
train/1358112/ba803768438949461f82fae4ebb27d8ab55fa47e.jpg,1358112,leaf,real,15
test/1358112/807548aea519b66bf882646ba1273aad8184ea3e.jpg,1358112,leaf,real,15
train/1358112/f1befa7495403fea98277e9c7cb4c8c7007dd751.jpg,1358112,flower,real,15
train/1358112/fc5bd849c8a5842fc1c14cea8a09dbcb4c48722c.jpg,1358112,flower,real,15
train/1358112/1bb2dbb67e1e0c3a460f735d0e99f4f486641a5d.jpg,1358112,flower,real,15
train/1358112/66d15ccc15ae11b614591a7fae0fda1492b1ed84.jpg,1358112,flower,real,15
val/1358112/288eff39e42598bc042c62439fac7d812d73f413.jpg,1358112,flower,real,15
train/1358112/104834a95303f3dcefc69b0bd3c088d803f8fbc1.jpg,1358112,leaf,real,15
test/1358112/02d692701759e60e7c50f22658734a6dc3c4af8b.jpg,1358112,leaf,real,15
train/1358112/2d9c37d7a46c62c9f2b6a94d91796bf7e0c221fc.jpg,1358112,leaf,real,15
train/1358112/62d80ad56e431068df4f75f98613bfefc4b757bd.jpg,1358112,flower,real,15
train/1358112/05f69b3067fa4fbac3918eb482ee55b74b782d6e.jpg,1358112,leaf,real,15
val/1358112/c00c6d799f67eee54738c193f10f934af45a38da.jpg,1358112,flower,real,15
train/1358112/7195b93d4e5e8a19177fccfdc78733b7710d86e5.jpg,1358112,flower,real,15
train/1358112/d36283959274110b785a264cd05945cf9c4c0bd4.jpg,1358112,flower,real,15
train/1358112/1860c5a3f14d65b6f85cee999bfd596ede2a01a6.jpg,1358112,leaf,real,15
val/1358112/d8c438be37293797109a723128c2304145c1094d.jpg,1358112,flower,real,15
train/1358112/8ae08773589906b7837f9e3c66337e39441e17e7.jpg,1358112,leaf,real,15
train/1358112/a9d20b75daef80697f66dc455b13ad35127f11fd.jpg,1358112,leaf,real,15
train/1358112/e46796722e0d48fa40dcce8ef472f1b3bc48811f.jpg,1358112,leaf,real,15
train/1358112/27b85861240955518dbdef275ee4e5f804ac169b.jpg,1358112,flower,real,15
train/1358112/9dbedf8d7c16935462e2d7640a949e9e80bed672.jpg,1358112,flower,real,15
train/1358112/e81aa6d874a17e2e9a7d422ec5fd23dcc2bd0314.jpg,1358112,leaf,real,15
train/1358112/1c7741c4b46621f4a82d0697f4940c11fd4da6a2.jpg,1358112,leaf,real,15
test/1358112/f4cefb2d6bc0bd042c00722d6a5af675f8fccd8d.jpg,1358112,leaf,real,15
train/1358112/4078b015de9c2da8a2a1a1259e44a74e0f3dbd83.jpg,1358112,flower,real,15
train/1358112/9493810568491a0a5f88014a0ab2cd8d7deb4ee4.jpg,1358112,leaf,real,15
test/1358112/6f648c591b866b12ad681e21ff55d509656289f0.jpg,1358112,flower,real,15
train/1358112/04a5d1abd44c877ed5e5943b6ddc226144302e29.jpg,1358112,leaf,real,15
test/1358112/a93af1167bfd61e54afe4744285534f87ab15325.jpg,1358112,leaf,real,15
train/1358112/85053e077adf9a9cc204419bdebfe3154892ceba.jpg,1358112,leaf,real,15
train/1358112/23f5eef6f0cee245655f5a79d7f27090f0e4170c.jpg,1358112,flower,real,15
train/1358112/206b34b3db2a1b609de381c392332e61fee030fd.jpg,1358112,leaf,real,15
train/1358112/e5dd01d4e1cf0785b484ed269d57460418e38dbb.jpg,1358112,flower,real,15
train/1358112/fdba56fabe92df17effa204cd903bbbb8b089881.jpg,1358112,leaf,real,15
train/1358112/6638aeaa2c5e1719c7bfbabbec391831891f76ba.jpg,1358112,leaf,real,15
train/1358112/55a429783eac5bfae55498f6d87e6d79c67a202f.jpg,1358112,leaf,real,15
train/1358112/44dff4b3fbd37d0e6581e8e5f03e717ddd0714e6.jpg,1358112,flower,real,15
train/1358112/66ba8706c8ee0d520f57172554c7bae39ba1c457.jpg,1358112,leaf,real,15
train/1358112/4f18f46d7c7c003a52eb65aa015051e14302bf97.jpg,1358112,flower,real,15
train/1358112/559e1b6fb588276a3d0c42e5dac07a5a3c3679c0.jpg,1358112,leaf,real,15
train/1358112/615993a3ddd4d95b9fe8d3cc968db9aa02bbfe44.jpg,1358112,flower,real,15
train/1358112/d648d8a168cadd0c51bf73cb1a31fa52e8df4984.jpg,1358112,leaf,real,15
train/1358112/4438f314d3e84efdc87e17af6ce77d86f3f7ee24.jpg,1358112,flower,real,15
val/1358112/f5d742bf151d92a56ea78abda03c879ddf3ed882.jpg,1358112,flower,real,15
val/1358112/16c6b4ead87d9b0e9bfa6c1389dbe70aa079c7be.jpg,1358112,flower,real,15
train/1358112/4883d89d895ee56fc4df4645dbb501d80ddb8c37.jpg,1358112,flower,real,15
val/1358112/12c90fc1d3ed3510966cdad2436e804b459eaf10.jpg,1358112,flower,real,15
train/1358112/ecd324912d75625d59ee2ac61fe0818f2b59a53d.jpg,1358112,leaf,real,15
train/1358112/3a8042f72b4f6bea874afb035d6af78e312a345a.jpg,1358112,flower,real,15
train/1358112/0961c17fbe3a0260e9ae6d711585fee61598d1a6.jpg,1358112,leaf,real,15
train/1358112/af91232cab3a3b004d747616ff3cba283712ce3a.jpg,1358112,leaf,real,15
train/1358112/71a0c0e317014b913523f2eec0b08390114f1606.jpg,1358112,leaf,real,15
train/1358112/85195c2d73748da06d7f28e29eebd149f0c1f62e.jpg,1358112,leaf,real,15
train/1358112/8c6e4b70d34c4419740b354a67eae351ec25ba1d.jpg,1358112,flower,real,15
test/1358112/e2b7511762fb694c2b90f21693b21d30f419cddc.jpg,1358112,flower,real,15
train/1358112/ffee21db4b36f56a54cf92ea200bf368f3420100.jpg,1358112,flower,real,15
train/1358132/c40b5e6be91aea295dfffe1dcdeb1e2e42048dc0.jpg,1358132,flower,real,16
train/1358132/632d155df78bf9623509c67d54bbb0c216b2f706.jpg,1358132,flower,real,16
train/1358132/1075d73ef7d1fffb4ff527b6d48bf0e1d13e993f.jpg,1358132,leaf,real,16
train/1358132/64a71b32cad278936ce621dcaa2d15abf8bb115b.jpg,1358132,leaf,real,16
train/1358132/33c6f6279d01191d0f1175d95fe8ae98c2fbd88c.jpg,1358132,leaf,real,16
test/1358132/6c5c895ef7508436c5fec2045e4d2155b3187bc6.jpg,1358132,flower,real,16
val/1358132/949dc3d74977043b4d7f05fba05cb020fc36c96e.jpg,1358132,flower,real,16
train/1358132/2c9355079e7bfb60ad15335d2a78c1804ce45279.jpg,1358132,leaf,real,16
train/1358132/c4c0d14bd95c92c2f99eddfa76e0f84deab075e7.jpg,1358132,flower,real,16
train/1358132/371b647c069b5f9bbf32a1f79ee92a7031d23c91.jpg,1358132,flower,real,16
train/1358132/a6cdd14f7be091275a8983cb15c500a20ac72f82.jpg,1358132,leaf,real,16
train/1358132/f5b77c337477cf406fe354cbf3907b9ab2b41301.jpg,1358132,flower,real,16
val/1358132/0113daf6a6a98651333a764d5e74793c744d4b45.jpg,1358132,leaf,real,16
train/1358132/5abbeefea97d0c36d5a0f5f584af191ce3a2a2c6.jpg,1358132,flower,real,16
train/1358132/2940670fc8a4c43f49a01dafdcd56c895f5946e6.jpg,1358132,leaf,real,16
train/1358132/271a670d21a1787bd7b84ad3ec78597e9d4136e8.jpg,1358132,leaf,real,16
train/1358132/8ee844fe70625edfe761ed2158e8af8abd4e232b.jpg,1358132,flower,real,16
train/1358132/a21af08ea8c6ce91ba4d453a89c44d63f21282ea.jpg,1358132,leaf,real,16
train/1358132/f6ec8a5d87ede87527653aef872a055a163bcca9.jpg,1358132,leaf,real,16
train/1358132/5432ebc5c95c902d79f3b3a3c915e54b9bf0ded5.jpg,1358132,flower,real,16
train/1358132/7d6cc8ff2595f94fe8a6332c2820cb4005966f67.jpg,1358132,flower,real,16
train/1358132/bd6f0d5b1a914a9a476791e99c705cbc8e695adb.jpg,1358132,leaf,real,16
train/1358132/0185b98f248a39148f957e2ed8cc6a54e9c94499.jpg,1358132,leaf,real,16
train/1358132/8a1f776944a81de175cabaa4d9cde28ed7d095e7.jpg,1358132,flower,real,16
test/1358132/58db69b217071552b50d0771f68ba880778f7052.jpg,1358132,flower,real,16
train/1358132/d635d4659f3b6cf42a1090863c1e18149a8ac061.jpg,1358132,flower,real,16
train/1358132/9041f9bb3c3d072500b501cca7a2d9b05ce31df8.jpg,1358132,leaf,real,16
train/1358132/3bfc00051dc3c3015cd3390bfa2815014bebe410.jpg,1358132,flower,real,16
train/1358132/37186c07c052f93ade4c128490ef5293b8f153b9.jpg,1358132,flower,real,16
train/1358132/78eb119561f341842efe11050dfccd18fed0eb5f.jpg,1358132,flower,real,16
train/1358132/487e112fd22f61ca84b145cb385a8ef6f9f10d8d.jpg,1358132,flower,real,16
train/1358132/904c0b7719b5e5143926b2a82d9f23686ee51714.jpg,1358132,leaf,real,16
val/1358132/351b814521def75536946ad14db5c7d7f80db2f0.jpg,1358132,flower,real,16
train/1358132/56ad16cff7d8e358d4ce9e79c7a691b56f64563c.jpg,1358132,flower,real,16
train/1358132/ad5b260e908af02fd260b6b1d8b89dde853c56e0.jpg,1358132,leaf,real,16
train/1358132/e70eed27f0e6556bb0ebee56f4e615ad3e67f081.jpg,1358132,flower,real,16
train/1358132/8b3000cf41ffaa286c62e993e8b7d5c08290f7fe.jpg,1358132,leaf,real,16
train/1358132/325cd5c8dc8f0161cc7038b6a274991b3fc0ac6b.jpg,1358132,leaf,real,16
test/1358132/73e55556e5aace66f727edd7278d34c933b19543.jpg,1358132,flower,real,16
train/1358132/7d2c9a3900fef9b908284ad8691b86ace2d2f8a7.jpg,1358132,leaf,real,16
train/1358132/2b65cedd808e8c0c3fea2d138ba1d7601535d17f.jpg,1358132,flower,real,16
test/1358132/25d7e64878b8a53f75aa38aef5679abc5add4a34.jpg,1358132,leaf,real,16
train/1358132/389809a9bc193d79c745250a9bbc814fcc70e577.jpg,1358132,flower,real,16
val/1358132/75df52169b939c42c3070ee0dcb1ba5d2a3589e6.jpg,1358132,leaf,real,16
train/1358132/1f4d5c9dfa8ead49b52179b906395ddfac0cbfb0.jpg,1358132,leaf,real,16
train/1358132/00bb4ffa1f812981823786af91759be3cba1f6cd.jpg,1358132,flower,real,16
train/1358132/9a5d6e629013e8ed9a70b7035c487d454b3a5564.jpg,1358132,leaf,real,16
train/1358302/0799c8d3a7dde2c293471d8ec56715d5c4844751.jpg,1358302,flower,real,17
train/1358302/9572b0846709af378f1bc71ec7095cc8b5d33be1.jpg,1358302,leaf,real,17
train/1358302/db4c8563e6dda0a8572ed96a554caeae490e2943.jpg,1358302,flower,real,17
train/1358302/4dd1915080a0fe810eb6c2ba6c883e7faf2e8c98.jpg,1358302,flower,real,17
train/1358302/19b9258a25d3455efacf93f5aa3020baa38996c6.jpg,1358302,leaf,real,17
train/1358302/602df8e57c4e437100b893dd51be66321aa55630.jpg,1358302,leaf,real,17
train/1358302/63916fcae7a28065ad95a33e6992c38af5aa2399.jpg,1358302,leaf,real,17
train/1358302/b14cccfa7b27422ceecfc74eac41d506798afe08.jpg,1358302,flower,real,17
val/1358302/d10bfeb7f49686fa18a68763e634410fdbd6133e.jpg,1358302,flower,real,17
train/1358302/8fea57dbdb5f5d1de261cbe33552ca9f9607b790.jpg,1358302,flower,real,17
val/1358302/39cceeafa132f0bc2cfc8487ba9d7c914e637ace.jpg,1358302,flower,real,17
train/1358302/ffb9f702903b34f0154f7c5303cbd0ba46330d7a.jpg,1358302,leaf,real,17
test/1358302/2f7004cce6e6d97219ad04e941daca58f513ad4c.jpg,1358302,leaf,real,17
train/1358302/fc02054ec3c87b786d4f95d764209d7cf42687f7.jpg,1358302,leaf,real,17
train/1358519/a5915f04cae6194a5d516a4cb3568c89308f0660.jpg,1358519,leaf,real,18
train/1358519/29365ff87cecbf39033d4329d4146651f9460562.jpg,1358519,leaf,real,18
train/1358519/d7610b341169ad0babdf544679f31dac275a8f52.jpg,1358519,leaf,real,18
train/1358519/34634bcd4d3da858f8d3a28f0636a842691f1965.jpg,1358519,leaf,real,18
test/1358519/8abc0f55b1044bd78b19c9ebffa941ff42bdcb3f.jpg,1358519,leaf,real,18
train/1358519/342705226903928d0ff57f8e77062bef7f15ec42.jpg,1358519,leaf,real,18
train/1358519/a3a79a19df4b480fd7bbdbd88769df876af91f30.jpg,1358519,flower,real,18
train/1358519/55c3ea2265fbe6729911b2732edff16287512f36.jpg,1358519,leaf,real,18
test/1358519/42c579e6253b928c165f9bd0f4f2abecf7f2e831.jpg,1358519,leaf,real,18
test/1358519/b0fe5e26bba0e572c599d610fda0df823df54a9b.jpg,1358519,leaf,real,18
train/1358519/7bed4874713af0e9db88e4960ee2637223dad70e.jpg,1358519,leaf,real,18
train/1358519/7ad512d1f19fde0c2bfd21ba003f3b7fce86014e.jpg,1358519,flower,real,18
train/1358519/e0562f3fcddac15b4782ae9e54ae39837a4e281f.jpg,1358519,leaf,real,18
train/1358519/372023acea43663672540806a4b03dc3d3a1ecc9.jpg,1358519,leaf,real,18
train/1358519/44f1dc054fd6d42b406b346b1df201e6271d41f8.jpg,1358519,leaf,real,18
train/1358519/ca2d41a9b27b6284f72c2e75db1ba8368d4b789d.jpg,1358519,leaf,real,18
train/1358519/099c20ac4d2368fff5dc8dade52d61a164e8ad1a.jpg,1358519,leaf,real,18
test/1358519/27b165e697f6c7e4e94ab177a886bed9d35bd78b.jpg,1358519,leaf,real,18
train/1358519/bc84d2d7d02d0e906212649b8eb2f257cd9403d8.jpg,1358519,flower,real,18
train/1358519/09e1bb14d04019d98b38f8673090692a4e480d9b.jpg,1358519,leaf,real,18
train/1358519/6830b384424215e0a25ede5c719453591fb4569e.jpg,1358519,leaf,real,18
train/1358519/018b5c0f1806ca3266aa8835f465e2efda1c0234.jpg,1358519,leaf,real,18
train/1358519/d4a98521340014e36e8f79cffb6eb6e263a00231.jpg,1358519,leaf,real,18
train/1358519/8fac2b1a50ae41a0ec6e3f2639dd732cc5bdd005.jpg,1358519,leaf,real,18
train/1358519/729e38df15e3c17776fc4d3404697a7d16c6a364.jpg,1358519,leaf,real,18
train/1358519/a369ff17bae5fc85623af48543c1f34d1f170444.jpg,1358519,leaf,real,18
train/1358519/21e6f0b93b530343e7cd58a1038db9272f2b212a.jpg,1358519,leaf,real,18
test/1358519/3dbfa3ca8fa579041ed904c8da1773809633204f.jpg,1358519,leaf,real,18
train/1358519/5433b7e5e339147c2e8fabc94b53a0e2523d8070.jpg,1358519,leaf,real,18
train/1358519/0ba6761d2edf37ab5787ea717c161cf30d357a5e.jpg,1358519,leaf,real,18
train/1358519/cda21d423b541ad64e0d5fb2be13f26764c83540.jpg,1358519,leaf,real,18
train/1358519/91aa15a27e2df87786e3e2f59989ec6ce5f946f5.jpg,1358519,leaf,real,18
train/1358519/7eaba0ef4906201eda5bfc361954090b4193f66f.jpg,1358519,leaf,real,18
train/1358519/9cb95f6b5d3f93f43c23878623667aafe988ce2b.jpg,1358519,leaf,real,18
train/1358519/63f091a0e9e87c27d2377cfeec4d42c2f24ea595.jpg,1358519,leaf,real,18
train/1358519/165a4156f202e2e0f2e1d591cba38bca18853411.jpg,1358519,leaf,real,18
val/1358519/83f625762503c4ff05aa0e7b38a884a80f1c602b.jpg,1358519,leaf,real,18
train/1358519/7a86c660266e15c710e09aedb9540660a4d9a298.jpg,1358519,leaf,real,18
train/1358519/830de00730cc56430844e6f6cb268a2d52f92ddf.jpg,1358519,leaf,real,18
val/1358519/fc0d1e16c6ed8b9bd087107971de862cfc1aaf1e.jpg,1358519,leaf,real,18
train/1358519/d02dc553823d21b7f3b1caa047a626481a978820.jpg,1358519,leaf,real,18
train/1358519/72b21c6f583be52c1d9437b8d5329d2ca586e7bd.jpg,1358519,leaf,real,18
train/1358519/472a9a2ea7deea6f80d5f3785da8636fcdddf338.jpg,1358519,leaf,real,18
train/1358519/c2b3f7f6cc0eccf60e8ef7d308a8bbae316d875c.jpg,1358519,leaf,real,18
train/1358519/5e4660365c3f8583a2f956d3b99f67ac883a51a0.jpg,1358519,leaf,real,18
train/1358519/f879b56e19d544d18b77afa09dff793fb19608d6.jpg,1358519,leaf,real,18
train/1358519/613d55d76655a710e8fb60fa4d62b7c857699b9c.jpg,1358519,leaf,real,18
val/1358519/17224720faab9690bbe14e1ea38003c5afbfc679.jpg,1358519,leaf,real,18
train/1358519/fc42a6edcaec17f49abddf8c24e74e57446beead.jpg,1358519,leaf,real,18
train/1358519/b5457cd73afbe944f3f985571c3d5afeec81b8ae.jpg,1358519,flower,real,18
train/1358519/f52e136610a86cc96769f436db1f2ea6b6f34d9c.jpg,1358519,leaf,real,18
val/1358519/8e7f4bc3e3d8263bb397f1cc08c6e73309341d19.jpg,1358519,leaf,real,18
train/1358519/c1fce1b24de32eca9cdb9fa7ae6ce6a1c76411e4.jpg,1358519,leaf,real,18
train/1358519/9f054926037233d50a21b8ae3d755814851888b4.jpg,1358519,leaf,real,18
train/1358519/7f9be2cf390b6b8c1caf53465a19490933649676.jpg,1358519,leaf,real,18
val/1358519/46f75b9dce8d272d3297d2b1c5558769d816df28.jpg,1358519,leaf,real,18
val/1358519/cf10a8743d1a5f462c1026c0632d851598fff130.jpg,1358519,leaf,real,18
train/1358519/32d5683327e17da52e541a260f8f40590cbf4689.jpg,1358519,leaf,real,18
train/1358519/2847be822c1a33d66a38df664c929a7dbc251d9a.jpg,1358519,leaf,real,18
train/1358519/8c2444f1ec10319ecedeb67fc7c1e333fbd25b77.jpg,1358519,leaf,real,18
train/1358519/6758961d86637cd876072e0b8a9bf495f847754b.jpg,1358519,leaf,real,18
val/1358519/c3fb7f85b1f310711a9454107af5bd3836190532.jpg,1358519,flower,real,18
train/1358519/b4e497c5c878c962a06d4214f9a62d5df6ba2cf2.jpg,1358519,leaf,real,18
train/1358519/46e12930cf0b23c15b451c68cba442619122960d.jpg,1358519,leaf,real,18
train/1358519/e3653cb43bc8ca9db2a8f3f2c40595f840573861.jpg,1358519,leaf,real,18
train/1358519/462c2aefeade0970ce688327034904a217e51c3a.jpg,1358519,leaf,real,18
train/1358519/991fb0e94fe13eba5e335019f9a5a4a8fb36a8bc.jpg,1358519,leaf,real,18
train/1358519/fb1938e94df2b6f023d275de7aa65c6cae245fda.jpg,1358519,leaf,real,18
test/1358519/3e6c0d2c4a5a4726cf86a8e8bbd82b9a54db1d9a.jpg,1358519,leaf,real,18
train/1358519/300ab000af68ac2823b117346eb4518f405e4d47.jpg,1358519,flower,real,18
train/1358519/e8142ca2bbf0c8dff92a6ebf1769e9110feff9d9.jpg,1358519,leaf,real,18
train/1358519/8971a4f26e2df2026b5bc8e1fa5583862f6c62c7.jpg,1358519,leaf,real,18
train/1358519/16258379827b29fffea472de373851bb0aa670e8.jpg,1358519,leaf,real,18
train/1358519/13e45b3cf63617c3ede3db23a999c2a0472f1642.jpg,1358519,leaf,real,18
train/1358519/3847fcf60e9887979c2cafabc52c81be05073fb7.jpg,1358519,leaf,real,18
train/1358519/4998c9c2e08fe3b95e2f4af34d000b652463da71.jpg,1358519,leaf,real,18
train/1358519/876a71b24eb1ede1761f9b5d070ce030f73982eb.jpg,1358519,leaf,real,18
train/1358519/2a6e855459340a00262fcbe48f6e22aaddd126c0.jpg,1358519,leaf,real,18
train/1358519/3f9e015a311cf866311ee7cd2f1d4c3619e9cace.jpg,1358519,leaf,real,18
train/1358519/82b90bacc958ef7ca71c3d5867e9c4cee9c3cad9.jpg,1358519,leaf,real,18
train/1358519/4412c5441eaccc515f2abb28b997a6f7e627fa01.jpg,1358519,leaf,real,18
test/1358519/129b9d5faf10d1dffdb05dabfec817aaf74a1d20.jpg,1358519,leaf,real,18
train/1358519/d8b6d9fcba17c9732a4af4a8f1598788fa8eb773.jpg,1358519,leaf,real,18
train/1358519/2c719c7706f370fee093ee0748fb55e7318ccd0a.jpg,1358519,leaf,real,18
val/1358519/6599316285f7d922d252f62f3a5f671e4d7163e9.jpg,1358519,leaf,real,18
test/1358519/765d7a27f3262c64a4127e9a56a0af952900da90.jpg,1358519,leaf,real,18
val/1358519/a5b34a64372e68b0dd3eec349eb799d5196bb272.jpg,1358519,leaf,real,18
val/1358519/895c78b7d240294ece4dfdd9396690797e9098f4.jpg,1358519,leaf,real,18
train/1358699/c01d006fb27181a7856a043b761de6842ad9615c.jpg,1358699,flower,real,19
train/1358699/0b30dc012258f8efeb6e6391f6d67a9900f531bb.jpg,1358699,flower,real,19
train/1358699/3cfd377fcfd610c0ab0a4e00b79b3abb19f10458.jpg,1358699,flower,real,19
val/1358699/80ecfd3390d7f91b18a8ace476922260a0c4e6b2.jpg,1358699,flower,real,19
train/1358699/a1939356dcf01afd0d7a6062bd3f0831aa000055.jpg,1358699,flower,real,19
train/1358699/06b27ff3a88a562750c86d022a83c7e3ea29426d.jpg,1358699,leaf,real,19
train/1358699/beaeb6e886cc7467e4c6c682e17375715f43b8dd.jpg,1358699,flower,real,19
train/1358699/a80563f3b3cc446906e1a195777073da73470650.jpg,1358699,leaf,real,19
train/1358699/349472ad09d99c66076e6b0ee33d1ab0d783414a.jpg,1358699,flower,real,19
train/1358699/dc1908aeb997e7a2422778f2b8b633fc00a9c414.jpg,1358699,flower,real,19
train/1358699/84547f2278f73b67e78ba5b0e342d6e1971bd7d3.jpg,1358699,leaf,real,19
train/1358699/1f567e4856a3dcf519b8fd304c5a15d07cf9cf9d.jpg,1358699,leaf,real,19
train/1358699/be541c91177ec0a6cf0ce4de549d86b97dda866c.jpg,1358699,flower,real,19
train/1358699/0b3add042c8fe8aa909f88db67f2c95f75eb55bb.jpg,1358699,flower,real,19
train/1358699/ac953c5c20bdbab0c7977186a397bc3e72d73c6c.jpg,1358699,flower,real,19
val/1358699/42977fe7d7844efa22a0d2cd47c963252bc70a58.jpg,1358699,flower,real,19
train/1358699/13d51326b27148617bbf8a9b923c126b45d90ba9.jpg,1358699,flower,real,19
train/1358699/8021f9633b7e5222d204ee8efb86a2b56c25b67d.jpg,1358699,flower,real,19
train/1358699/480efb8392bc290b95829d7e715a41a4219f391a.jpg,1358699,leaf,real,19
train/1358699/08b1f6df6b70aaf326f8334aedb71719221b84cd.jpg,1358699,flower,real,19
train/1358699/4ac13b958ff2d23e241bfacbd60f3528c5834c80.jpg,1358699,flower,real,19
train/1358699/3da95f5f7509616f82184410f03a11e88e08235a.jpg,1358699,flower,real,19
train/1358699/992d7f869ae2b3703f73246aaaf7f778fbec5e70.jpg,1358699,flower,real,19
train/1358699/8e3f5a9b6017af4ec0842428b6cc8be3b3e58648.jpg,1358699,flower,real,19
val/1358699/e70d5c784dbdfa49ad947020195b251d116efbc1.jpg,1358699,flower,real,19
train/1358699/6271153a6e8b6044460aeeecf6a25a8a8c68ce78.jpg,1358699,leaf,real,19
train/1358699/9a02796c64fd7131e6abfee5cad02eeaae031e38.jpg,1358699,flower,real,19
test/1358699/7e8f25f14b011730013cdcb14768f5a0990686f4.jpg,1358699,flower,real,19
val/1358699/5388b7034b0de92774b52833e1d20d3d3d281361.jpg,1358699,flower,real,19
train/1358699/36565d244ec9b3b39d652bba88428e0018da8dcd.jpg,1358699,flower,real,19
train/1358699/84f81bfae28248393888c7c0c2f32dcdb1b8cdd7.jpg,1358699,flower,real,19
train/1358699/5445e4ad8b0885dff46220557be98662b8cdd470.jpg,1358699,leaf,real,19
train/1358699/8a69d19e726288bdc69dc96588178ba3bb46d1da.jpg,1358699,flower,real,19
test/1358699/c87802f01946391b392a5488f3ec147574913734.jpg,1358699,leaf,real,19
train/1358699/662f09fd6b5ee2bb2be6c3f56ceeca20bce6f37d.jpg,1358699,flower,real,19
train/1358699/7c5d684f382e3030e645be9e3be89e5c6b0f8ffe.jpg,1358699,flower,real,19
train/1358699/2af30dae678dd3c20643faca7a08e88d8d7f30fc.jpg,1358699,flower,real,19
val/1358699/391acd9d189c4a53990b817c5d09d5c20fe43497.jpg,1358699,flower,real,19
val/1358699/3c0c742bcbc878507150cb8b680283ccac304914.jpg,1358699,flower,real,19
train/1358699/e28be77f6a0315272a08003d722a0b421382458a.jpg,1358699,flower,real,19
train/1358699/1f36b00fafcbc2651fdd1a38facb3f9a0ba041ac.jpg,1358699,flower,real,19
train/1358699/ac32ba64658e12732bda4382a648415d4a22c3d5.jpg,1358699,flower,real,19
train/1358699/7dffa45615b32b5dc5b3ed8326535e798bb598aa.jpg,1358699,flower,real,19
train/1358699/78420d357af0382ffb69db1bd67390d69ab38a5b.jpg,1358699,flower,real,19
train/1358699/6fc3837a50995365026148aed2762703b1525687.jpg,1358699,flower,real,19
train/1358699/f3f6579ea8926ec7dc12110302b3a73d79ca2951.jpg,1358699,flower,real,19
train/1358699/581f4da59f8ac5b0d92eb760dfef9f613809a1ea.jpg,1358699,flower,real,19
train/1358699/40b28765d471f4cf450f983d9f172a2597ccd1af.jpg,1358699,flower,real,19
train/1358699/7f8b242e468111f040f4e7be31a10edf2f4131dd.jpg,1358699,flower,real,19
val/1358699/d61605c922187157783d75f148a8bbe685d95742.jpg,1358699,flower,real,19
train/1358699/e418dd631ea41700796cc9c29b541191f5372ada.jpg,1358699,leaf,real,19
val/1358699/78c35311d07d054228b880d3169b6f7125a10fea.jpg,1358699,flower,real,19
train/1358699/abe9a5b504fead6812d372b35e030b9784058131.jpg,1358699,flower,real,19
train/1358699/fd3f52c09d62a7d4cf18e202b302464929297562.jpg,1358699,flower,real,19
train/1358699/98efec2557cb23cef92edb44e5b0c47b42e843e0.jpg,1358699,flower,real,19
train/1358699/2e40ad06f740e4b581bd5380be8c36efb91d12aa.jpg,1358699,leaf,real,19
train/1358699/6a8d237f117249c9290d7bd0a097b32ebcceb959.jpg,1358699,flower,real,19
val/1358699/b7de67797096ccba3ce2e1c722d23e1006895942.jpg,1358699,leaf,real,19
test/1358699/0a0c8095dd53c898aff80a84da940afa7bbdf66c.jpg,1358699,flower,real,19
train/1358699/7f5871c814575c5823eb51660ca4bc99676e8b59.jpg,1358699,flower,real,19
train/1358699/845a2f81911cf8a4fd1e31bece44bc3d0622cdab.jpg,1358699,flower,real,19
train/1358699/f8e9fdbeab209a4af38de513f13eb03f583e13ba.jpg,1358699,flower,real,19
train/1358699/111896cf3877aa3f9ca3b64b63c210f081f58cef.jpg,1358699,flower,real,19
train/1358699/1aa3d211142346689d04f7f584270d4a2e35553a.jpg,1358699,leaf,real,19
train/1358699/b7fe0abc6cda4c6f6f4c3a20f763f3980381a5a6.jpg,1358699,flower,real,19
train/1358699/873d036ebbce2074e11019c7a1ffadce31f453c2.jpg,1358699,flower,real,19
val/1358699/a10ecf9784e136f5595bf75dc688b8dae3472d8f.jpg,1358699,flower,real,19
train/1358699/fc5198a85e717d8166d74f6d7078a0437bbd0601.jpg,1358699,flower,real,19
train/1358699/51484a6e2f10a09e52b9aea2e3b2b06af1373297.jpg,1358699,flower,real,19
test/1358699/68bdf29f9bfcdd60f12ca9c92d65f1bed7117512.jpg,1358699,leaf,real,19
test/1358699/cdb1103a2167602d33ed961fe0b0179e1376b53b.jpg,1358699,flower,real,19
val/1358699/dda0ad80967ec3967e15a24e828e5faee54844b8.jpg,1358699,leaf,real,19
train/1358699/284b5a022233e3b543831379666332875f9c5e7b.jpg,1358699,leaf,real,19
train/1358699/444f685cd33ff00ffc667b58215b446c7d99b973.jpg,1358699,flower,real,19
train/1358699/5a81a6f81836ce5b500ee0b717d850b36a40eb27.jpg,1358699,leaf,real,19
train/1358699/515fa56bc24bcfe77246a73a49242583e6a3e12a.jpg,1358699,flower,real,19
val/1358699/20c349c708bd929ba4e7f8485bb642098e8220ed.jpg,1358699,flower,real,19
train/1358699/294a0ebfbabdc9afef5faaf62c3f1b09d6a215ce.jpg,1358699,leaf,real,19
train/1358699/e35bfe0af3c4fa8d2c936c023f3e026dc267521c.jpg,1358699,flower,real,19
test/1358699/4ad207a41e04db5d866228d0399ea7bb9c9993e9.jpg,1358699,flower,real,19
test/1358699/099c49d9c9007cc411f69d9722cff0e42347ef21.jpg,1358699,flower,real,19
train/1358701/0e6fc1fcb13f9841543adfcbfd12db8ccc7c96b2.jpg,1358701,leaf,real,20
train/1358701/d50c79ec4421aafefc3705d9f074a4ec9436b7ed.jpg,1358701,flower,real,20
train/1358701/e1f5950c6fba24bd175ae9d9ab1b2ce065a7459c.jpg,1358701,leaf,real,20
train/1358701/f751b3f876d5b6485ab837dd9aae07055d0f4779.jpg,1358701,flower,real,20
train/1358701/9af1c9d83afc2b50b013993caa588fa0ef291eea.jpg,1358701,flower,real,20
train/1358701/8320b2aab4751bbb9ccd93728fdf7efc514dea81.jpg,1358701,flower,real,20
train/1358701/e03befc8336060d6cde5dc1bfb4ffb171a0ebf98.jpg,1358701,flower,real,20
train/1358701/2646a1de799aeb61dbf9e2fdbbfedc483799c72e.jpg,1358701,flower,real,20
train/1358701/3bb60ad2c4c734f5942fba5d96782e2dedd8d141.jpg,1358701,flower,real,20
train/1358701/c35f7a55e2f171e3ccbba509385dcba940048c32.jpg,1358701,flower,real,20
train/1358701/85561e36ed4e0fadca91f0c717af37610de79875.jpg,1358701,flower,real,20
train/1358701/cd80a1610f67c665adcc5e49ed4fb112af5d8951.jpg,1358701,flower,real,20
train/1358701/9cbdac1debdc0f8577c92e644ea57c8b7dd7ead4.jpg,1358701,flower,real,20
train/1358701/e3bee9da5cdae1069aea11b1fe68c7c4b6af3f1b.jpg,1358701,flower,real,20
train/1358701/1b298118eaf3276583cfa1c41b30723734e0aa79.jpg,1358701,flower,real,20
val/1358701/4b984dd9e95f05cef3b994828d9f29e5a44fcf67.jpg,1358701,flower,real,20
train/1358701/f81beb1826ece968402f2ae3bb21d2e6c36eb611.jpg,1358701,flower,real,20
train/1358701/92b6983ca1896f7fe8e32d6e7f86b93e9cddf5b4.jpg,1358701,flower,real,20
train/1358701/ad9241e2c12603e1722c64dec2d917ec0ffe6dc4.jpg,1358701,flower,real,20
train/1358701/d381d239663136e2ec018eec34eca62ea88dbde3.jpg,1358701,flower,real,20
train/1358701/ea0cd3e0bbd38dccfb72532806e3840e28025f35.jpg,1358701,flower,real,20
train/1358701/bc51a8cea53f102141c5acb28fa10c61ea6b3014.jpg,1358701,leaf,real,20
train/1358701/cabe4dc1b3cd5f0d47ae32ce4fcf81bcd86e747c.jpg,1358701,flower,real,20
val/1358701/28a3cae62e8bd3ce98478fc1055bcb34e31fc30b.jpg,1358701,flower,real,20
train/1358701/3c79c53b121b4c8ad6f7b39bb2aeae7bfb12273b.jpg,1358701,flower,real,20
train/1358701/219e0014aecc30ff477921d8848e15150211bab2.jpg,1358701,flower,real,20
test/1358701/c03d6576a27d86f445b84d51c592e198fbf5924d.jpg,1358701,flower,real,20
train/1358701/3cc6e2671c439dd12af2e0d1ca0e00f2b7cf92e4.jpg,1358701,leaf,real,20
train/1358701/6f942799ae543b0b11dcd67085fefc9016f3ad25.jpg,1358701,leaf,real,20
val/1358701/837893e43a109247995f1a0723403dc8775c4dde.jpg,1358701,flower,real,20
test/1358701/2fb96a9a5e8eb3eca29576f736b46310041f0324.jpg,1358701,flower,real,20
val/1358701/9b4912777c84c2b14dce4d80753d82ca7b8669e2.jpg,1358701,flower,real,20
test/1358701/f5a7c013366e5ba9721a41b757b2aae75441bbd0.jpg,1358701,flower,real,20
train/1358701/978b94f0ded653fe1616f509f5507de70d9d7f0e.jpg,1358701,flower,real,20
train/1358701/3ef0e7f0b64369ae557841acbae973ccce23781b.jpg,1358701,flower,real,20
train/1358701/4fa6720fbfbba78e9b992633ad73f5632247a535.jpg,1358701,flower,real,20
val/1358701/4b9943d2673f2b4d23e93bf6acdc42e0d5af3d35.jpg,1358701,flower,real,20
train/1358701/ea83ee4eb5bdf8e19632bc88c01fd86d99c46aea.jpg,1358701,flower,real,20
train/1358701/4b64e249d274de98d195d579ed5507f5fcb2422a.jpg,1358701,flower,real,20
train/1358701/f136f48a6466ab587ec7715caa65315b7955c979.jpg,1358701,leaf,real,20
train/1358701/2a5004c0f71d5b0e3a98c63e1cf6d7de0ffc165b.jpg,1358701,flower,real,20
train/1358701/0d0f3793206fd044cc4d3a22b1057d057a434de8.jpg,1358701,leaf,real,20
train/1358701/8480f36a59931ca9c7273f953910143deece93dd.jpg,1358701,leaf,real,20
val/1358701/6541bdcfd4ec0209203bbbca50591cc6a7e5d267.jpg,1358701,flower,real,20
train/1358701/5f95345debd60def7852cc437477799e2f9d9c71.jpg,1358701,flower,real,20
test/1358701/334345bf3a7f7a0b1af1960a5581d3001e626e21.jpg,1358701,leaf,real,20
train/1358701/825b33e941c878955382a5f4af2975ea91215ce3.jpg,1358701,flower,real,20
train/1358701/d82bae926fd05e47025932489c758d772e3c6369.jpg,1358701,flower,real,20
val/1358701/d31d33e3a2b301b239052c58f4a1dc090fdf6baa.jpg,1358701,flower,real,20
val/1358701/bedd7dd8ba4a308b99c7e813d3fcc6d9ed110b17.jpg,1358701,leaf,real,20
train/1358701/7af6c1e9f76895f5748bdaa92abcc85190a1797f.jpg,1358701,flower,real,20
train/1358701/1fac347534415c0b45417139b36390a205a861f8.jpg,1358701,flower,real,20
test/1358701/47adf06d08f07ebeb61d1a86966e1d2dd3e9b053.jpg,1358701,flower,real,20
train/1358701/78bedc1b08aedb794e4d363db91affd6c8e653f4.jpg,1358701,flower,real,20
train/1358701/70a66f3857ca2444182337fffe2317d3bf04b4ee.jpg,1358701,flower,real,20
train/1358701/a07d4a9847479e295d4b773fbb8c76a27037207e.jpg,1358701,flower,real,20
train/1358701/49f7a0622d26e8096d037b77c0149a88373978a1.jpg,1358701,flower,real,20
train/1358701/d934eb596523419d04fb1a907e2d14bb107ec968.jpg,1358701,flower,real,20
train/1358701/40777ff47646562ffd1821cf43b3bedd8b510d9a.jpg,1358701,flower,real,20
train/1358701/61ffb79f0b2040d7d5f45a3606f1dba61d87568a.jpg,1358701,flower,real,20
train/1358701/4f91c26e1ecb639e259f974d675923cc1fbef832.jpg,1358701,flower,real,20
val/1358701/ec12ba492a15be35e9c2c647161b2bd3f8732672.jpg,1358701,flower,real,20
train/1358701/d78c63e7fd8757754ae08d5e88c0a6657dbd961f.jpg,1358701,flower,real,20
train/1358701/bc1c00164aeb2cd6f96e1ef6f9165e680f3797b2.jpg,1358701,flower,real,20
train/1358701/56ebc2db240fca0eefd794fe8debc48b105cae40.jpg,1358701,flower,real,20
test/1358701/a70491b6d010f0835bd7a8b255a42761f3126671.jpg,1358701,flower,real,20
train/1358701/3edf56e07085f0d3f34182c3e09574c615d37aef.jpg,1358701,flower,real,20
train/1358701/5fb4d114cada662f74ac185225d24e93ff2f6616.jpg,1358701,flower,real,20
test/1358701/0b1d96d72031faef1a5ea96e308035972138dfe9.jpg,1358701,flower,real,20
train/1358701/a4a728b952e5c71537cca9aa34fa9f1b8ee46042.jpg,1358701,flower,real,20
train/1358701/5cd7ebf15ec5e8ea8533b71b487110d787aa61a3.jpg,1358701,leaf,real,20
train/1358701/44cc51bbb5cb19d39b60e39a8e84952cbcff1e05.jpg,1358701,flower,real,20
train/1358701/53e34bd23959e2e6fde0b841ff9a1256c8557311.jpg,1358701,flower,real,20
val/1358701/6259b1cde1df9522a185557f661390ed22c662ca.jpg,1358701,flower,real,20
train/1358701/e5955c29259c36988c9ad55b9a1040c90dfb3820.jpg,1358701,flower,real,20
train/1358701/d290d607a8b984827c20b006ea36642ad34d078c.jpg,1358701,flower,real,20
train/1358701/b1d5b89facf6bc4f60f32acdb8ea78159bbcf6d8.jpg,1358701,leaf,real,20
val/1358701/db0efb94348fa43fbb076df7f6fdae3ddbad0cf2.jpg,1358701,flower,real,20
test/1358701/c392d9935b0653ecf185bc800baea94eba518e88.jpg,1358701,flower,real,20
train/1358701/4200d07a37f000185ef0d1a585adb4be332d2dbe.jpg,1358701,flower,real,20
val/1358704/e50321513e41cd452d2785cfe834e775aef72af6.jpg,1358704,flower,real,21
test/1358704/a7d65d069031067c282cfc0f030c4f4b24b0d6eb.jpg,1358704,leaf,real,21
train/1358704/c46d59beff1cb73ff3283c6f0390d3f5bf4c3a6b.jpg,1358704,flower,real,21
train/1358704/2c20923776506ec1e251ba53f660ead91dd38c5a.jpg,1358704,leaf,real,21
train/1358704/46e1419b2f36644281407bbab8f0c807abfc8a20.jpg,1358704,flower,real,21
train/1358704/8e146edc26306f77f89c1eaf72b34b5abbdb0acc.jpg,1358704,flower,real,21
val/1358704/d2b5b27981fbc3554bc56e16ab0ee460fd526426.jpg,1358704,flower,real,21
test/1358704/6b8c4d07c1f1a7722d2f850a5621857b56a4e944.jpg,1358704,flower,real,21
val/1358704/8d150c17d5e32e3e953114e3f0eb660d94cafdd6.jpg,1358704,leaf,real,21
train/1358704/585ef52e1a8135e530ce24caceb53cb3a907301c.jpg,1358704,flower,real,21
train/1358704/2d70dead8b7fb64421e9346d2f7ee724ae2a28c4.jpg,1358704,flower,real,21
train/1358704/685ed84f2c47afe2932b87295f92dbe95dcc5d11.jpg,1358704,flower,real,21
train/1358704/09104e93cf358bb79349577643f6ca2855670cdb.jpg,1358704,leaf,real,21
train/1358704/53b4294d799209963173120a6c49a99127a1de8c.jpg,1358704,leaf,real,21
train/1358704/63e542866542e3aeec20ce24bfb56b5969b735bb.jpg,1358704,leaf,real,21
train/1358704/e427e44a7622bb80a899d2a6ab64b5ce56c341f3.jpg,1358704,flower,real,21
train/1358704/32f9beb107afdccc8437dd17b3ade210207df7b5.jpg,1358704,flower,real,21
test/1358704/29c98cc481a906b12ddf977df162f9afb8142987.jpg,1358704,flower,real,21
test/1358704/b8152e8391029665d100ed267252cfebc200ed3f.jpg,1358704,flower,real,21
val/1358704/a42318268735aca4b8bfbe34463d7278369be1a0.jpg,1358704,leaf,real,21
train/1358704/a88ab1b870adb42f5fbece410effc3198a26d15a.jpg,1358704,flower,real,21
train/1358704/07ab748c0526f760b23cca333a54512d13aff43a.jpg,1358704,flower,real,21
test/1358704/2b989e2e095ffbdc39599a5a3312de66834f221d.jpg,1358704,flower,real,21
train/1358704/b1688347ad295296c812d91ab299fad4d3f19fe8.jpg,1358704,flower,real,21
train/1358704/f9af91e30fbab2320a2130b7e1be66059c69c276.jpg,1358704,flower,real,21
train/1358704/a71d1a7c2d96307a5703ad409f5247c332021db7.jpg,1358704,leaf,real,21
train/1358704/152695cb1ea90d37d947cd5c4f2afef3300bfd10.jpg,1358704,flower,real,21
train/1358704/9a4c6ebdf48fb5e9c3d1860657badca2b0576af5.jpg,1358704,flower,real,21
train/1358704/fff4c070d483b64e654a1cf08fed0c9495ffdb4b.jpg,1358704,flower,real,21
train/1358710/c399399f25a77bb9088e6cb2aadb1300f7404c49.jpg,1358710,leaf,real,22
val/1358710/23077ee1c5e893b4645e8cb96901240f6f037aac.jpg,1358710,flower,real,22
train/1358710/d274c16899711035e0d5c731d0e3ea5105b30d99.jpg,1358710,leaf,real,22
train/1358710/542497b159218177a2b44ba774bb9a0eb32323aa.jpg,1358710,flower,real,22
train/1358710/5154a019aef47b1cc5a860477f3b6cd21b2ae158.jpg,1358710,flower,real,22
train/1358710/ab00a11abba4a13489f7d8c08e84751fb7934777.jpg,1358710,leaf,real,22
train/1358710/2494306e15670badc7cf806489b897a51946b02a.jpg,1358710,flower,real,22
train/1358710/047cd99e50cb05d47869543080ec9fb8ef766223.jpg,1358710,flower,real,22
train/1358710/6330f9e2454c4251de07a640037705fe3ac9633e.jpg,1358710,leaf,real,22
train/1358710/2b37ebd4902cc5bc0aa85eae6c80e26955587042.jpg,1358710,leaf,real,22
train/1358710/025b39a669e4d036da79a0660104fd2e6ea2792b.jpg,1358710,flower,real,22
train/1358710/18d4103378a1d17c61ba7fa91291c1354dd47bd7.jpg,1358710,leaf,real,22
train/1358710/c1149725cd8c1f69cf0023c84e6afc2087ecd6dc.jpg,1358710,leaf,real,22
train/1358710/17c05201a9487c3024001ab1be6ab8d109790225.jpg,1358710,flower,real,22
train/1358710/c7aca8a21131246c45f279ac6c9b9e9918df9cc4.jpg,1358710,leaf,real,22
train/1358710/f50025ae3b961f8194c90852761e4b99e40bdf98.jpg,1358710,flower,real,22
train/1358710/4966f5d0ae8f7f91e778bab238015f9993e0caec.jpg,1358710,leaf,real,22
train/1358710/1fe482ecc1fae623ec9015770a069f002664940a.jpg,1358710,leaf,real,22
train/1358710/40a591b4f8c18c4d990198719a1d4542d2f8d4f2.jpg,1358710,flower,real,22
train/1358710/f72be9bfad4f159136a41767515baf3edc837375.jpg,1358710,flower,real,22
train/1358710/caf112f65a372b16e6a3c147750a213485f1b542.jpg,1358710,flower,real,22
train/1358710/166fa5dfcd24ef1c95bd330573cc946bdb76e62c.jpg,1358710,flower,real,22
train/1358710/12baa6d907b61a151f5cfc2e512623e5197a3a9a.jpg,1358710,flower,real,22
train/1358710/5d9da4296da2411943f699422f230eb87bfc340f.jpg,1358710,flower,real,22
test/1358710/ec46fa1578f4beb0d0cf513d3687523b708710f8.jpg,1358710,flower,real,22
train/1358710/03c200b0230001c367f3a1c68e5589338e6b4f41.jpg,1358710,flower,real,22
train/1358710/ffc22e51b56b9528a9bed9e38e0bd595375a7860.jpg,1358710,flower,real,22
train/1358710/52ade7ad0ca3bef673b81588331d50acf472f531.jpg,1358710,flower,real,22
train/1358710/ab78483ba03f8bfdc2907bc86dbbabb725ae6296.jpg,1358710,flower,real,22
val/1358710/40fb957339413b62990cebc5172c947974f647a2.jpg,1358710,leaf,real,22
train/1358710/84c72c8de2b00d750b11af65645a58b19c7318c7.jpg,1358710,flower,real,22
test/1358710/d49d5e22f9fe67cb7cbe2bed219f1fdcdda27de8.jpg,1358710,flower,real,22
train/1358710/3ee400909454a79148df535bed713c0ffcfaedac.jpg,1358710,flower,real,22
test/1358710/874be5b2223614428d8d0effc96ec32a558bbb8a.jpg,1358710,leaf,real,22
train/1358710/ef1eacad53a3145b992acafa4eaf64e213569fe6.jpg,1358710,leaf,real,22
val/1358710/4581e61e97cb0c72b03d1f27765b46574c157924.jpg,1358710,flower,real,22
train/1358710/1cfde00806638e15d1c745cee7a6285f65681640.jpg,1358710,flower,real,22
train/1358710/b22e1cd7000b9c2ff8067a634b21a59c856e5d8b.jpg,1358710,leaf,real,22
train/1358710/0aca67569942ff27f4dc4b2b70f4b1fc7aea2deb.jpg,1358710,flower,real,22
train/1358710/bf4ea55470d2fb53ecc5fcd547b9a31436b06124.jpg,1358710,flower,real,22
val/1358710/7cafd59639483f9aa393f7071952f9ded2cf3371.jpg,1358710,flower,real,22
train/1358710/799255d1f8d1aeb9e0f3ea688e1c856f40f8797d.jpg,1358710,flower,real,22
train/1358710/93cf0816e81394a50e9185d1c00c465d60ebec75.jpg,1358710,leaf,real,22
test/1358710/1754e6d6cd4d41aa4486979e666b5540b403f03e.jpg,1358710,flower,real,22
train/1358710/1d1e518eaba6e0123bd544608f0ac25855463a15.jpg,1358710,flower,real,22
train/1358710/a32f8a853eb9da2e3c292f8560309a61e3f9e089.jpg,1358710,flower,real,22
test/1358710/5d94251844577823fc5b61dcc8f7edddfcb88e75.jpg,1358710,leaf,real,22
train/1358710/8230d1de6b4dd1a51222c29474c6c8117d5348a5.jpg,1358710,flower,real,22
train/1358710/70ddc89b06c051bb87331c0ac7d5a48d047fbedb.jpg,1358710,flower,real,22
val/1358710/d6ca25a6942efc821ac8cea7d1de01082bd69c76.jpg,1358710,flower,real,22
train/1358710/52ee643a165f6b75af36e9ebbe71f9bad92f5413.jpg,1358710,flower,real,22
test/1358710/a70f412883b1e108fa3056080dba69ff56411a2c.jpg,1358710,flower,real,22
train/1358710/9a284c187bc992b03722a89311767a3b77e59cb1.jpg,1358710,leaf,real,22
val/1358710/81bef58a542ea2e951ac15d944205566f47820c1.jpg,1358710,flower,real,22
train/1358710/f0aa5812bd2b875160c1f6b8fb9e9a9b55910272.jpg,1358710,flower,real,22
train/1358710/428c006afc91d30d3b4e3cf76ecdf51651c7fd00.jpg,1358710,flower,real,22
train/1358710/66502ad3cc77160cead3163fb52b7f43e30c5029.jpg,1358710,leaf,real,22
train/1358710/4a979d98c7be76289fe22aec2ced5ee68c6472cc.jpg,1358710,flower,real,22
train/1358710/8159e3d7d09e66ae3192e1c65306cd0d994b1130.jpg,1358710,flower,real,22
train/1358710/89edee447ef45d3ff051a228317d09b14e0edffc.jpg,1358710,leaf,real,22
train/1358710/ca6f236d8692c6d2ddf29484cb23d4ec6fa32f8b.jpg,1358710,flower,real,22
train/1358710/55e728dbd4f207a490b4763528a1cddab8e14d9d.jpg,1358710,leaf,real,22
train/1358710/ac417758f1ba1737dc04a25a167d50ac48edafed.jpg,1358710,flower,real,22
train/1358710/09d728fb9fa077895e6bf0d63ab9dca09b2ca28c.jpg,1358710,flower,real,22
val/1358710/cd904d81588d4712705d97238befb3a2baeaf679.jpg,1358710,flower,real,22
train/1358710/1932da703abcceab25112fe8a69e75d58a5bcf19.jpg,1358710,flower,real,22
train/1358710/1eed2bb71b955bb30d7a869cc6fff2c66cc24e95.jpg,1358710,leaf,real,22
train/1358710/680c7a8cd5384d12c1f45035880480038a3b2200.jpg,1358710,leaf,real,22
train/1358710/01efff2592102afba4afbf94d366f8bf6978570c.jpg,1358710,flower,real,22
train/1358710/82e653276d919efc0c36065086b9280799eab420.jpg,1358710,flower,real,22
train/1358710/a9bd1eeb2ba38e4ef0e2047a61406b702fb2f2ff.jpg,1358710,flower,real,22
val/1358710/5730772e7052bc6e5e43f41d53f7ae97e0173c1b.jpg,1358710,flower,real,22
train/1358710/376fbe2e94f168ee4af1855dce9b3b043f34f367.jpg,1358710,flower,real,22
train/1358710/fda6eae780aac50b73623529b4f8f12d024177d2.jpg,1358710,flower,real,22
train/1358710/10f68e3e3272f696e6738d186b981481fc6c405e.jpg,1358710,flower,real,22
train/1358710/ebdb07ff62b6e9d36fd5595da2397caffdd6e091.jpg,1358710,leaf,real,22
train/1358710/7db99d8d99c79c1c49d7bf67b257ebb38d8b2677.jpg,1358710,flower,real,22
train/1358710/a273a0ea701142bc7050cf542d07d1500b62f8d4.jpg,1358710,leaf,real,22
train/1358710/bc174e4475018d5a9cda1fbf7190a945585e2c80.jpg,1358710,leaf,real,22
train/1358710/7dc68901602aad56f2b9757c902d18b4f1bcd932.jpg,1358710,flower,real,22
test/1358710/68b2183f931d4dea2d8925d63c3836fb33291a7a.jpg,1358710,flower,real,22
train/1358710/621f31cba0e3a1dd6f9cb8e940e898d085151cbd.jpg,1358710,leaf,real,22
train/1358710/6c92728f30470ddd8d302c217c2de52fa8926892.jpg,1358710,flower,real,22
train/1358710/76532b5337067ef8c375390ba5d14158bd415153.jpg,1358710,leaf,real,22
val/1358710/538751a7ba52fb2651228698fa08a2962a7ad099.jpg,1358710,flower,real,22
train/1358710/b39585b7d8e15cf116104331000c48dfb124c3e1.jpg,1358710,leaf,real,22
test/1358710/184cc82e36a5c28153171d8d87f44cce0df30895.jpg,1358710,leaf,real,22
train/1358710/1d3e28e86b93ffc038714398e4b305f198bdea5c.jpg,1358710,flower,real,22
train/1358710/22d323abe6a2556095201ca2121205a79f134577.jpg,1358710,flower,real,22
train/1358710/eb4e5a4ffcbc04fa5c141687d71e6bfa7e88449b.jpg,1358710,leaf,real,22
train/1358710/02577d990f9b1a387b0625002f8a34c08c3366a3.jpg,1358710,flower,real,22
test/1358710/c1722d32b9f1fd705e3135744f1820ddabcf70e9.jpg,1358710,flower,real,22
train/1358710/635edb2d33e7d92a51b83c326bec5bbcd249868b.jpg,1358710,flower,real,22
train/1358710/a057187fce7e565bbc6de7cd193f2c697ec91133.jpg,1358710,leaf,real,22
val/1358710/da0f9e54e11eb0bf4b9d72dcfae744891c6c4c7b.jpg,1358710,flower,real,22
test/1358710/c2b12be7f6223fa9c52391d8a801139cf7d47c08.jpg,1358710,flower,real,22
val/1358749/4497fb73e8b416a337b2f7274f8f7a27016c8c92.jpg,1358749,flower,real,23
test/1358749/e9fecc5389a4afcce05b6d12b7ad0d4d53259724.jpg,1358749,flower,real,23
val/1358749/b407313588e520a58bf437938eee8b3664a14c19.jpg,1358749,flower,real,23
train/1358749/880a0f71057d0d0ab477b6d0c3ca53c1cd7bfc5e.jpg,1358749,leaf,real,23
train/1358749/0d9cd66e67a2cb825a928b88daec4929d2dcdd26.jpg,1358749,flower,real,23
val/1358749/2db7df3e0fc32bd976ad0a1f95d3f96215c3ca08.jpg,1358749,flower,real,23
train/1358749/8d3cdb0bf50ad528d54fa92505008437f523b04c.jpg,1358749,flower,real,23
val/1358749/a49194d2b9a0b32ddfe74b118c769074c0b880da.jpg,1358749,leaf,real,23
train/1358749/34c7801dc69446b7ac3c2d9c0ac4af669162c3ab.jpg,1358749,flower,real,23
train/1358749/1c845f34a0ae8c7d05d8c3c3828d248f339b0a64.jpg,1358749,leaf,real,23
train/1358749/1e2606e057d834dfc1c7290bb9fb445ec59e0f0c.jpg,1358749,flower,real,23
val/1358749/77b485d0414941e0d5951a5f1dcd245f7388ff81.jpg,1358749,leaf,real,23
val/1358749/99699981f8f16dbcbddb26d13b037e57a76cc11c.jpg,1358749,leaf,real,23
train/1358749/20ba1a9380a9fb2c61586b0add41590b886be0e5.jpg,1358749,flower,real,23
train/1358749/9eca4e54f277f723c5425cc6efa6d37cb95c23ff.jpg,1358749,flower,real,23
val/1358749/9b93bc1e37ddd3d49ffbd5884c34e7f9c6ad8e25.jpg,1358749,flower,real,23
train/1358749/4d58558a5e5bf9408e3178438550a95c9cde3c60.jpg,1358749,leaf,real,23
val/1358749/d3110d49ef002f2050fbdfebd50d12468d46c6f3.jpg,1358749,flower,real,23
train/1358749/56b026a5b6616dab32dd53c1338e369663f58e10.jpg,1358749,flower,real,23
train/1358749/4ab696415563a07c6576c9f17bc54ba359953b4c.jpg,1358749,flower,real,23
train/1358749/aaaa134cb9ca8c45a4265f40be3e51be59545141.jpg,1358749,flower,real,23
train/1358749/2b894028f2755d5a373f9adac517d154bacb03b7.jpg,1358749,flower,real,23
train/1358749/5bf087909e3bbdcc8ff87dbec45d18548a4dced5.jpg,1358749,flower,real,23
train/1358749/ae2bfc278c0aef806d1ea16179d52f808450983c.jpg,1358749,flower,real,23
train/1358749/939ce9d3b2613dc350347eba26595c44bf7447e3.jpg,1358749,leaf,real,23
train/1358749/b6596d553dfe0c7f5a370379c9a25a38f9f05bc5.jpg,1358749,flower,real,23
train/1358749/63cd285eb36f9b065b2646310f1ca4a4212b2878.jpg,1358749,leaf,real,23
train/1358749/e651f897e609a3b6dda781cbabd5ccf23b013ae7.jpg,1358749,flower,real,23
train/1358749/cf9e454925002972484559ca26da82e321abe340.jpg,1358749,flower,real,23
train/1358749/2edb7402ad5d3f63bee2608ef02c716f048818f2.jpg,1358749,leaf,real,23
train/1358749/0ccc1ce82cf1f3aae2cceb48df2bb72d0c9ac942.jpg,1358749,flower,real,23
test/1358749/7626e75404ed24a27bc424d9ce8bfb9637e72270.jpg,1358749,flower,real,23
train/1358749/8c3f59da581bfa12eb745d6019799437e9ec894e.jpg,1358749,flower,real,23
train/1358749/84a4735d12578b97016ebe016f2ec57f32c94740.jpg,1358749,leaf,real,23
train/1358749/6ba259f93c37201f83a550a76e0d5d1e4c66bceb.jpg,1358749,flower,real,23
train/1358749/8200c7e76d1d02d50d421513f40ac35ee34c2110.jpg,1358749,leaf,real,23
train/1358749/e32200327998f933fd98447a7542c0311f45179a.jpg,1358749,leaf,real,23
train/1358749/1c39120e9dfba9ee7084eb0b2b6615b1a5ccccc4.jpg,1358749,flower,real,23
train/1358749/efb030946e7f984703829ee20c91c8c986edcb08.jpg,1358749,flower,real,23
train/1358749/511a1fa5b093bbbce702a04632014121245b7e4a.jpg,1358749,flower,real,23
train/1358749/23c33e23fc214d3884d796f52dad4a6cce007192.jpg,1358749,leaf,real,23
train/1358749/9d7579591460b39791c6a819090bd286c350da12.jpg,1358749,flower,real,23
train/1358749/98164e2564cef2c2d264cdb5286219347fa411a2.jpg,1358749,flower,real,23
test/1358749/ac0fd738f24cb9943492524d1b1d9d8eeabe16bc.jpg,1358749,flower,real,23
train/1358749/26dd76f4552c70bb7637ec2ba277c1a71d20952e.jpg,1358749,flower,real,23
train/1358749/55f081da150c6d75140ff4f7947ef124cf923f9f.jpg,1358749,flower,real,23
train/1358749/6eb5bc9b1dc1583d2f68fb74fbd9a195ff03b2e8.jpg,1358749,flower,real,23
train/1358749/cc4326db4d08a0d787933346366957bc28f7883a.jpg,1358749,leaf,real,23
train/1358749/de25305c6077c5bdccdd6acf7f37408de26b3c02.jpg,1358749,leaf,real,23
test/1358749/30143a7107ff673e4e886f02b98a7f9bbf32ca68.jpg,1358749,leaf,real,23
train/1358749/bb799906a9593dcad4662091a5f6d305b0a7ec91.jpg,1358749,flower,real,23
train/1358760/29fb2361a4fd5154083816f26ec0674b128dd4b2.jpg,1358760,flower,real,24
train/1358760/4532321905c4cdca214e1fb3f092cc3c3c3de03f.jpg,1358760,flower,real,24
train/1358760/9d43b623e7cf7c6cec88d7bc8f9f7a5cc641f311.jpg,1358760,flower,real,24
test/1358760/b2e7e088e5dd6b3fc4158fb8ccc3b8e47c409a41.jpg,1358760,leaf,real,24
train/1358760/1dd9a7c6b12b0e5fcea3003a39d79e9c06c820ab.jpg,1358760,flower,real,24
val/1358760/a75589541b28a11bfd9b331f1a35188c73dddb42.jpg,1358760,leaf,real,24
train/1358760/00aa7382b0f26eea9c9ac2d14bcd9782934c930d.jpg,1358760,flower,real,24
train/1358760/1074a0dcd757c8a4beb343188de0186a8411dc63.jpg,1358760,leaf,real,24
train/1358760/898161a7f5a416fb1eea23a9d19a9e7d258f3f4e.jpg,1358760,leaf,real,24
val/1358760/b1b1b8a511a642e5eac5bf14457432f123450f43.jpg,1358760,leaf,real,24
train/1358760/c3cadf7d51ec80f903d49ebe322571177477d60b.jpg,1358760,flower,real,24
train/1358760/4b0e57be3a820ca85c475c0857ca89471f02ac1e.jpg,1358760,flower,real,24
train/1358760/49d22a9ca6fb2683848659431750028db85595f8.jpg,1358760,flower,real,24
train/1358760/bb8587a669355c88eeb788a4f86679615be85053.jpg,1358760,flower,real,24
val/1358760/207dd67746ddca491c21a474b84954a21ccd3be5.jpg,1358760,flower,real,24
train/1358760/a65de6ee2870784abef22b4efb7b6efd359fe0cd.jpg,1358760,flower,real,24
train/1358760/2e82b3f16860a5eaf1031974600a2b752df2a330.jpg,1358760,leaf,real,24
train/1358760/e69dc688293f9116c2e88c0e577625a87e9a5a8e.jpg,1358760,flower,real,24
train/1358760/20a18a4544b9c40690344e7fdc7717c822dc627e.jpg,1358760,flower,real,24
test/1358760/3b88c6486bbbcb0bb0f2ad49fa02d55f726dfcdd.jpg,1358760,flower,real,24
test/1358760/6912b29d3910188245168fcc8ed345b00dfa0b1f.jpg,1358760,flower,real,24
train/1358760/0f3c9f3d797286e57c9257fceb4a76b7e629067c.jpg,1358760,flower,real,24
train/1358760/6f16250df5bd52303dd163285ed45e7237693f1d.jpg,1358760,leaf,real,24
train/1358760/4e65f37afb193dc2d169a09019157bb121f249f8.jpg,1358760,leaf,real,24
train/1358760/b97e1928568cbb7fca4bddd06dd1584bc408e4f3.jpg,1358760,flower,real,24
test/1358760/58c6653e7baff9c45417b6b012bcc0fb440b6596.jpg,1358760,flower,real,24
test/1358760/9443fba1e7025667cbb5053743a9b3073e5131dd.jpg,1358760,leaf,real,24
train/1358760/39e200420c02e2cbd8ac82519a601501b9342ebb.jpg,1358760,flower,real,24
train/1358760/4560ca0a3a40cf09a0f0a4f6b097b22140674b12.jpg,1358760,leaf,real,24
train/1358760/cf4d7ab448b4e81c3bd9985226d67d65e733dc19.jpg,1358760,leaf,real,24
train/1358760/4b4e563aa884247d7146b32a72f2c2854fee5c2d.jpg,1358760,flower,real,24
train/1358760/c8b0acd27635525bc0d6d9fd5178933f008649f1.jpg,1358760,flower,real,24
val/1358760/057045982143aab38c2b2cdffebcbb0ca51843da.jpg,1358760,leaf,real,24
train/1358760/6ab93c325719ac1404805038a6875de7c964b649.jpg,1358760,flower,real,24
train/1358760/2fba8361e57ca1a095ba23eac4c1f919e1169060.jpg,1358760,flower,real,24
train/1358760/67bae669e65131ab7be0530af89d32b4f4238331.jpg,1358760,leaf,real,24
train/1358760/25524e69d9a8667ad3097c8af3bcf68a53fead70.jpg,1358760,leaf,real,24
val/1358760/d46bbda3e533508d9cf80455a915e33c4ed392c2.jpg,1358760,leaf,real,24
train/1358760/3adda4644a056402d7ac5e37b7f9abedff2a2a14.jpg,1358760,flower,real,24
train/1358760/43a3bb2f27e6d5fb10becb18a042b242ea8c6ed4.jpg,1358760,flower,real,24
train/1358760/00771dfaa217fcc125376f9ba8a5665b8ee3532b.jpg,1358760,leaf,real,24
train/1359332/8bf553458673b3e62a937c05b0bcc7c111812315.jpg,1359332,flower,real,25
train/1359332/9c460177e897b8305a90af293449930bfb3c37d1.jpg,1359332,leaf,real,25
train/1359332/7d93d1ce572487957abef2c339abb5f6d7f3cc1c.jpg,1359332,leaf,real,25
train/1359332/969f19a0e06aed412038bfdd3c9b9968c7213c08.jpg,1359332,leaf,real,25
train/1359332/73676f4c3b1b49d94f41e065a36344348e75a5a1.jpg,1359332,flower,real,25
train/1359332/473fb264693d2a0a8c3d5a089af7f7670ebf230c.jpg,1359332,flower,real,25
test/1359332/650bbdd7b445d3088e4024270629574bb4848ccd.jpg,1359332,flower,real,25
val/1359332/e222d74a304b789b3ca3a1089d6472f9bf38a316.jpg,1359332,flower,real,25
train/1359332/7890d3c5bd2bcef7c6e850e836c0d4cdc4414792.jpg,1359332,leaf,real,25
train/1359332/6238ce41ac1bead21903f5363568064be3071299.jpg,1359332,flower,real,25
train/1359332/ee69a1ecd42edf2403c2a1b8743911d4a3138917.jpg,1359332,leaf,real,25
train/1359332/33a311a43df217d57de5effc80e171189cb37f6b.jpg,1359332,flower,real,25
val/1359332/28449d50dbaf6301ae7c71366cc4c9aaf7a70bc8.jpg,1359332,flower,real,25
train/1359332/cbcefc577e3f65d74880a00cffeac4969eb8c701.jpg,1359332,leaf,real,25
train/1359332/cba97de10696f47164b5c79fb1f683ce1290691f.jpg,1359332,flower,real,25
test/1359332/575848525d5a1d28e94dc8e85093af8364098975.jpg,1359332,flower,real,25
train/1359332/69b4d1a0f3c230e121f8cec1d8cb79ee8681415f.jpg,1359332,flower,real,25
val/1359332/6309e6fd4a56816cf030023884cae91203bcad00.jpg,1359332,flower,real,25
train/1359510/e551237e82b31cf09469f43048c53c934ada8766.jpg,1359510,flower,real,26
train/1359510/089c1fcf13ffd44d8e2cd3a8ec804234706da443.jpg,1359510,leaf,real,26
test/1359510/08b2531bad8d890ddb9abbb2e6b749920263e205.jpg,1359510,flower,real,26
train/1359510/37401b810c8f3626af629081729baf65805df89a.jpg,1359510,flower,real,26
train/1359510/613fcc8689595eaf86a3ef77e153fbe20366d8fb.jpg,1359510,flower,real,26
train/1359510/d83c689195fd05fa78c9d2910f5978da7017b2b5.jpg,1359510,leaf,real,26
test/1359510/d65ef65796f3615915bbd9538d6718c1ab3ff9d3.jpg,1359510,flower,real,26
train/1359510/7fcf9f20fb294b2b241e3b54228de63dfbcf3dca.jpg,1359510,flower,real,26
train/1359510/11a377b3f66bb9783634ad2bf4137e7f5dedcc8c.jpg,1359510,flower,real,26
train/1359510/33b835ea23092f77fe266b2fcf2e7208e7a417bd.jpg,1359510,leaf,real,26
train/1359510/b2eacd6508e24ecd80b582c2a76be4616d3f34c9.jpg,1359510,flower,real,26
train/1359510/14eb085e19160d5eeafd2e55def6c533749f7914.jpg,1359510,flower,real,26
train/1359510/56c414e069d009ca5546882837263bdc5123ab6f.jpg,1359510,flower,real,26
train/1359510/499f05d5e93f99364ff65b2e8142cce718d7e42c.jpg,1359510,flower,real,26
train/1359510/a405e934392e3677a6d8025888bb2ef798ae7d98.jpg,1359510,flower,real,26
train/1359510/8f3a9136934fcb531c435392a03ef16623f644dd.jpg,1359510,flower,real,26
train/1359510/5752868bd5c45989a0c9be56b018172ede4e9072.jpg,1359510,flower,real,26
train/1359510/557c800005edb87818056b9a6a747c27e6cfa373.jpg,1359510,flower,real,26
test/1359510/8ddec553e1209ed8d6240c9d5e035e3307fe75cd.jpg,1359510,flower,real,26
val/1359510/727ce538758bbc1acf1e4105f58020b0ea96cc00.jpg,1359510,leaf,real,26
train/1359510/0bc96088efec69cdc585dd15ad31081e76ee002d.jpg,1359510,flower,real,26
test/1359510/c6d2251a51ac7c6a501be113f867d29986a09806.jpg,1359510,flower,real,26
train/1359510/bd410650192f09c42ca54d447aafad751167e638.jpg,1359510,leaf,real,26
train/1359510/d76ca73881a3d6827ead309ad143de146ab1111a.jpg,1359510,leaf,real,26
train/1359510/811d729890647ff5d64dd6790a480d929b0aef83.jpg,1359510,flower,real,26
val/1359510/0c4eb13cae26350447a64670871d538cd70896e4.jpg,1359510,flower,real,26
train/1359510/aa02045170abc74d870186c7852a7433987820bb.jpg,1359510,flower,real,26
train/1359510/a6360aa927743f763c6864cacdae13005ea7c0f0.jpg,1359510,flower,real,26
train/1359510/c05de5d52aa3cd5adb54e7149d928378944440e3.jpg,1359510,flower,real,26
train/1359510/8ba1c2b2b828f5c048179d9930f6f0c8a622c60e.jpg,1359510,flower,real,26
train/1359510/66d5a2b4a6bcfdd629bab824078a00eb8838d2c9.jpg,1359510,leaf,real,26
test/1359510/a15f329ec9120373438df018ce22f5cc58fdd76b.jpg,1359510,flower,real,26
train/1359510/85acc1a841a4fe011bc5ab9e07dd79f0fe8fb3ea.jpg,1359510,flower,real,26
train/1359528/634dd0789c172ece5c3e6ac7b4ffcc9cbe4c571a.jpg,1359528,flower,real,27
train/1359528/faf5a8a778951f1a346adc89e705f70eedd74a17.jpg,1359528,leaf,real,27
train/1359528/36b5b46cbbd3b87547f269dd7a9cc29396b316de.jpg,1359528,flower,real,27
train/1359528/dc6583adcab4e6985f7368a8e904cc84491d71ea.jpg,1359528,flower,real,27
train/1359528/001d73eac6d94112baf0a1dcc1fdcda350ee50ea.jpg,1359528,leaf,real,27
test/1359528/673a9762d6c828f26762af89961b885ddb80f081.jpg,1359528,flower,real,27
val/1359528/42216310ead63d8ba3ab2dd6184d824eaa7d46ef.jpg,1359528,flower,real,27
train/1359528/392efd800efa63d41f44d6c67219fc6e93204ad9.jpg,1359528,flower,real,27
train/1359528/8468ffdd6ced4489d221ff0772402acdda3082a3.jpg,1359528,leaf,real,27
train/1359528/080675a15db5dabf93e684d6ebbb876d189d5711.jpg,1359528,flower,real,27
val/1359528/ea6004918858d29d89cbb714592bc0934894838f.jpg,1359528,flower,real,27
train/1359528/aae27865f8ba683ad5eef564344e2bee8218daaa.jpg,1359528,flower,real,27
train/1359528/392f5503fd770950962a836a6ef408fc50d38891.jpg,1359528,flower,real,27
train/1359528/e02677c1e48604ba3d5e2f599c36c977ef2116f8.jpg,1359528,leaf,real,27
train/1359528/08a75518cb2b77fabd64a86402eadb7294193c33.jpg,1359528,leaf,real,27
train/1359528/63f3fcdb3f9b4d9026c9cfd0298fa4b326ff10fa.jpg,1359528,leaf,real,27
train/1359528/06456e3fdf7cdf1f8ae7826180e51591a56de67e.jpg,1359528,leaf,real,27
train/1359528/576a88c8695bac328f81b95afc93fe7296fec4f9.jpg,1359528,leaf,real,27
train/1359528/7d5433250faaaceae9bed5db61e81907d26854a7.jpg,1359528,flower,real,27
train/1359528/693944aefc95e8b49e6536de21beeb38ca2d9b96.jpg,1359528,leaf,real,27
train/1359528/09765943d24995ba34b971ac90f074b7b9b5b335.jpg,1359528,flower,real,27
train/1360148/372b73e26f92456fdc9eb3250c3e2973e0cee9b5.jpg,1360148,flower,real,28
train/1360148/0b4a3ce3ed2864da563ec99e1630001bbe907a26.jpg,1360148,flower,real,28
train/1360148/4b73646fe68f581817008e14a46a9a241094590c.jpg,1360148,flower,real,28
train/1360148/75089b9d0279421333806a845f99b0c39f6d7752.jpg,1360148,flower,real,28
train/1360148/8e54561d5199500799a6599a073443dbd9b8df8c.jpg,1360148,flower,real,28
train/1360148/1aeecf42a779bdf2e60e2ac3435519390158adee.jpg,1360148,flower,real,28
train/1360148/f272d2ef99c8954113b4a330208a0319e76cb592.jpg,1360148,flower,real,28
train/1360148/4c93e461bec929d18f0b3e093c75c4cd1a237c26.jpg,1360148,leaf,real,28
test/1360148/db42b9c3a421fccd65d9b57633393bed32b9a453.jpg,1360148,flower,real,28
train/1360148/855d512c4e4b26311938b54548a9044fea9eecf4.jpg,1360148,flower,real,28
val/1360148/dbb80fa0007c5e4ced224046ab0f595bcbd07451.jpg,1360148,flower,real,28
train/1360148/076a40a736735a78c811be4347d95d93329f29ca.jpg,1360148,flower,real,28
train/1360148/6be3090b64f209d8d47d47f15460578fbf6e8bfd.jpg,1360148,flower,real,28
train/1360148/e101a5012901c6b349392d6291ff0eaf482f8204.jpg,1360148,flower,real,28
train/1360148/b158580223f05ad705c43dbedbca3fc631acdd68.jpg,1360148,flower,real,28
val/1360148/a2e43f636beb4bc0a4b288e093d7de251f8bc0bf.jpg,1360148,flower,real,28
train/1360148/480dca11bb144aeddd38197f3b03b3aa83913994.jpg,1360148,leaf,real,28
train/1360148/b05b75cbd4301ede0a958d959361fe27b66e9928.jpg,1360148,flower,real,28
train/1360148/fed3d4c4d3f737b332fbf2c58d6019da27c33897.jpg,1360148,flower,real,28
train/1360148/c9448bd08b721792598330f97c6f17ac1b310298.jpg,1360148,flower,real,28
train/1360148/e50552c649f36621ef8074624bc34759ed95e7a5.jpg,1360148,flower,real,28
test/1360148/fa398a8fdba04d2fdde30f2bf10ba0073d7cf880.jpg,1360148,flower,real,28
train/1360148/d34f3960bd4305d21caeb9b977162c78eefd7cef.jpg,1360148,flower,real,28
train/1360148/130a2e915827b2e2b890fd6ad1cf231d9e64fb99.jpg,1360148,flower,real,28
train/1360148/ce58734e4e1abd329030b039de19a2ff877fba79.jpg,1360148,flower,real,28
train/1360148/8868f1e062b695ef83e3e36c4a40e902ce1d94f5.jpg,1360148,flower,real,28
train/1360148/29d3d283deeedca00ccd31a8b113466ca39623ca.jpg,1360148,flower,real,28
train/1360148/f26ed44f76c75616f32514efcb9548d8f904febc.jpg,1360148,flower,real,28
test/1360148/2b4fd95cfe80d24a3fc943cf262ffdc77b91186f.jpg,1360148,leaf,real,28
train/1360148/d75737d9f33e89776d2a360816417ee480057119.jpg,1360148,flower,real,28
val/1360148/82ff0626b612dc9a86ea3fe911e47a2d8a79eb1f.jpg,1360148,flower,real,28
train/1360148/d837915da82a5781d9717fc93b93414e6ba79c78.jpg,1360148,flower,real,28
train/1360148/43e5e840532569a6ec64f4202e8dd72d67fd3ea0.jpg,1360148,flower,real,28
train/1360148/604ddad6f79c90b994d35d13f0d5945b37112e11.jpg,1360148,leaf,real,28
train/1360148/740293425d760b5965859004892085d8cf230baf.jpg,1360148,flower,real,28
train/1360148/b8e5d85b4347498ba1389211ad14d89e4254ae18.jpg,1360148,flower,real,28
train/1360148/e194bf1b95fd2e7c9286aaedcf8102375cdf896f.jpg,1360148,flower,real,28
train/1360148/50cbdbd03233247505eddfa5e16f7257c8b59e4c.jpg,1360148,flower,real,28
train/1360148/77c2dfee23d409361b305d824f8f9644dc2b4720.jpg,1360148,flower,real,28
train/1360148/4a810e5259462af7fd22c0c04dc0896cf6aabd5c.jpg,1360148,flower,real,28
train/1360148/fe483a6927d217f93d9c2b9f7a14681b64ade60c.jpg,1360148,flower,real,28
val/1360148/738f88a48fcec8c82e56e2a3c90a9b8a4dda94b0.jpg,1360148,flower,real,28
test/1360148/44c8418a31825c5b8495a5206da7005539ee9ede.jpg,1360148,leaf,real,28
val/1360148/7789aba67b9d2be7d98172a4e00112f80d8a081b.jpg,1360148,flower,real,28
train/1360148/dc46e09ae68f54f1b06b48a4c3c9f8970e584ea7.jpg,1360148,flower,real,28
train/1360148/514f0ac5cace8cd287dba2aa2c7a8d886e77c1a3.jpg,1360148,flower,real,28
train/1360148/531231b4ed3887ec823a79e6ad0ae24f74c6a944.jpg,1360148,flower,real,28
train/1360148/079bd6cf6ad841d9bd3abbf3842149da84f8d638.jpg,1360148,flower,real,28
train/1360148/13ccf50068efaf45fce166b0b0bad34fb4ad0a66.jpg,1360148,flower,real,28
train/1360148/ace345de812d5f5c03dc85e83f99669f27d973d9.jpg,1360148,flower,real,28
train/1360148/3f16615beafa4954d8dce84ea4c68917552dfaa1.jpg,1360148,flower,real,28
val/1360148/a2b39e48eb9c96069999cef0aa96bc87b322d676.jpg,1360148,flower,real,28
train/1360148/a9280f921af67b1b07a57290c44b17603b049173.jpg,1360148,flower,real,28
train/1360148/57384372fde9c771e790aecb389fcb0e642a1af2.jpg,1360148,flower,real,28
train/1360148/8b702c7799d083424aed8d729da1e886f3813ebc.jpg,1360148,flower,real,28
test/1360148/9d9e200701d5cdab345f274eebdc7c96cd919453.jpg,1360148,flower,real,28
train/1360148/60d56a6d34db246061bc571fb89585193a5d67ed.jpg,1360148,flower,real,28
train/1360148/ce6626705d26d5b2dc8d8ff0ce0ce9f1e7b4cab2.jpg,1360148,flower,real,28
train/1360148/494248e8107e9de8a873e6cf8185f27b49b35afd.jpg,1360148,flower,real,28
val/1360148/673c7d2de49a6094e2df53ddfa1ee4a07cd5cf2e.jpg,1360148,flower,real,28
train/1360148/c64b3b82d466a003f4b0e5e4ce6da6b905b86380.jpg,1360148,flower,real,28
test/1360148/98ecb29bbcb114a4523d45e294d3f7e509cd5c0c.jpg,1360148,flower,real,28
train/1360148/96986d588c1fa8eda834f31b79c4affbd82d980c.jpg,1360148,flower,real,28
train/1360148/9ff7febfbf97d99fc04d55f3e81c177b769fa477.jpg,1360148,flower,real,28
train/1360148/9b518021b88162f316aa783d9bd504c5f1b61355.jpg,1360148,flower,real,28
train/1360148/2dd6bee05fd25d4c8b7119f875082e982b3d3cf4.jpg,1360148,flower,real,28
train/1360148/262f53169fb0c39e5d5f9bc1710fa7fbab31c5dd.jpg,1360148,leaf,real,28
train/1360148/ec24130f48640c4c47fde260b6a17a8fc01443c9.jpg,1360148,leaf,real,28
val/1360148/93c21b72a9045361c8f44f121e7ecd89031c53db.jpg,1360148,flower,real,28
train/1360148/79486aef0192949a6fa935afc6a19d19a33c605f.jpg,1360148,flower,real,28
train/1360148/5302296fc522a3ab92839a4b6aeefe2a214c8ae1.jpg,1360148,flower,real,28
train/1360148/8b5ecd8eabbba7c7a4ec3808bd3a1ab7792ddad8.jpg,1360148,flower,real,28
test/1360148/9cd3514aaf45be7c117117e4a5e49ac5a57a0d6d.jpg,1360148,flower,real,28
train/1360148/248d1819cb7871ad3b45497895b44bb47628d926.jpg,1360148,flower,real,28
train/1360148/adafea68ae1a635f4f4fff63c7d4352e6a56f3b6.jpg,1360148,flower,real,28
train/1360148/808b216794e4eb827c7948569a89ec192a82e203.jpg,1360148,flower,real,28
train/1360148/8b23b9fe5d77d1add76b026173cc2c3c66f3f983.jpg,1360148,leaf,real,28
train/1360148/524f8f38f4ef566ba579ec68bf51083b6717a61f.jpg,1360148,flower,real,28
train/1360148/cae3c31d525b85e2900c6f932c5779924a2efb87.jpg,1360148,flower,real,28
test/1360148/2f63317c8707ee9eee12d0fd325e4859b574f744.jpg,1360148,flower,real,28
train/1360148/a612147b9d9245318fc890867a5a2fec5dd3710d.jpg,1360148,flower,real,28
train/1360148/29c5ba84de1792064551727fdcac10533f5fe21e.jpg,1360148,flower,real,28
train/1360148/5bdd00165bbe68f55df62626c924060c3b447251.jpg,1360148,flower,real,28
train/1360148/f76d025c824d63c0d59579c6c143e9098fefb7a2.jpg,1360148,flower,real,28
test/1360148/18efd595ce8584bb40e876e8509ce7e96e3c8e5a.jpg,1360148,flower,real,28
train/1360148/c604dc7147abcd3093172e3e4fd557f5a72ee8c2.jpg,1360148,flower,real,28
train/1360427/782fa0db5cc6f4da5c4c9e2cd5f8b5725fae8b81.jpg,1360427,flower,real,29
train/1360427/bdf2d2bc945228737cec1e95598b92e391e83421.jpg,1360427,leaf,real,29
train/1360427/a4c69ee0d51cb76ddbc9cc992976c26bbdaa644f.jpg,1360427,leaf,real,29
train/1360427/93c79daf2afe04523a001c17bc244dbd85919463.jpg,1360427,leaf,real,29
test/1360427/d69309974f4d6405113e2f060be91f01e3f2a78d.jpg,1360427,leaf,real,29
test/1360427/7e868361ac78b111555ff567d186956c91ef814b.jpg,1360427,leaf,real,29
train/1360427/0bedacdf1af0beccdcaf68c7a33eb4146ff6a4a7.jpg,1360427,flower,real,29
val/1360427/ec35943ac6e4667a608268b345718afdc2900f8d.jpg,1360427,flower,real,29
train/1360427/d5f64fd61dd74df2329ff7a123a672c1e440dea0.jpg,1360427,leaf,real,29
train/1360427/f1ddf524560c0a0a293ab9f2a28383d8585e550d.jpg,1360427,flower,real,29
train/1360427/ee3f86218766c0a973185e881beabcd1b231b8d3.jpg,1360427,leaf,real,29
val/1360427/a88c66780144232910b3a2d646e179dd5ebb7056.jpg,1360427,leaf,real,29
train/1360427/2b1bb1b290915c45b6f4b7e7d6a10a837fa5fd35.jpg,1360427,leaf,real,29
train/1360427/cc8321844e3d884bb150ae827f6fd537885b3d2c.jpg,1360427,leaf,real,29
train/1360427/7b8c60205f4d4b92c8f67833aef7c2c0c221e95e.jpg,1360427,flower,real,29
train/1360427/9a9a8f9012c204af211d872891fef6cb6ebbfda2.jpg,1360427,leaf,real,29
train/1360427/296f49541d586b4e8f0b1541d80b58389230b01e.jpg,1360427,leaf,real,29
train/1360427/d92c7f0885457039cfb24b9014f6e644413edfa3.jpg,1360427,leaf,real,29
train/1360427/9a76c98b8f4dbfddb7c51087d3db2500efe43f3c.jpg,1360427,leaf,real,29
train/1360427/c7d62e384b69791366ec4c75891e482ecc5df76e.jpg,1360427,leaf,real,29
test/1360427/02dfe97922b06bfae2c075afa6000088b996f293.jpg,1360427,flower,real,29
val/1360427/9627b950479b50b6a44cc9afd19d3ce7f88a5b93.jpg,1360427,leaf,real,29
val/1360427/2458cd36a09a128457162e80f4d97a9dd2875878.jpg,1360427,flower,real,29
train/1360427/cde45ae711766709bd69c0ab323ed14d387c78b7.jpg,1360427,leaf,real,29
train/1360618/6c737a0f1f8ef6c324db7ea11daa2f6c635541a8.jpg,1360618,flower,real,30
train/1360618/401c1a12191a21d7e3add54507e6db52fe5aad0b.jpg,1360618,flower,real,30
train/1360618/3054be32bd22c8b48e17d91398681081f914814d.jpg,1360618,leaf,real,30
train/1360618/a1c9343d86e51aa59d45d8217a55acf30ebd1f62.jpg,1360618,leaf,real,30
train/1360618/db3dae98619a1bbd4f1e649f6970f0b48954b056.jpg,1360618,leaf,real,30
train/1360618/3a456209f05cb0f6dab61862e8f18e7591e813b0.jpg,1360618,flower,real,30
test/1360618/62663f248055d7c11d732ac17f46d917f2c2ac01.jpg,1360618,leaf,real,30
train/1360618/965842411fef0eefeccd1426fc5c1ef5f11260c1.jpg,1360618,flower,real,30
train/1360618/124672e80adb22c33e19260f1284a4e0b9458b06.jpg,1360618,flower,real,30
test/1360618/1b4e4674d78d31c119680d343464ec2bab818602.jpg,1360618,leaf,real,30
train/1360618/4133f870f01fa703a59da0628d08944e30218184.jpg,1360618,leaf,real,30
train/1360618/cba1cdb6a3268a2303e4ffc4084dfcf6d9f2cbee.jpg,1360618,leaf,real,30
train/1360618/25d93c6d315757702dc62fd271542e13171b9faa.jpg,1360618,flower,real,30
train/1360618/72617e102ef6d8aa08732e49f9dd3d60ad301b75.jpg,1360618,leaf,real,30
train/1360618/e35f7ca6a117012b35ee20b41d751de06d424597.jpg,1360618,leaf,real,30
train/1360618/c00d8abc626d11e259d44ecde93ac4f4433473ec.jpg,1360618,leaf,real,30
train/1360618/c3bb4bef929eee170dffd153d5c44f91452bdfec.jpg,1360618,leaf,real,30
train/1360618/39a237f172b119c1f723b9c27bc5e981280e5533.jpg,1360618,flower,real,30
test/1360618/499a6f89cf418708591b386046b8af55a5ac9387.jpg,1360618,leaf,real,30
train/1360618/5dc623ec11dd61d8d97d078eef496c920a5d007d.jpg,1360618,leaf,real,30
train/1360618/335c25baafaa5e9af79f37f78d580eab09199310.jpg,1360618,leaf,real,30
train/1360618/6575872336f645c38650e376b02d94a0f520b5b9.jpg,1360618,flower,real,30
val/1360618/164e049e97e5bb730adb54960b7080065253390c.jpg,1360618,leaf,real,30
train/1360618/bc01a554a2ce30ae6c0b408bd7bef2bbce6584d6.jpg,1360618,leaf,real,30
test/1360618/b6442eef2172fa952ca32fa4afc495b2aa14bc8e.jpg,1360618,leaf,real,30
test/1360618/ec81512c831e4186192b18cd291443c54a09a052.jpg,1360618,flower,real,30
train/1360618/b93e5ce59d8778fc8cdeadae71dff598377c320d.jpg,1360618,leaf,real,30
train/1360618/800eb983f944ff1dcea0dd981f8914d64c76c20a.jpg,1360618,leaf,real,30
train/1360618/e9514f11a45464675bc9563c227dee2991e79b9d.jpg,1360618,leaf,real,30
train/1360618/b9b70fa283ace8b5b07c7dbacd269c5aa4606f48.jpg,1360618,leaf,real,30
train/1360618/f0aaa4224c4dc0ca136f8b4a60ba0b39da159f21.jpg,1360618,leaf,real,30
train/1360618/18ad7b141d9526a9a6d37ba24079036209b1dfa2.jpg,1360618,leaf,real,30
train/1360618/45a3ef3f541b999f99c717016a4bbf6e4c419179.jpg,1360618,leaf,real,30
train/1360618/0ea17eed5eb6c0744c1de9c182634829a05b6868.jpg,1360618,flower,real,30
train/1360618/8bdbed206f7cd69eaae0ffe5c004fd244d1e35c4.jpg,1360618,flower,real,30
train/1360618/0463e8a9354f62a2624319d30b14eec29bd0c6fe.jpg,1360618,leaf,real,30
val/1360618/d1e9d6f68151b3acdb458229ba304598e63fcfe7.jpg,1360618,flower,real,30
train/1360618/f7304ce57df5e23e1c4254763e462e0891c6e3bd.jpg,1360618,leaf,real,30
train/1360618/eab9f8b06127f3a0a15bcdc24867148063eef1ef.jpg,1360618,leaf,real,30
test/1360618/5480bc0c25d13fc23fc6e9d92dc7826a57a3afd8.jpg,1360618,leaf,real,30
train/1360618/c83ca5ca09572504ca5c80bf898ed312edc2119e.jpg,1360618,leaf,real,30
train/1360618/befe9ca2520e9c8b3b96c6e2a5a04eeb0959a234.jpg,1360618,leaf,real,30
test/1360618/f107371a4c7c771212fe333047a21b3358007c95.jpg,1360618,leaf,real,30
train/1360618/057fcaf86836c1bae028efba8f419c2e92f8315e.jpg,1360618,leaf,real,30
train/1360618/b0439f397c57df719dd8a5616cb308cd9528650a.jpg,1360618,leaf,real,30
train/1360618/522dd0ca664b258f76d052fb8a7cb781dbfcb219.jpg,1360618,leaf,real,30
train/1360618/6e44823b4ca2cbb0115c6c3e1f6ea6bbb8bba93e.jpg,1360618,leaf,real,30
test/1360618/db9e1890e34ca07c7a5963a3baa59a1532277504.jpg,1360618,leaf,real,30
train/1360618/525005fbc33f5ca15b0f4afa6e7beaa2b1ba1351.jpg,1360618,leaf,real,30
train/1360618/1712eb3710a7c0595d0e56ce2099928d31b89441.jpg,1360618,leaf,real,30
val/1360618/5c8baca05c6bb8937a1f4d4c6afe96e9f525b898.jpg,1360618,flower,real,30
train/1360618/b30a461a510ec62f2c576551ec17ee63c3ee8616.jpg,1360618,flower,real,30
train/1360618/a4f0eb62bfc92d7d0718d6cb691f4bef44ba0dbb.jpg,1360618,flower,real,30
train/1360618/60740e035ef991d624dca2dbc7c2cd170ac6617e.jpg,1360618,leaf,real,30
train/1360618/986d06c500f5423a28c177ec9885fb7638dff27d.jpg,1360618,leaf,real,30
train/1360618/df079d8479b4fd210219fa9b8f084cb5b8646715.jpg,1360618,leaf,real,30
train/1360618/080fb6cd1576842e344d8c064427a90bcb391454.jpg,1360618,flower,real,30
val/1360618/8f62dc6a16924d23891deb4b1523d91e3d749e96.jpg,1360618,leaf,real,30
train/1360618/14549c3f6a81df8a8605e55522c1b950012ee2c8.jpg,1360618,leaf,real,30
train/1360618/48b30a3535a220f5a12663b783abc6e346692c66.jpg,1360618,leaf,real,30
train/1360618/54c5728f5aa7f4df9a11fcb3a9fb8aeb7684fbfd.jpg,1360618,leaf,real,30
train/1360618/4806850898e4f13e4349f847e849ab5b21461e2e.jpg,1360618,leaf,real,30
train/1360618/61e69b68455efde403ea7cbb4d48e697b6c02144.jpg,1360618,leaf,real,30
train/1360618/ff65a753ae7f6ee5e96da1e4aa5ad7c99b722fbf.jpg,1360618,leaf,real,30
train/1360618/597d4d34d8a24b082e814d725acc7c3a197dfb23.jpg,1360618,leaf,real,30
train/1360618/5e3023dcb2756fc63c629a9e6b392fab1933f9b3.jpg,1360618,flower,real,30
train/1360618/cf17db78f5ef006e059a88f79966ce94ac1f4a12.jpg,1360618,leaf,real,30
val/1360618/1bc4733e5f77f3f7c8b4e2a08ba55b6619b542d2.jpg,1360618,leaf,real,30
train/1360618/86871513e8969e1a608f9ac6e9d1646f0a59439f.jpg,1360618,leaf,real,30
train/1360618/33b76b522f742826756fb6dd4e555bf68cc36c90.jpg,1360618,leaf,real,30
train/1360618/777d1e363e201cb1ba18402cfb4ab006aad246d6.jpg,1360618,flower,real,30
train/1360618/f50cb50516e75587b9bfb26fe76bd8794d170273.jpg,1360618,flower,real,30
val/1360618/e20c8c500d8468af18f25933b99ef71118d62cda.jpg,1360618,leaf,real,30
train/1360618/a75ab1c51efd3286ee3bcca081a88d464d4d0636.jpg,1360618,flower,real,30
train/1360618/db770864c7d6be6b16cb071afdecdb8ca2f6b294.jpg,1360618,flower,real,30
train/1360835/d7449cc9561f10293739e2670c5702236ae9c5ef.jpg,1360835,flower,real,31
test/1360835/a9f36e9397baefbdbaee76fb3b2eb733c6386cb3.jpg,1360835,leaf,real,31
val/1360835/ee5040b8924f6e3eae8d1aef2f4fbdf533797526.jpg,1360835,flower,real,31
train/1360835/84431f80c93beb1ef084ad9598da10320204ab8f.jpg,1360835,flower,real,31
train/1360835/fa04867a936de6107eb522242f89ba936eecf25c.jpg,1360835,flower,real,31
train/1360835/23992d372c1deac5c8aa12785f110529986c29c9.jpg,1360835,flower,real,31
train/1360835/6c819e32f1b8cf4b209f158efdac8f6e0e49e17f.jpg,1360835,flower,real,31
train/1360835/45b52f43c8cb22d53a6c4c567ca9d78895be3249.jpg,1360835,flower,real,31
train/1360835/e32a4b52122c4bd51b28acf7ca2b8fbbfa5e7b8a.jpg,1360835,flower,real,31
train/1360835/b29747165007773d52fea90329e6f5dc0c5082be.jpg,1360835,leaf,real,31
train/1360835/7973bbfd3db73fa544c9ebfb2bb4dd50b11ea98f.jpg,1360835,flower,real,31
val/1360835/fe7b2d8d8090b5591527f6169677adf170d2eafc.jpg,1360835,flower,real,31
train/1360835/7d9e1de254ca8bf55792f13c6d804dd5af820b0c.jpg,1360835,flower,real,31
train/1360835/33fd6d284e77b303cffc3c0c75add54ff1720d3a.jpg,1360835,flower,real,31
train/1360835/e871189cd60e489341dd9bd2866f15cc23abe92e.jpg,1360835,flower,real,31
train/1360835/e4221af28fbd6cac73fbc1daa73c0af5a817d333.jpg,1360835,flower,real,31
train/1360835/121089a520f2710d5e3aa307d6d0ba6c1b3930ad.jpg,1360835,flower,real,31
train/1360835/57449d17aa9c35fd07f4e5529c697e0d62df6175.jpg,1360835,leaf,real,31
train/1360835/55e89996a2c6b5b1340d394910c3f98674e6c594.jpg,1360835,flower,real,31
train/1360835/b9d5e1b772efb3ed80fbe4735d152090ea7feda6.jpg,1360835,flower,real,31
train/1360835/a1c322ff7dd581b029aa0a63a0d739b7889d21a2.jpg,1360835,leaf,real,31
test/1360835/30c261aedcc39c25f056afe28ce7540847fb9760.jpg,1360835,flower,real,31
train/1360835/2162b7a1778459648bcc7b23f9c098721ef05021.jpg,1360835,flower,real,31
train/1360835/4053c8baab4f9a108e64896bfc6d76e52e20bdbc.jpg,1360835,flower,real,31
train/1360835/d564cb2aa6f16e1feb464d22403dc8183563508d.jpg,1360835,flower,real,31
train/1360835/4ce7716897fdd33996d0265706036eda5466fa2b.jpg,1360835,flower,real,31
train/1360835/8d65e8999ab60b1f33dbaa76e365f561bad90ef7.jpg,1360835,flower,real,31
train/1360835/8c5a8bc6bfe620855467f829e8c0daf345f5b1d3.jpg,1360835,flower,real,31
test/1360835/4b0ecf4b2f876eb280a4388129466d2021dde113.jpg,1360835,flower,real,31
train/1360835/1ca795c871d78e1b0504766d8db491f0e73a9478.jpg,1360835,leaf,real,31
train/1360835/5a6ee04ccdf27e2bb00d4871888ace2dad47c624.jpg,1360835,flower,real,31
val/1360835/77fb26b7e08efa1764bbc8c64dbaa7ebc19dc202.jpg,1360835,flower,real,31
train/1360835/35c6362c51cad81c46648081d909402e397bf82d.jpg,1360835,flower,real,31
train/1360835/b554896cf36698ca4d0d03bdec0f14bd3f334c75.jpg,1360835,flower,real,31
val/1360835/b7c507fdb70502257634218ea4ca5ee1734bf9fc.jpg,1360835,flower,real,31
train/1360835/c8595f251d53a3a81fafa6b56d635735dccf26a3.jpg,1360835,flower,real,31
test/1360835/29291785641e995346bc7fc705f79c5c4e1f68b5.jpg,1360835,flower,real,31
train/1360835/5ebad36ece0ec44d5b5faa4c11f9e3aca49b28d9.jpg,1360835,flower,real,31
train/1360835/93c82b5fa5fbb333bb557b827c62c84535c8b7a7.jpg,1360835,flower,real,31
val/1360835/d65082e3db170e51410be63ad261d905198a7f86.jpg,1360835,flower,real,31
train/1360835/aaf3b10931f06094b971792608f906dffcec27eb.jpg,1360835,leaf,real,31
val/1360835/7a0bdcc5177deffa1b69d2f088f8a523adcaeaf5.jpg,1360835,flower,real,31
train/1360835/8c333a67826e8db953d15a67ff05e83d2eed7904.jpg,1360835,leaf,real,31
val/1360835/c4e1071c770d146213a509c64e0472489971750c.jpg,1360835,flower,real,31
train/1360835/74e1214b7d50e8fb69f06281523dd99718884fa6.jpg,1360835,flower,real,31
train/1360835/097ae8e632983ba4986e73601bba8cf633cf33e7.jpg,1360835,flower,real,31
train/1360835/8e2fb23d464585ada96608e1bc07c82e8db9df17.jpg,1360835,flower,real,31
test/1360835/e5db3847d86d556fe1013c9e864fc524a7723c36.jpg,1360835,flower,real,31
test/1360835/69888c08c0414f4a4f9bef159a873d770530694e.jpg,1360835,flower,real,31
test/1360835/d2fd1680780381d3404c51dcc9b5a87a9ec25916.jpg,1360835,flower,real,31
train/1360835/ce7b3889d742b29179cdd5d0f565ab9e60b5edb5.jpg,1360835,flower,real,31
train/1360835/6ed5b050a5014121ca8ff6668f87ac3410bcb1af.jpg,1360835,flower,real,31
train/1360835/353faf9ef7b760efaacb04d01eb6f7a725bc5594.jpg,1360835,flower,real,31
train/1360835/d695ea594935c077c4edcefeefbcb250b0c52de9.jpg,1360835,flower,real,31
train/1360835/0657239248ec5530eeb7943263c3698e435afa01.jpg,1360835,flower,real,31
train/1360835/2a29e98f92b7a643d231b111e27cd95d8e3c39fa.jpg,1360835,leaf,real,31
train/1360835/466099f9666dddaf23e3da4611b19956b5e70327.jpg,1360835,flower,real,31
test/1360835/5493596f6ece15aeef080428d6f5d550574fa61d.jpg,1360835,flower,real,31
train/1360835/d5dab8c26ebc9142a9d333872afa5c1d6d7eca30.jpg,1360835,flower,real,31
test/1360835/4feae1c5f9b7ddc5c2d68612c7ec2bedff9dea1c.jpg,1360835,flower,real,31
train/1360835/ff164e97995e325e3205afef487f13b492c251d9.jpg,1360835,flower,real,31
train/1360835/61dabcb20a158d708576f0ef5cb225c11d90ffdf.jpg,1360835,flower,real,31
test/1360835/eae41755f3b852ab7607d9cb7addc90c0ed13225.jpg,1360835,flower,real,31
train/1360835/d617d761a2b21d9765e64197a53cac3f90fba761.jpg,1360835,flower,real,31
val/1360835/53b7526b2f2133bcffdca4e6bb62ea0ccadf961c.jpg,1360835,leaf,real,31
train/1360835/6722ec384e321011bde1a685ba9833fb9f90913e.jpg,1360835,leaf,real,31
train/1360835/015c3887344370e961af6c762213690a64a02b85.jpg,1360835,flower,real,31
train/1360835/12a1099d7a350c06d63903f6920fbb917ece171e.jpg,1360835,flower,real,31
train/1360835/6777c007e0427ea16d287cc1e63b63296341c876.jpg,1360835,flower,real,31
train/1360835/9839f740d016de6164bbc67e6edce733b37fe29d.jpg,1360835,leaf,real,31
train/1360835/b530c00472ff626db48660f8234df4b5982a16b4.jpg,1360835,flower,real,31
train/1360835/1fb9fd051151e3f7c6bb9be95bd3599569e6ffca.jpg,1360835,leaf,real,31
train/1360835/d3525426092ad83914bb29b187244eb731979108.jpg,1360835,flower,real,31
test/1361891/3c5dbabd3cd90227455983fd290392fb57be54ae.jpg,1361891,flower,real,32
train/1361891/90f686c4a68e85f86c08e133b21fed5dde56d9a4.jpg,1361891,leaf,real,32
train/1361891/4d3f15cb6f6040e56319bc8f6171aa9f4f741020.jpg,1361891,leaf,real,32
train/1361891/d9e828a0d419ffc8e3e1b9b9cde80d5b8e8f0558.jpg,1361891,flower,real,32
train/1361891/6fd26d99c53b3012a69e23e85b73a085836b60ad.jpg,1361891,flower,real,32
train/1361891/c06c880661a3261cb084929cea70d3785564b761.jpg,1361891,flower,real,32
train/1361891/b935694a9000f5022237d3e893d1120306eafe02.jpg,1361891,flower,real,32
train/1361891/65da691c428f70c1ec4acd3e881fa1064a8da7d5.jpg,1361891,flower,real,32
train/1361891/0dd60ea99306a685a89db4d677dcaa64c785e37b.jpg,1361891,flower,real,32
train/1361891/442afd77e96fe6bb3cf17314fefef53510e1e8d0.jpg,1361891,leaf,real,32
train/1361891/55d8148d1eb29d6da8a9c00c319d02eaf8ca7138.jpg,1361891,leaf,real,32
train/1361891/812ef040d5ccaac34f2abc369dc53e01fc9e725c.jpg,1361891,flower,real,32
val/1361891/b1abf8f08f3eb0c8f8cb6a2e77c8ab0bdd55e9a3.jpg,1361891,flower,real,32
test/1361891/3905f93ab8862fbb4d568c398e54743b90c470d1.jpg,1361891,flower,real,32
val/1361891/5f6e507f50bf2aa9173e51967e6e0c6392f294cd.jpg,1361891,flower,real,32
test/1361891/19bda75e8d39bba0b012e9bcacbc4945beea6da8.jpg,1361891,leaf,real,32
val/1361891/0ee6dc6526ecc5c695a9c4dc504d63ef85468015.jpg,1361891,flower,real,32
train/1361891/6d103346b1ecb458215f1a5f18703646b59097a4.jpg,1361891,leaf,real,32
train/1361891/79c1fa7bf44e08c93d3b4d9567cfe33fe2a70157.jpg,1361891,flower,real,32
train/1361891/f7de1af61d959634cd786651ed536d51dce0710a.jpg,1361891,leaf,real,32
train/1361891/c56f5399020a2a18fc95ee3cda5bf25ac5cbe8b2.jpg,1361891,flower,real,32
train/1361891/2761e85576ac2a9b305d5f123294e64b3b6c1f91.jpg,1361891,flower,real,32
train/1361891/352aa406b72f4f3c3adb211e5a7630f9ffe74169.jpg,1361891,leaf,real,32
train/1361891/75d2d11985eca4f94152e0d437196e7dc32b9c3b.jpg,1361891,leaf,real,32
val/1361891/937cf5cd5797b03fa154e4fa4e5d448fce807f92.jpg,1361891,leaf,real,32
train/1361891/d082df574022b63ffa123013b9b98386a62964f3.jpg,1361891,flower,real,32
train/1361891/b2a2ab207dfc8abfce9956768078f071d0d95a41.jpg,1361891,leaf,real,32
train/1361891/875c8345c099a198aaf3216fda251035d87ee373.jpg,1361891,flower,real,32
train/1361891/a1f899e0ef3216c3670a4cef51e2e8d944360cd7.jpg,1361891,flower,real,32
train/1361891/8931d085559a592ab367583ea8e76171b767c4fb.jpg,1361891,flower,real,32
val/1361891/b516e3c503c6103ffefb606b5099453ef7f29857.jpg,1361891,leaf,real,32
train/1361891/f76f264cb6723c3973766a64783285beefc9d09e.jpg,1361891,leaf,real,32
train/1361891/75fa8a2a611006dddcddd26275b7ca03a1b514f5.jpg,1361891,leaf,real,32
train/1361891/704ecb050ddc7d4b0381d9d52c6da8b103636a56.jpg,1361891,flower,real,32
train/1361891/0cfcb41768c04da2141bdc389f0e298101c75d7c.jpg,1361891,flower,real,32
train/1361891/7550eb8dec235075ac94d6af11feb3549cfa6840.jpg,1361891,flower,real,32
test/1361891/452665fb35d381c79d34d0585364b2265a9999ff.jpg,1361891,flower,real,32
test/1361891/73fbec6fb59ca0fafc15eec94b985efbab5fa507.jpg,1361891,leaf,real,32
train/1361891/3e8ccf068ab904c80a76ca2a5a11e60e8aba4f79.jpg,1361891,flower,real,32
train/1361891/8e0f72c312727bc9332efcadb0a6eeb1eb1c06c8.jpg,1361891,flower,real,32
train/1361891/c0f9be78bed19e589cfb68364290013c33055e77.jpg,1361891,flower,real,32
train/1361891/bcb2d3095dce80b6e78f87fe9856b1c194ebe5dd.jpg,1361891,leaf,real,32
train/1361891/98c4383cc84f9f648be75bc148752da883353f40.jpg,1361891,leaf,real,32
train/1361891/ffb4f78a327de876dd150deb73a9e2e92e6ac8a1.jpg,1361891,flower,real,32
train/1361891/47c28478838f3ead7b9fe0282f537eaee3f6f521.jpg,1361891,flower,real,32
val/1361891/3ea6b1ce3ce2988338b3ebe0be25eeda1c618591.jpg,1361891,leaf,real,32
train/1361891/adbb2dfb8aea45506547d6387d1bdff191a46988.jpg,1361891,flower,real,32
train/1361891/ad677e9c556df53a77db5760ca94b8e314797425.jpg,1361891,flower,real,32
train/1361891/ff8ff62a0f03da34daec73c3531fb5540df2ecda.jpg,1361891,leaf,real,32
train/1361891/a874be8f0d15e87ccb69ed53576f309bb81db303.jpg,1361891,flower,real,32
val/1361891/79344eca46ccc65ffb7d770a1463f86e16aeae3b.jpg,1361891,flower,real,32
train/1361891/734ca030913d6807c38e90a4f37ead91afbcb2e8.jpg,1361891,leaf,real,32
train/1361891/9589ca1d2b946a01395bee13276685c51a1b5c5b.jpg,1361891,flower,real,32
train/1361891/371522b2a564e04dabc2c0925a61503fa610e38f.jpg,1361891,leaf,real,32
train/1361891/1ed7d4488f075882189fae4bd92e8fd7a23d2ef4.jpg,1361891,flower,real,32
train/1361891/4bcf423463d6fffe4d2117abcdcc6916050b3ad0.jpg,1361891,flower,real,32
train/1361891/51e2bb3be60d0bdd96599309c0148fe86b37d442.jpg,1361891,leaf,real,32
train/1361891/80199ff4ffbc98262bc5e051c1e3cf234b006f46.jpg,1361891,leaf,real,32
train/1361891/b12f3dcee261eb6989f7cd937f228de231326550.jpg,1361891,flower,real,32
train/1361891/6337784df03c6870bcf563823ad95f755e2cd9b3.jpg,1361891,leaf,real,32
train/1361891/e6b6331b1caaf1f384a74134c9204190d799bfb3.jpg,1361891,flower,real,32
train/1361891/196a1c9d36a5722b28024aff36dabe16ba65a2c6.jpg,1361891,leaf,real,32
train/1361891/220081b7e34dedc617fa3ba68ecc569310ac26dd.jpg,1361891,flower,real,32
train/1361891/7b002197c2eeed4e3ae1503ae93eddf0397fee76.jpg,1361891,leaf,real,32
train/1361891/bf116e7b549c4350bc182b8a974ca74cb6e77043.jpg,1361891,flower,real,32
val/1361891/b2b2d13564a058642fe5867fde96cb7544193b3b.jpg,1361891,leaf,real,32
train/1361891/35332d12c874c0f18e50b4deca55e986ee36c62c.jpg,1361891,leaf,real,32
train/1361891/60b71e79dbb43fee0c69a7091c09d6d420204339.jpg,1361891,flower,real,32
train/1361891/6c55763a219874aa155275293d62e323792df394.jpg,1361891,flower,real,32
train/1361891/aa08272e85f14180a47e6130ca21e22422c0574d.jpg,1361891,flower,real,32
train/1361891/c4a65909371568000a2f21a2e58909e58bf21e69.jpg,1361891,leaf,real,32
val/1361891/882e8459ccdea0bb198b81333dba435a9aa59c2d.jpg,1361891,flower,real,32
val/1361891/40c51b224173feeb5bb784aa05e9ea2ad5fa2e1d.jpg,1361891,flower,real,32
train/1361891/2ce20df20bfc96b3dfbce23f3e8b8ad6858de0b8.jpg,1361891,leaf,real,32
train/1361891/67e887e15f3a1ca60987c0c9c466669e2192224f.jpg,1361891,flower,real,32
train/1361891/f41cc98e852903908d03806222d70382875d4591.jpg,1361891,leaf,real,32
train/1361891/c77dd1a39b69ce6210886106a1b2d8792a77b50b.jpg,1361891,leaf,real,32
train/1361891/4bda2a1292eee2b34a9229d623eeb179fa2b48a9.jpg,1361891,flower,real,32
val/1361891/11e55c34f0dd687c4e90bd2c03fa3d5cd34041d6.jpg,1361891,flower,real,32
test/1361891/bcc7e02f9824e8e669b3a18425cbeab1d7d7a51b.jpg,1361891,flower,real,32
test/1361891/959a7f2ae5a72f40c07ded7949cdab1ee4099bd4.jpg,1361891,leaf,real,32
train/1361891/4019d671e080f426ecbff70bc3a7d55b41d83f12.jpg,1361891,leaf,real,32
train/1361891/45118e097a5df5a7b8caf5ac149ef8e7d5ac6e19.jpg,1361891,flower,real,32
train/1361891/c805e4c66b6cd166a2f40e845f3af20034771d2b.jpg,1361891,flower,real,32
train/1361891/649048c1cca22bc230baa1ed1fca88c6668f2de9.jpg,1361891,leaf,real,32
test/1361891/e9237dbe27f38c6945f78be9a30374af29669e79.jpg,1361891,flower,real,32
train/1361891/9a1a7d5f2f93da5b9e00689a60a353ea5aeb2196.jpg,1361891,flower,real,32
train/1361891/a1d58a1e5a89cd9dff88799f476b2ad53f1ab858.jpg,1361891,flower,real,32
train/1361891/df9a9ba8c757b9ad0b854f8c598cbb5677b420ec.jpg,1361891,leaf,real,32
train/1361891/efa90fd3c66c53df3e3569f9a6ee7b6b065d2b43.jpg,1361891,leaf,real,32
train/1361891/2518f5693a4459330b619a23b594c3dd4ddff3aa.jpg,1361891,leaf,real,32
train/1361891/6b99ce9a3a79d1668ebd566df60b43e5eff50b99.jpg,1361891,flower,real,32
train/1361891/83b155cbaecc8d3e883126bc4e03f34131a33dfd.jpg,1361891,flower,real,32
train/1361891/195153d13e67e3477a4f112611dd41e6474cb2d3.jpg,1361891,leaf,real,32
train/1361891/06fd676d88fa17f4f76e35b537d1c23a49afa18f.jpg,1361891,flower,real,32
train/1361891/96faa7cd67e503e6158d60a1b22bdf4579bd5e66.jpg,1361891,flower,real,32
train/1362080/58d0db4983f351cce603bd5eea9525a232014c03.jpg,1362080,flower,real,33
train/1362080/b269bc9ead1e02c0234a9da062075e7cd22cadae.jpg,1362080,flower,real,33
test/1362080/7c84801e3cf515b7c66bd5d2a318ba7d3f63b3d4.jpg,1362080,flower,real,33
train/1362080/b3bcc0d919449e8ee99d26be70d53c272352459e.jpg,1362080,leaf,real,33
train/1362080/a2717e975125e40d40082564b5d7dce935cbd107.jpg,1362080,flower,real,33
train/1362080/2e3b07c0398d8b27c4e2f10b74676192dd62835c.jpg,1362080,flower,real,33
train/1362080/efcece2a7a68c996d30cc9b0740e702b3200b124.jpg,1362080,leaf,real,33
train/1362080/fe7633d77e1498b768550d5a7a9a277cec301122.jpg,1362080,flower,real,33
train/1362080/c8a7281cbb4c83db10d9291f9e7bfeb0bf43e2cc.jpg,1362080,flower,real,33
train/1362080/e13af7ab921180cf54bb92a1859edd091686eb9e.jpg,1362080,leaf,real,33
test/1362080/56f6bdd47a592c0ee2f71b58a5ac9073376196cd.jpg,1362080,flower,real,33
train/1362080/b7fc6956a3c1068a3f76383cad49751192df05ab.jpg,1362080,flower,real,33
train/1362080/c33e2d1f40ebe3ae32e88cd07703217528f502fc.jpg,1362080,flower,real,33
train/1362080/efb1c5bda10e8f53e571205d5ad581102cf8214b.jpg,1362080,flower,real,33
test/1362080/e1d117dcfd96b22f12bc0d060e57c58c43fc42fc.jpg,1362080,flower,real,33
train/1362080/dce0ccebe58a2376d7f32274e1c7caacfe3a57d1.jpg,1362080,leaf,real,33
train/1362080/097583aa9d8a04459fa20d0703cf470474307397.jpg,1362080,flower,real,33
train/1362080/2bf949524030bf9c3ec36bda69ba84dab616d1b6.jpg,1362080,flower,real,33
val/1362080/4fd1459f0a8aafce3cb03af981513fc53e1f13ca.jpg,1362080,leaf,real,33
train/1362080/5ac78bc2a6ce2805b75fa8a240befdb9bae51d40.jpg,1362080,flower,real,33
val/1362080/4ae24fefef7f57a58c75a303586b340b67ae8e71.jpg,1362080,flower,real,33
train/1362080/382e659df1dd4a9ea61490ec43b7f2c90dbf1ae0.jpg,1362080,flower,real,33
train/1362080/0a04d91c0ad0b3c13c332681e5263152d5b1eaae.jpg,1362080,leaf,real,33
test/1362434/f42d457fb361bf453ffd71b7ce098afc2f165bde.jpg,1362434,flower,real,34
train/1362434/7c4bc7dc9a3b1838b029501ab35fae8e5d6297a9.jpg,1362434,flower,real,34
val/1362434/a51632103de11721fc6381283cf012a56408a11d.jpg,1362434,flower,real,34
train/1362434/48fcf234179e4b61f6c63df55a30de27f576f14b.jpg,1362434,flower,real,34
train/1362434/2cfb73d2f75c281dc3059ebfadfcb640a1ebb9f4.jpg,1362434,flower,real,34
train/1362434/6e31b9fdf8c27b59de788dd92cf16f897cfc257b.jpg,1362434,flower,real,34
train/1362434/55a91ffad2e4f8fa2fcc46a96ce8eeaa689958f2.jpg,1362434,leaf,real,34
train/1362434/4b83cdd4509a833db4c1965cf0a429a943d742cd.jpg,1362434,leaf,real,34
val/1362434/9a601895934d86c13f0a4c794d7338a13c21e6b5.jpg,1362434,flower,real,34
train/1362434/74273b3494b2a8e935896fa06e3b84d04223e359.jpg,1362434,leaf,real,34
test/1362434/670b62a8554b9ce1c8cdf9bea2761592baa70b55.jpg,1362434,flower,real,34
train/1362434/3eec04cfb77b9dbeb34cd59a539109631ecb86c9.jpg,1362434,flower,real,34
train/1362434/0dc80a75c81cf69dfe036cfd67d1b6e355734c55.jpg,1362434,flower,real,34
val/1362434/ef2d70b6951ecef4ba6f5b7a606a31c4ec860edd.jpg,1362434,flower,real,34
test/1362434/b48fe63b06c3c7fae1b763d92897384586ac077f.jpg,1362434,flower,real,34
train/1362434/432ab2549b1b7479e8cd6281bf2e50b0a44a3bc4.jpg,1362434,flower,real,34
train/1362434/a72ac69cf5c19f518c5eb5479f9afaae142dd5a2.jpg,1362434,flower,real,34
val/1362434/d61e447c26bab62f758f7b70e3e8173becd3ae19.jpg,1362434,flower,real,34
train/1362434/621a29b6aa25fbdc98f902e1b078f03f8509f4c1.jpg,1362434,flower,real,34
train/1362434/f1d5c9b995c8a858d87ac816fc8ff5884aecdb0d.jpg,1362434,flower,real,34
val/1362434/7dc3c476233b3d42bf0a3cc316c71ce8200480be.jpg,1362434,flower,real,34
train/1362434/4dc80e0e5a8b0097d41876d5acfb31ffe27dbb31.jpg,1362434,flower,real,34
train/1362434/3e3505f22657792ce352abad77f757cd240c3432.jpg,1362434,flower,real,34
train/1362434/f2e8a41a5dc4bf092ef3367e715a7afb83d64eae.jpg,1362434,flower,real,34
train/1362434/6a3159e222a9f21d2dff7c0487dad6c0df3aff16.jpg,1362434,flower,real,34
train/1362434/11022f3b8058b4efe9aed25e54f1febfac000aa1.jpg,1362434,flower,real,34
train/1362434/cdea5ec714456604c1ddd31e68e4be814eabbfae.jpg,1362434,flower,real,34
train/1362434/04f614043ac7829e4b7dbf6115f4cb7ec9789df9.jpg,1362434,flower,real,34
train/1362434/612321549e862df202ed9a1ff6bab17a970c1d62.jpg,1362434,flower,real,34
train/1362434/baf90306cc5499ae51bc02f4781c5fc2f092d449.jpg,1362434,flower,real,34
train/1362434/8c158e184660d20bd2af0a9516d0f0864c75c34c.jpg,1362434,flower,real,34
train/1362434/1e3c7f2c05f6b896c0133cd80d18bd14fa0ef115.jpg,1362434,leaf,real,34
train/1362434/d0670e4868feedd895211fe61fe827a87768fe77.jpg,1362434,flower,real,34
train/1362434/64985752f5cccd6afe8005fc045f29e764b18a96.jpg,1362434,flower,real,34
val/1362434/530ba7c7d153d882a8339e38ce2dd38d8d651f3f.jpg,1362434,leaf,real,34
train/1362434/8204449c5b53735b8ced2bfa0ce1a538e7022458.jpg,1362434,flower,real,34
train/1362434/6323de59ed5d6cb6fbcf0eb5e293d58aafb66b9c.jpg,1362434,flower,real,34
train/1362434/58a2324539af4bb0b533ecbe9a2e92fed38a895a.jpg,1362434,flower,real,34
train/1362434/4c48760d1ea7f364545d7015fad32d2049edd2de.jpg,1362434,flower,real,34
test/1362434/4103384aaea4897c60e0426bdc3d5e38e0ebf14c.jpg,1362434,flower,real,34
val/1362434/ae77b82ffc38b85735d3dfe9d540bc1bb4f9a7e0.jpg,1362434,leaf,real,34
train/1362434/f172fbe32c45b2db71f4da2fec8f06aa15c5fdd5.jpg,1362434,flower,real,34
test/1362434/d22696226811e331a564f831accf8bdeef087ea2.jpg,1362434,flower,real,34
val/1362434/680084f16546798bea21791a0b0a29f41f5017fd.jpg,1362434,flower,real,34
train/1362434/35e69fc04c3051204ff09255e0be9dde9e1a3f41.jpg,1362434,flower,real,34
train/1362434/e0b4434b2ba7f4fcebe1d00bb9366ac61e3699a0.jpg,1362434,flower,real,34
test/1362434/ac322614da6caefa47b37e2385e18cdc8216e3eb.jpg,1362434,flower,real,34
train/1362434/0cec1d6e129b45b894be6ffa2ef7f1d7910e472f.jpg,1362434,flower,real,34
train/1362434/5a325a44021051ab61e8433ef46c0530391b1640.jpg,1362434,flower,real,34
test/1362434/96ac9451d2cc1fceaa926ecee97fcb19a001c490.jpg,1362434,flower,real,34
train/1362434/4fd68d44f21e5a49604bf11cb9e3fc171492cc58.jpg,1362434,flower,real,34
val/1362434/37a7603a1498b22fa756cdfcb1ca432ce46a85f8.jpg,1362434,flower,real,34
val/1362434/cdc5fa7c9ee0b3cae30d06e6c797fb82c358b976.jpg,1362434,flower,real,34
train/1362434/fc6b25730a65adc9763fde43a3e86b9abd0ab48c.jpg,1362434,flower,real,34
train/1362434/6051a8631532fe8148468419ad8c824135a347eb.jpg,1362434,flower,real,34
train/1362434/a02ec483e551f02a7d15d3ded060615e821bd728.jpg,1362434,leaf,real,34
train/1362434/4037e73cea8621c489fca7e30bc1ce0af655e7f2.jpg,1362434,flower,real,34
train/1362434/29c0efb26b400c7d325cee3fef146929ac6cc756.jpg,1362434,flower,real,34
val/1362434/c16d54b64c55db0340e17ddc79308d97d8e2f0fc.jpg,1362434,flower,real,34
train/1362434/a91b3a30cdb83b7b0a1ec765267786d17b36fe0d.jpg,1362434,flower,real,34
train/1362434/b8d7315dfd61ee5586d01290819870348eb64f63.jpg,1362434,flower,real,34
train/1362434/898540002f60997bc2177be5b155717c58359387.jpg,1362434,leaf,real,34
train/1362434/8c63aa2d0882bfeccc1bea3d09cae24243e09d98.jpg,1362434,flower,real,34
val/1362434/6618a33796e50091fc345ed288f9bb27f91e0e8f.jpg,1362434,flower,real,34
train/1362434/c1033e1968642ce8c3fdcfc028f6aceb545c9c5d.jpg,1362434,flower,real,34
train/1362434/6a6f055932cabf69873faf5ef68b71a95f1c1c05.jpg,1362434,flower,real,34
train/1362434/9cc88a1dcb1bf60e63e3e11b237fa46989eb92a2.jpg,1362434,flower,real,34
train/1362434/93c2dc06d2f55b4430ef6ba56cd24571a14f89c5.jpg,1362434,flower,real,34
train/1362434/a323c191cb744fdbeccbcc2b9c33fc09d7c4653e.jpg,1362434,flower,real,34
train/1362434/afa74f5d60515b34ed050b7b1d2ac17a373ba7e6.jpg,1362434,flower,real,34
train/1362434/2a272ca5c5fa301d15a16ed0f76dcdbffe5d4ee2.jpg,1362434,leaf,real,34
train/1362434/a6d1ec386caa879c87adcb2f9da6352ee8fad326.jpg,1362434,flower,real,34
val/1362434/28b5377df4f2259af36662523cd9fa15226eca58.jpg,1362434,flower,real,34
train/1362434/e555de3dede7203345c7fe6e8e6fd812c7c77c73.jpg,1362434,flower,real,34
train/1362434/6229c5735111bd0f710aaf616809274cc9f13dc6.jpg,1362434,flower,real,34
train/1362434/82a3fd4c996fb003e4d44bf1dbb88025e281ebec.jpg,1362434,flower,real,34
train/1362434/ee81dee46389d468d426de32d6a7900ad74a4a56.jpg,1362434,flower,real,34
train/1362434/d258691e7bd93e0ed4faa55e1308abfbb2adaf9d.jpg,1362434,flower,real,34
train/1362434/a1527a24aa9e60300616c3989563c4d06c5e8959.jpg,1362434,flower,real,34
train/1362434/f86e520158f4e0fdc647ef5d5cec5b5b1e248131.jpg,1362434,flower,real,34
test/1362434/c4261694f2ced816a09cfce70f1911ba049ffb98.jpg,1362434,flower,real,34
train/1362434/492d41fd529fa4f691f35152010b249943c6a2da.jpg,1362434,leaf,real,34
train/1362434/6c4a6b14b9fbb2feec9dca6f46db4f0953480901.jpg,1362434,flower,real,34
train/1362434/df37357c29574ba44da82587932b3db77dfda969.jpg,1362434,flower,real,34
train/1362434/2bc76b0b1a6c0ec26a8694108876cf95a05dce51.jpg,1362434,flower,real,34
train/1362434/7a7c94105e7ab4924db7a35fb32dad148baa464f.jpg,1362434,leaf,real,34
train/1362434/82f3843e60c63c03d8dbbd9277cc53bfe40ee76c.jpg,1362434,flower,real,34
train/1362434/0d7344c14966a8419b6f1e76fed00cdb7e888f4b.jpg,1362434,flower,real,34
test/1362434/145188eaa53822659879c580fd73be0f1ab4d96d.jpg,1362434,flower,real,34
train/1362434/d41de581634581134a5940cda903037101c813ce.jpg,1362434,flower,real,34
val/1362434/c45de50eb971d98388c85fb3efafb1b829cbb573.jpg,1362434,flower,real,34
train/1362434/27df49525b3297de5f6e82e55e19ec0a1d79f5ba.jpg,1362434,flower,real,34
train/1362434/8e65be051ed659b93a6bda410d1a333460af229f.jpg,1362434,flower,real,34
train/1362434/059b899337f318ecf4023b20de1cf12475ef9a30.jpg,1362434,flower,real,34
train/1362434/6aaeeb333cdae8f212e951abec44bb8731a82245.jpg,1362434,flower,real,34
train/1362434/2938fb38ee8419458401231f149b2cc37630b496.jpg,1362434,flower,real,34
train/1362489/528e21671a4c6028dbb74f85825c895e29754159.jpg,1362489,flower,real,35
train/1362489/95c0a3dd6507bf745aa5decc6816104bfc7ed93d.jpg,1362489,flower,real,35
train/1362489/1af104a41be3601c984035603eb6ac36d432d4e4.jpg,1362489,flower,real,35
test/1362489/c08631d80c9c6426113b50772ca3cea98e04e2cc.jpg,1362489,flower,real,35
train/1362489/f8a67da2ed194717a7fa7b5d37cde877093e95a7.jpg,1362489,flower,real,35
train/1362489/223b35202d909c2ca7e15a8903eef082b7995b3a.jpg,1362489,flower,real,35
train/1362489/4a8d5fb9ce41e65893dfca5ca1b1933f5235751a.jpg,1362489,flower,real,35
train/1362489/841efe3e2f1d313560b2170c65e1e4695bb32fdd.jpg,1362489,flower,real,35
train/1362489/6400b7372735c4047aba0bb70a28a419ed6fba40.jpg,1362489,flower,real,35
test/1362489/176e90c400b1158ba449c64c6e3a5c0d42d40b2a.jpg,1362489,flower,real,35
train/1362489/48d130e2e6540cf0c8bf85cdeb0b2cd0b092d8f0.jpg,1362489,leaf,real,35
train/1362489/63721839936579f472a19e098c0d79284053040b.jpg,1362489,flower,real,35
train/1362489/191db2784b17cd257fd9e0538b31bdc6d3241ef9.jpg,1362489,flower,real,35
test/1362489/46ac7adbe1737805baba9379a239d84b4bb07564.jpg,1362489,flower,real,35
train/1362489/24dad14f778abb30adc1f45de441b2ce157be262.jpg,1362489,flower,real,35
val/1362489/306b2a052c25bd1bcb25d0f2fe674cf57067f951.jpg,1362489,flower,real,35
train/1362489/29ac5c274491b7483d9f79ff2217a5bb5e375242.jpg,1362489,flower,real,35
train/1362489/f3093975306fa682c0d6bf67de0e13fe1600d731.jpg,1362489,leaf,real,35
test/1362489/b1bd9ec782456b1ab12463c1302eb460a6f93f00.jpg,1362489,flower,real,35
train/1362489/31c255e38386487287a441fdf2e78e7a8a41bd63.jpg,1362489,flower,real,35
train/1362489/c1267f8cfc18fb8433335659db0d34b645355994.jpg,1362489,leaf,real,35
train/1362489/cabf1295f4f59b31c83b3a8449cd24bafece778c.jpg,1362489,leaf,real,35
train/1362489/eb62f69729e8339b197dc5dc95a1f7c7b560c233.jpg,1362489,flower,real,35
train/1362489/5a776d451b5e038a21ebdc454472ff35d5cceb10.jpg,1362489,flower,real,35
train/1362489/24f91370d3df7844a78265a71b1e01051f298309.jpg,1362489,flower,real,35
test/1362489/3c55c9a514cf0d16ded6ac94a2b92b5b5693b421.jpg,1362489,leaf,real,35
train/1362489/bb146c9b069bff3f1747e6bfae0b67b7ff9f7662.jpg,1362489,flower,real,35
train/1362489/f2596b8d0b9c5bbb7861522fd3c6840b04c45d2c.jpg,1362489,flower,real,35
train/1362489/a2a9b9b4ea7ed0f336f6aafb5311b75982387ff6.jpg,1362489,flower,real,35
train/1362489/53928224c5291492a5c7e32dfcc5877d3bb567ea.jpg,1362489,flower,real,35
train/1362489/858111641202035609df1d9c1d388a5dd4c63be6.jpg,1362489,flower,real,35
val/1362489/3d5376f569e67354eabfd978d70de376f5025013.jpg,1362489,flower,real,35
train/1362489/76773fc5d4e6bf22431de07f2de003323dff0199.jpg,1362489,flower,real,35
train/1362489/8bfb25457eade33cee3f16c709a01b80cd03668c.jpg,1362489,flower,real,35
test/1362489/cfc0bcb33822d39356ff55134b76827a13a7c4d1.jpg,1362489,leaf,real,35
train/1362489/9f554ee098d10129390fe20821b920db0f5f9ef7.jpg,1362489,flower,real,35
train/1362489/3f3cee534758432c341f9ed2d0d40d3e209390f9.jpg,1362489,flower,real,35
val/1362489/eee075b92a99dbf335079c32c2425a98cae0d132.jpg,1362489,leaf,real,35
train/1362489/b1bb7f1400dfc0d51a9a21c6815274bb7ff98629.jpg,1362489,flower,real,35
train/1362489/8ea64adf61ba1c005c2832325c4c250e03f43872.jpg,1362489,flower,real,35
train/1362489/af032afa845ed1768469c423a1a4229eb859a642.jpg,1362489,flower,real,35
train/1362489/e58cf895bfe16ab4357818ca5599f0f0cdf7458f.jpg,1362489,flower,real,35
test/1362489/af3e078395645213ecaa16deff6810b859cb0d7d.jpg,1362489,flower,real,35
train/1362489/fdd0042c11e9e34501f2453d6df7209e03f2cea4.jpg,1362489,flower,real,35
train/1362489/a25a91d06de382dc71ba7061e8b61688a8234d5b.jpg,1362489,flower,real,35
train/1362489/2e3203c182a67f875efae72e8c3a981118cdbecb.jpg,1362489,flower,real,35
train/1362489/0e9cee8428ae4e303466732258ffcbd10d90e4be.jpg,1362489,flower,real,35
train/1362489/4ce66c7144a7233bacd2e9ddb108b15f38ae529b.jpg,1362489,leaf,real,35
val/1362489/5cc1c00b0c7d44a000e271886e160034867782a3.jpg,1362489,flower,real,35
train/1362489/a1993a32e23f9484c22d58489f298940d70c99e9.jpg,1362489,flower,real,35
train/1362489/ae307d6102063c082c5146af6e1d7d54a4cadebe.jpg,1362489,leaf,real,35
train/1362489/d9c1dac17b7c3daf5a9d66d697e52bc07a98b33e.jpg,1362489,leaf,real,35
train/1362489/1249d08bc5de67b4b7ec6c1e09c367e75dfb893c.jpg,1362489,flower,real,35
val/1362489/c4f500012dda6e41f333ddf90e8b660f54a50d22.jpg,1362489,flower,real,35
test/1362489/e4fedf373fb78c3f8af35382695119ae736fd485.jpg,1362489,flower,real,35
train/1362489/80151a643e3a825355798e1ce3bc169ad70d82d3.jpg,1362489,flower,real,35
train/1362489/256133c0ac49e6c1dda011ef80caffe52a109656.jpg,1362489,flower,real,35
train/1362489/cba1d01b399be3396b3a470e7dcdab0c537fb4c8.jpg,1362489,flower,real,35
train/1362489/b046dad547acc1ed974f144395ed1ef4667b36ad.jpg,1362489,flower,real,35
train/1362489/75e99f77f263e159d2e35372f5eea23af639e0dc.jpg,1362489,leaf,real,35
train/1362489/5e2b8ff9dc529bd97693c8bf136722b963165ca2.jpg,1362489,flower,real,35
test/1362489/3c9eadad78644a222cb90595a78bdb1c91302f57.jpg,1362489,flower,real,35
train/1362489/a7daa945c333183e1fa6d42ac17146c237e0ee8c.jpg,1362489,leaf,real,35
val/1362489/2edde4ea60a99616bde338c448caafa0a511e292.jpg,1362489,flower,real,35
train/1362489/6934abbd4cd577876b2b7160e705370cb7bed1bf.jpg,1362489,flower,real,35
train/1362489/2c70298dff794a162eb9a7f2ce78c5d55f2665c8.jpg,1362489,flower,real,35
train/1362489/28f931681c4504a6e3a4c67070c2935007f64a89.jpg,1362489,flower,real,35
train/1362489/34dadfdd2e07e35ffa0c86ae5217bfb18eaf6eb5.jpg,1362489,flower,real,35
val/1362489/8535a372aa76ae68427187170b52b1ea68451681.jpg,1362489,leaf,real,35
train/1362489/7ba4b604d7289ed744b16f37e9fc6ed326eb97e1.jpg,1362489,flower,real,35
train/1362489/49fa83a6c841df7c69cca61973f9311b3f37bc85.jpg,1362489,flower,real,35
test/1362489/3e3a8c1711ce4da26ebab4a332d20f63cebd1926.jpg,1362489,flower,real,35
train/1362489/70ff7d400eb1badf7d2a3264c50eaa4793084c7e.jpg,1362489,flower,real,35
val/1362489/44a95087a2744a5b0dfcbf9ef439f8574c6db15d.jpg,1362489,flower,real,35
train/1362489/7355b941c2443ab615454c4fe4405e3ec282745d.jpg,1362489,leaf,real,35
train/1362489/1f4adb0ef586f93c30632016d72a86536a0f2d91.jpg,1362489,flower,real,35
train/1362489/7f536fc2c40095e327ea6bf636b746e0654cd905.jpg,1362489,flower,real,35
train/1362489/43afeab7ccadbbcd48e3c67e583a5319054e241e.jpg,1362489,leaf,real,35
train/1362489/b5b7a4caac335b92ce7959005d7d6800fca3cb24.jpg,1362489,leaf,real,35
train/1362489/887a678c870d7f39e9bc8a129bb25ab2ad82e86a.jpg,1362489,flower,real,35
val/1362489/1dc10d3dac0d76f770c852e61b512f7f76a75a02.jpg,1362489,flower,real,35
val/1362489/58a88231fef3af35ec31529bbd63f12947880848.jpg,1362489,flower,real,35
train/1362489/4b2b549ac779f8306ae91236f1dbe6a694783412.jpg,1362489,flower,real,35
val/1362489/1fe745333b6caf0d0dfb99b45e32dd47402f6f0f.jpg,1362489,flower,real,35
val/1362489/b6cfcfe1e5e3eb6439bd48625b4ae91e8a0b97ca.jpg,1362489,leaf,real,35
train/1362489/5f5d9e78fa4bc41a73a16442939952e687c33cae.jpg,1362489,flower,real,35
train/1362489/873f4d40059a5617ce68856245032e6b27350bd0.jpg,1362489,flower,real,35
train/1362489/cd9afb5ffd820a6b6ff345f4c50a4a4c0b39d12d.jpg,1362489,flower,real,35
train/1362489/b72e378e3519333f3c28ad69e0ed9da9c2ed2128.jpg,1362489,flower,real,35
train/1363019/8c1d187ef6dc8b7b677922f325358a343410d438.jpg,1363019,flower,real,36
train/1363019/5711f8ff16a9ae11caa6688ccf4d7d1d3ab6d9e9.jpg,1363019,leaf,real,36
train/1363019/b2d4dbde32196976c8938d0d7de7453dbf961bdb.jpg,1363019,flower,real,36
train/1363019/2fd13780f4069062ccc22352c950f498d260d549.jpg,1363019,leaf,real,36
train/1363019/7c6166480e1a8107ae30335cd76a4bdce8acc36a.jpg,1363019,leaf,real,36
train/1363019/04e50eb0322b6ded8d823b64ca94f05ce79d8a6d.jpg,1363019,leaf,real,36
val/1363019/c737bec76ee83f47872bd28fc74bc5efcb69c69f.jpg,1363019,flower,real,36
test/1363019/e55a5231dcab429feb416c7eecb1f49b8947a7cb.jpg,1363019,leaf,real,36
val/1363019/858841c2ae293b7307feaf3b968e874c20d065d0.jpg,1363019,leaf,real,36
train/1363019/d44dd85579f4a99a9ec707b7d24f37030b8f28ca.jpg,1363019,flower,real,36
train/1363019/d20a4269265e0542d46dfda93a3d42d4a564323d.jpg,1363019,flower,real,36
train/1363019/ee6696e98e3c32e96d7111d0636ed1b5005493bb.jpg,1363019,flower,real,36
train/1363117/e6371257ce54a90a9e4fed87d86e9f45478a934f.jpg,1363117,flower,real,37
test/1363117/5baab1b0e16005c13c0c82758652dac286dc69aa.jpg,1363117,leaf,real,37
val/1363117/771ca8a40e40050183832aa3e142a5776d80b447.jpg,1363117,flower,real,37
train/1363117/37eb8c19bd0ee121fc28a98880dca5e2a8fe48dd.jpg,1363117,flower,real,37
test/1363117/aca6f4e64b8bfa820eb7d0411d5624c24ae65d70.jpg,1363117,leaf,real,37
train/1363117/a32a004f35f9e96f7aefe3bd047b45424774caed.jpg,1363117,leaf,real,37
val/1363117/82cb6aa98bf6662da41e6edca0361528da832d57.jpg,1363117,flower,real,37
train/1363117/4f116579a7d2ebbdd38a9e82c850dc0e340f3cdd.jpg,1363117,leaf,real,37
test/1363117/6dcac40393e113fe9fbff0ee73f42f9b3a2926ce.jpg,1363117,leaf,real,37
train/1363117/be3c8de926e2d493b12999f906d4b371a12d4a07.jpg,1363117,leaf,real,37
val/1363117/410e8e0d0ad8ff1fc3f9760caa406c30d36e4e5e.jpg,1363117,flower,real,37
train/1363117/d0a717590ad9d89079e55150542c42d7599ca6d9.jpg,1363117,flower,real,37
train/1363117/90b21c871f7e1af97942c629a9b728f0c9403156.jpg,1363117,flower,real,37
train/1363117/291409986aca6db1d1e5234366e8f397fd0f9c00.jpg,1363117,flower,real,37
train/1363117/2e69075593b0ae3e7316fd87f20f42ae820bf1f0.jpg,1363117,leaf,real,37
train/1363117/48fd3e4c8669bb33bdf7dbd0e9332ec4f132ca5c.jpg,1363117,flower,real,37
train/1363117/5cc1aaf45ee763cdef03783ef9cc3f331ca8e4db.jpg,1363117,flower,real,37
train/1363117/2b5147833fe19c96de4504e090fbd372be78419f.jpg,1363117,flower,real,37
train/1363117/ce67b83d9f5211f6912abaa5d522e0ec947630b5.jpg,1363117,flower,real,37
test/1363117/1f974f9c8126470766a5304e4179a59204a64b47.jpg,1363117,leaf,real,37
val/1363117/2ad0029660b7563e414b596a69840ad0640da901.jpg,1363117,flower,real,37
train/1363117/2f4d8c28e0cc7930e292ae8fe10ae99ae12329e3.jpg,1363117,flower,real,37
train/1363117/5285b03596babbeb52ab0cefb56a05683dc8d217.jpg,1363117,flower,real,37
train/1363117/f8be09c2dac0c72a92a18f38a42f053af1776415.jpg,1363117,leaf,real,37
train/1363117/9c27870345bb4fd14c74aaad0b6927be331d67b9.jpg,1363117,flower,real,37
train/1363117/6fd7a3d7f92eab351ad69a55b1ca61312defd092.jpg,1363117,leaf,real,37
val/1363117/51bb5ed581d180517217d63c18b1253150e5d30f.jpg,1363117,flower,real,37
train/1363117/1f49362dce09e15e086870f7740d7b86546f3b20.jpg,1363117,flower,real,37
train/1363117/42eebf9061d9167b7018e237e1488dcd0fd450c6.jpg,1363117,flower,real,37
train/1363117/ec038951970f0c1578ccdd0ff909b35bc93447e8.jpg,1363117,flower,real,37
train/1363117/3ec189404af401339f2f5b47d8be393442cd04b5.jpg,1363117,leaf,real,37
test/1363117/4d4bfb7329d0c2004eeffe2f7000ba542f43da2a.jpg,1363117,flower,real,37
train/1363117/a16cc7daa588841c44f4841494a97961efa4c3dd.jpg,1363117,flower,real,37
train/1363117/2cace51064fa1ea522056ed1491e5661aa1055ea.jpg,1363117,leaf,real,37
train/1363117/15f8fbc01658c6ae17ad36e0cd244bd1a89fb245.jpg,1363117,flower,real,37
train/1363117/311a5c0a8ea262b5cb384718f7b7593fe00887cd.jpg,1363117,flower,real,37
train/1363117/de53e479c302c904aaad8ce8a511c2dd660c5594.jpg,1363117,leaf,real,37
train/1363117/efaf2fb8c35ac6b91a876309e8c517bde2a57a29.jpg,1363117,flower,real,37
train/1363117/5b00efb1dc75a521e7a68c4c5e3ea21f458b3881.jpg,1363117,flower,real,37
train/1363117/7317886970cff26925ad15bcb807b680bce96629.jpg,1363117,leaf,real,37
train/1363117/3899be115e312c0859a417b94daeecda1924ae45.jpg,1363117,leaf,real,37
train/1363117/9aae58285f0af1e0c592d38a089aafe01054894f.jpg,1363117,leaf,real,37
train/1363117/a344440bd938cf8f6271a9a25e22d8ed30d3dbed.jpg,1363117,flower,real,37
train/1363117/64bdc2c06b82bee6291fb86fee7768da9d18531a.jpg,1363117,leaf,real,37
train/1363117/88081f411c9816d7aab2aa3bbfe0a2b4b0292d0b.jpg,1363117,flower,real,37
train/1363117/715cbb10aebf07aa23023e1f6b16dc799fc0e7bd.jpg,1363117,flower,real,37
train/1363117/055334387dc1326719dcb4f3936b46936c09d4d6.jpg,1363117,leaf,real,37
train/1363117/e2f5f47e917d085e545dbdcdc0ff24c504c27a72.jpg,1363117,flower,real,37
train/1363117/df2820c372b1733d9e72990d2b48418351731383.jpg,1363117,flower,real,37
train/1363117/7921eaf5db990b88689b8842d5ae0236b0ce5851.jpg,1363117,leaf,real,37
val/1363117/31f2ea437d314e68c30aea114519407f68b2ab9b.jpg,1363117,leaf,real,37
val/1363117/4263d9c74aae86e4f5349c161ed3b46603ce6066.jpg,1363117,flower,real,37
train/1363117/3980dda8b6c8fc7af023698db84c8ae1075e45a9.jpg,1363117,leaf,real,37
train/1363117/b5a3b79f4cb99458589cbd0c0461f07d9db489f7.jpg,1363117,leaf,real,37
train/1363117/96428a2cc2381d837071d0c472847c615ee05aef.jpg,1363117,leaf,real,37
test/1363117/2dc447b0d2b49804e5a7c5e96463621f3ec06ea5.jpg,1363117,flower,real,37
test/1363117/ee5f04cc30f75407462d7f280abc4c881d1a4fdc.jpg,1363117,leaf,real,37
train/1363117/ac76ea968eec2abe0b0d681da3e6c64fcef946cf.jpg,1363117,leaf,real,37
test/1363117/89cde2b307f2c8f057a50e782b35afe898cd3f2f.jpg,1363117,leaf,real,37
train/1363117/e6cffc08c89117125dd7a30cb5f4f84b771c1146.jpg,1363117,leaf,real,37
train/1363117/a72179526db0af8d21bc0cd16a89422a865c32de.jpg,1363117,flower,real,37
train/1363117/66e78d9f0d6aabe8bc3f30f95571c1cbdd622693.jpg,1363117,leaf,real,37
train/1363117/0a155fc6e9e53767d55126afe9415564b98a43f7.jpg,1363117,leaf,real,37
val/1363117/55aa54880b4377958855beb8079471302d2122b5.jpg,1363117,leaf,real,37
train/1363117/37e3618eb0ee3c33626b1dcf184d3680ad8ed37c.jpg,1363117,flower,real,37
val/1363117/0683fb9a3dbac8fc5c07ee9944131346bc5c3305.jpg,1363117,flower,real,37
train/1363117/0004a5b0521501c49eb1902a4da8d968080c4e3c.jpg,1363117,flower,real,37
train/1363117/3bed96482ea9cc736b3337e852e9ab59b1c03a3e.jpg,1363117,flower,real,37
train/1363117/b9566dd04623e8f8301058a726bd61f58a2a5d0d.jpg,1363117,flower,real,37
train/1363117/2b62386825bf157e9204db0611ceb77c8e627641.jpg,1363117,flower,real,37
train/1363117/08fd9d8c9948e3652f61e1b98e2b079c0e26366e.jpg,1363117,flower,real,37
train/1363117/fc36bf15776b8c2a485787bfee7ec1f219c683d8.jpg,1363117,flower,real,37
train/1363117/827e9778d653d34b7c059148bcf8e9e56317693e.jpg,1363117,leaf,real,37
train/1363117/a8309cc9c262fc3553b3bf61a83ee6dfc621561e.jpg,1363117,flower,real,37
train/1363117/b945a5ffd5bd486f553126ca1383b3861acc214c.jpg,1363117,flower,real,37
train/1363117/72cbf1b11088a774c9384ccdc3c40d1f8cefb0b0.jpg,1363117,flower,real,37
train/1363127/a20e9bb4065a35374691f9d9bf54e253cfc5828d.jpg,1363127,flower,real,38
train/1363127/52d60d997f0026994514853d69549714722a206f.jpg,1363127,leaf,real,38
test/1363127/084d3eab4870eb19cfe1959326a5bb7ab511c8ea.jpg,1363127,flower,real,38
train/1363127/196fb991b17a638acda59e723fdeec206d73520d.jpg,1363127,flower,real,38
train/1363127/8a361c6e01a34cbd415d346d511e30c4a8a26d86.jpg,1363127,flower,real,38
train/1363127/d8631bf710c472f551f068bdf17243f4973eff8d.jpg,1363127,flower,real,38
train/1363127/30e91d01b453b2f16876545e0de2ec744825544a.jpg,1363127,flower,real,38
train/1363127/ded558fa324c0dda5b23a67030d0058e9e759ec4.jpg,1363127,flower,real,38
train/1363127/90ce9a640b32e2bb7c46259587af27f8220f3489.jpg,1363127,flower,real,38
train/1363127/f1a7c23cf7e112f4c96936d5915f46f26436f8be.jpg,1363127,flower,real,38
test/1363127/4744e13b000d9ca382f02de762607467c35ea7fe.jpg,1363127,flower,real,38
val/1363127/6e4e900e638c699e2a8de5014e61b5e4b51b57ce.jpg,1363127,flower,real,38
train/1363127/eddf4dfde8fac79f81e7dc93290f5926bb3f0472.jpg,1363127,flower,real,38
train/1363127/7258dd8ccb741048f29689ab3b7231713ee966f5.jpg,1363127,flower,real,38
train/1363127/e3d8843e4eb9826be90336cb0e4a011c9ae8fc1c.jpg,1363127,flower,real,38
train/1363127/ee9898a215939a4b373e801d6e446f50e5ac9d67.jpg,1363127,flower,real,38
train/1363127/e8e694d8dcdc698732261be125e2aa122be4e406.jpg,1363127,flower,real,38
val/1363127/43561a7780cabd14b0bf8869e15cec0156938d53.jpg,1363127,flower,real,38
train/1363127/46e658d0eda6eb41a758ba93309ab9f4f856e10b.jpg,1363127,flower,real,38
train/1363127/5ea87ee040311f3ff3764eb5e6e170c664ada466.jpg,1363127,flower,real,38
train/1363127/1eb6c0d14240dcca6cb530eba347783d606a5391.jpg,1363127,flower,real,38
train/1363127/3e417ce7aad68b8ac8f75edb2eca6771c62b2413.jpg,1363127,flower,real,38
val/1363127/3eb24ea24fea6ad5306c3f39ad76c1fa463352e3.jpg,1363127,leaf,real,38
train/1363127/9dead739620db71cef596b5a6d41e5ae03b7571e.jpg,1363127,flower,real,38
train/1363127/163b41e28f3ba35774db52722dba3c2b4f3625fb.jpg,1363127,flower,real,38
train/1363127/0af89808ce861843c9e44ed1e82981bbdaab9fe2.jpg,1363127,leaf,real,38
train/1363127/0abe7e820e603a086ebb3726ff6e2965eb9ba076.jpg,1363127,flower,real,38
train/1363127/337f6a9a7ce824b5e262a824ffb1decd1de1d765.jpg,1363127,flower,real,38
val/1363127/6c5d5341182324dc8e7600d2661afbd60391793b.jpg,1363127,flower,real,38
train/1363127/e381cbbb01e99fff44b58a2ec88f45d74b2cf859.jpg,1363127,flower,real,38
train/1363127/f4eef38013fb3307009c989b4352f5432acc5656.jpg,1363127,flower,real,38
train/1363127/3747d4770751a92f087f79e4746fa657f65af3a2.jpg,1363127,flower,real,38
val/1363127/7b6dae50810ce41a136d7a935a8a7cd67b959f5f.jpg,1363127,flower,real,38
train/1363127/208b59dbda61d5b76db8711de22f961f27380c1e.jpg,1363127,flower,real,38
train/1363127/1388693a35173c34d4ce576d9e8750fee01cae8e.jpg,1363127,flower,real,38
train/1363127/5e555c8ed04d8aca94dbf048b1f0a5ab8e419ec8.jpg,1363127,flower,real,38
test/1363127/fc162e5f5ba2842d683dba02c99ac3a5bf3014bf.jpg,1363127,flower,real,38
train/1363127/d7dbc5dcfa2949f1447d8fd56d567580dffb5ac4.jpg,1363127,flower,real,38
train/1363127/1fb4e672972aa41d8c7c9df2793b85e5811c054b.jpg,1363127,flower,real,38
test/1363127/fb8c6ac035df89f436e6b734e0296c1057be43a0.jpg,1363127,flower,real,38
val/1363127/6ea992a2e9f550bead3e87aceb3e0d33fc15d8d3.jpg,1363127,flower,real,38
train/1363127/fa7e00fa292e14a7b74a71ba668f70c3fb33f33c.jpg,1363127,flower,real,38
train/1363127/335eaf915dd199c303c10b1c878debab7640c118.jpg,1363127,flower,real,38
train/1363127/53609cda20f4e0b53ed2999df07b7610a13bb991.jpg,1363127,flower,real,38
train/1363127/3cbcd604d87557c00828acf05c24af20fb0c9456.jpg,1363127,flower,real,38
train/1363127/748ec1acc88bfc28ff9f129ce1446c04a4d2b389.jpg,1363127,flower,real,38
train/1363127/18c8755b237fe4e2e969ec6b731599d66664b463.jpg,1363127,flower,real,38
train/1363127/4e06911702e9b2171ab97baaabbfc3d7c08fe663.jpg,1363127,flower,real,38
train/1363127/1d872ecb3985b70ecb2d337ed4052c31c062dfaf.jpg,1363127,flower,real,38
train/1363127/2a70f78551525c5ef7c6d99531a71ac195ea0bfc.jpg,1363127,flower,real,38
train/1363127/d4a429dea88d8913270ce30a8fbb9563c0199910.jpg,1363127,flower,real,38
train/1363127/9af86ab08a44d32431e0bde78a16f821356ac5c3.jpg,1363127,flower,real,38
train/1363127/d496126823846d329f4bbbb89f3f19fcf52eb928.jpg,1363127,flower,real,38
train/1363127/a2b34ad48e2d06612a2ebe7f429cd9e0c3ec79f1.jpg,1363127,flower,real,38
train/1363127/e99c779778136f65ba60b675df1fabc52086ffe9.jpg,1363127,flower,real,38
train/1363127/ec8b656f59ae39c9a5a54739178c097d8111562f.jpg,1363127,flower,real,38
train/1363127/6ea7848bbeb5f0903519f09abe161ce0192ecc6f.jpg,1363127,leaf,real,38
train/1363127/40fa90f803694bdba00aa45f0fc41223db6e2152.jpg,1363127,flower,real,38
train/1363127/a0e33d1974a6276b6937f6509a2934d8a0dc65e7.jpg,1363127,flower,real,38
train/1363127/28fe36131099279a2a83a135fbb4703e878bcbea.jpg,1363127,flower,real,38
test/1363127/866f877182e00d50ea808e2c2c7e140bbf00bdd0.jpg,1363127,flower,real,38
train/1363127/7cde2ef8261882fb696d33331cc262c87ba763d0.jpg,1363127,flower,real,38
train/1363127/759e5caf01af75fef07cf5baede7ad497272778b.jpg,1363127,leaf,real,38
train/1363127/b5ea28df3405a5c4d0fc2391aa240f906383c080.jpg,1363127,flower,real,38
test/1363127/0f0d4e0c57ba2c7fe73e2654a38941bd829fac18.jpg,1363127,flower,real,38
train/1363127/e4a8bccc817f836ae53c3a943162de5ab2075de7.jpg,1363127,flower,real,38
val/1363127/052934553054980dce7be4d460d78d173cd55455.jpg,1363127,flower,real,38
train/1363127/f2faaf269ce259e2919d1214c036fef70a50c05a.jpg,1363127,flower,real,38
train/1363127/2bd53e92f38566aa7be9011638fa4496d83b9b05.jpg,1363127,flower,real,38
test/1363127/1473bfa199965abb3fe3c8d4e567674384b82542.jpg,1363127,flower,real,38
train/1363127/cd9d8fa8cd6399317f80a6a19f608e76dde86b72.jpg,1363127,leaf,real,38
train/1363127/e4fdcbcff3c6d3db468d834cbe61191de7bb2647.jpg,1363127,flower,real,38
train/1363127/1099d59b2a718d8c78c4dc46d6ffda78eb7b70dc.jpg,1363127,flower,real,38
train/1363127/8cb69ce764cae70310b67feaeaf15cbaa61eafb3.jpg,1363127,flower,real,38
train/1363127/b6994c68ae8d2986e72d1188a0b8887cfa892c62.jpg,1363127,leaf,real,38
train/1363127/52fc61daa23a51b17304f7c89bbfef620b27824f.jpg,1363127,flower,real,38
test/1363127/88017732ef68a7d6663a6edd300c55e5532b7bdc.jpg,1363127,flower,real,38
train/1363451/95d6feb2f1f48b7ad1ce0e4042144b11938c6e57.jpg,1363451,flower,real,39
test/1363451/31abf30fc7d65fd02f34558278df3d2b975dbe6c.jpg,1363451,leaf,real,39
val/1363451/3dcbe543da7a2a79b9deef3154d8f6fa6f008acd.jpg,1363451,leaf,real,39
train/1363451/092979e6fd812280887ee7c851760982cf60a672.jpg,1363451,leaf,real,39
val/1363451/8c507811ae9de93c45b11d30b6fc92742562c226.jpg,1363451,flower,real,39
train/1363451/9ecabb86aaacbb9d4e245a1eb2d92580b37a38e0.jpg,1363451,flower,real,39
train/1363451/788ffb3e62a7f2a0f6fa77e46bc7bca2c478d7ed.jpg,1363451,flower,real,39
train/1363451/74bab865fcf13f6ba0bfb8fdaf7b0452d6e899f2.jpg,1363451,leaf,real,39
train/1363451/bc2cdfac71b921e56f6c696ace73594f111910b9.jpg,1363451,leaf,real,39
train/1363451/8857455bed816d4839b48a71df025f69054bc67b.jpg,1363451,flower,real,39
train/1363451/51b1ba8c3ff7d0da2f141b15c3ef41c8c008b84e.jpg,1363451,leaf,real,39
train/1363451/0d864703f91de81898a5648a186c723a03a088a2.jpg,1363451,flower,real,39
train/1363451/ba6775489aec55da1f34dff39574faedeb03e2ae.jpg,1363451,leaf,real,39
train/1363451/e394b8bd31987ddc3ba36be62a2c5cf15703eb69.jpg,1363451,flower,real,39
train/1363451/f4ef578cc8cd085cb662bfb77adf99b30977a93e.jpg,1363451,flower,real,39
test/1363451/9647e682477849dac336578e60dd338ecf9bd1fd.jpg,1363451,flower,real,39
train/1363451/b25029cec998fd4ebf58d3e9a5a36d06600fd434.jpg,1363451,leaf,real,39
train/1363451/ee4ed70891ab319073df94393e7711767f4bbbbd.jpg,1363451,flower,real,39
train/1363451/d91a015b3b40c8b67f25fdf5ad36b32338e99110.jpg,1363451,leaf,real,39
val/1363451/2c89618224b5f39072329d2f6126fc855945ed61.jpg,1363451,leaf,real,39
test/1363451/6beed015c60583fb4959e315d5cd63634b6394dc.jpg,1363451,leaf,real,39
train/1363451/c55153b11a3dd5bbffeba7310e4a630b0b40bf94.jpg,1363451,flower,real,39
train/1363451/448e73dcc46c624544cf88928ffb79eb4327c30e.jpg,1363451,leaf,real,39
train/1363451/1407258c6de78faaca7aee53e2c93a3f2454e547.jpg,1363451,leaf,real,39
train/1363451/d1106fe8416cb9142a8249e658ac3d8488404d12.jpg,1363451,flower,real,39
train/1363451/3e986063f537424ab481f94a05298065ca372bf1.jpg,1363451,flower,real,39
train/1363451/0cd561e93a00f76e1989965b77793aeb074423f0.jpg,1363451,flower,real,39
train/1363451/3603f2501c711a2b3ba9f34fcd5a54dbdabcf9a2.jpg,1363451,flower,real,39
train/1363451/bafec768f03d3f380025edb60203c19bc61d80f9.jpg,1363451,leaf,real,39
train/1363451/175d499cb7d2428e7312c016e44539c533468ca8.jpg,1363451,flower,real,39
train/1363451/90b1fe5c7bed78b154584a6f245741540bc97137.jpg,1363451,leaf,real,39
val/1363451/18e616b462e9f88d264e0be2278435e3613fd88a.jpg,1363451,leaf,real,39
test/1363451/160651932a6ad60d07f19fa0c55f663d0f3d6741.jpg,1363451,flower,real,39
train/1363451/58a0fde338f5676cd7001ffc788344846417c221.jpg,1363451,leaf,real,39
train/1363451/3d95264f9a21120e25611808952b13515b6b16da.jpg,1363451,flower,real,39
train/1363451/8bb02fa06fc21cf8eedc2a9c3fcbc0d673034fb2.jpg,1363451,leaf,real,39
train/1363451/7f5371e4645e753fe8ceda4fbc843d6102c2f4a0.jpg,1363451,leaf,real,39
train/1363451/f395c0066d0305bb58570f6918a78834fdd05826.jpg,1363451,leaf,real,39
train/1363451/0fa7e5e5012bee53e389febafed9f44290406ab3.jpg,1363451,leaf,real,39
val/1363451/587c632ffaca0801cd579fab52fcbb703d8ccc8c.jpg,1363451,flower,real,39
train/1363451/1b23e8f0b7f5c8c9adc9d756ffcb5e1eb61501d6.jpg,1363451,flower,real,39
train/1363451/46a8edaae06f410cd2f1ea9146cc014462cdc74f.jpg,1363451,flower,real,39
train/1363451/a3d6e20544f6701c86bde82bf9423e9ee83c0afa.jpg,1363451,leaf,real,39
train/1363451/a22da5e991cd01fa5a9c1caee469cb95d75de28d.jpg,1363451,leaf,real,39
train/1363451/ef4e09e1aec6d086040757042f6a34414078286d.jpg,1363451,flower,real,39
train/1363451/8851b05af5d145226547619cdecc93bb0ab67206.jpg,1363451,flower,real,39
train/1363451/ddd7dd89078878591aff47857a8e46cb859f5046.jpg,1363451,flower,real,39
test/1363451/388a6c0cb32ad2af842264eb16b8fd9a1db0c1c9.jpg,1363451,flower,real,39
test/1363451/b8e45938a48ff0a74ffda5fe577e35bf93c22fbc.jpg,1363451,flower,real,39
train/1363451/bc31e705ba9eb2ea114601b38104b6fba187af66.jpg,1363451,leaf,real,39
train/1363451/6d59b255541f2f7c7edc6b6e1c5b582830101e61.jpg,1363451,flower,real,39
train/1363451/8620ff5eb8de7f169774be6f75a22b07d7380301.jpg,1363451,leaf,real,39
val/1363451/5889ae8e54223eeecf247a2b4ddb8f1b60438e9f.jpg,1363451,flower,real,39
train/1363451/0543ab2e183e285ef3de9940b04c48b748150d47.jpg,1363451,flower,real,39
val/1363451/b7d67d53c9d1052ca15d0156a4a4658eeb486de3.jpg,1363451,leaf,real,39
train/1363451/a0e9e762a976e91c793e8b11e3d6480bbf175925.jpg,1363451,flower,real,39
train/1363451/699c39b8e4b1903572af96349142b07c182fcbab.jpg,1363451,leaf,real,39
val/1363451/575ed6b5711b4e19f4b540eab95fd7cc8d66217a.jpg,1363451,leaf,real,39
train/1363451/b3c58c16d83a77f00f3b0aedd36333c19f8b5e53.jpg,1363451,flower,real,39
train/1363451/e90c7195e73dc2c44ceec50ebc0c2b7446928ee6.jpg,1363451,leaf,real,39
test/1363451/3598f1683f09f8936f10e152d8c573353c9ebde0.jpg,1363451,flower,real,39
train/1363451/ee93e7330b474a68a6ceed967f08754898b06a10.jpg,1363451,leaf,real,39
train/1363451/ad962d57478f0ac7de89a6924dfa237c36c62b65.jpg,1363451,flower,real,39
train/1363451/71c7e22c9b07f0dd92385c8458520dabdd9e2c8d.jpg,1363451,flower,real,39
train/1363451/2a407e2af2c319d8390d1b7485bb7677eeee8f79.jpg,1363451,flower,real,39
train/1363451/e4b04e43535d437fcf6351656ec968e0659273be.jpg,1363451,flower,real,39
train/1363451/b0be81380b493843ab55873854e197b78ad7fb4e.jpg,1363451,flower,real,39
train/1363451/04a4ee6daa2652ea223cbbaea87944ca570e24cc.jpg,1363451,leaf,real,39
train/1363451/26d5c466bf9c09ba57266fb3abdd5233a7ecf4f6.jpg,1363451,leaf,real,39
val/1363451/8a7ce7d41fdcaaab03182a0c213cd5bf285495f4.jpg,1363451,flower,real,39
train/1363451/79ada686f68208627f4ada67edb4937bc7a994af.jpg,1363451,leaf,real,39
val/1363451/f1685c8440a56eb3ffb22ca0a31c43fcd1d1f208.jpg,1363451,leaf,real,39
train/1363451/455ba8262f2f448932e0c4f4d54b9776f0a8e3b0.jpg,1363451,leaf,real,39
train/1363451/cc1c19c35735843eedcd20c57027eca36ed0c002.jpg,1363451,leaf,real,39
val/1363451/021b62d75dd07cc7cde97c6ab771de69957ed89f.jpg,1363451,flower,real,39
train/1363451/42a1fb235cd7bf21b8d66154b89c3e0415424c24.jpg,1363451,flower,real,39
train/1363451/7a2654fd1895025a8b0de4646b7ab75af93200df.jpg,1363451,flower,real,39
train/1363451/41859e9d19aaf8288e7d6c2de1b534f0257488fa.jpg,1363451,flower,real,39
train/1363451/1f91d4be6d83c1f43ea663e6574ce3c1f27054bf.jpg,1363451,flower,real,39
test/1363451/a6c721d7967e493ced2053e231e32ce43e1e9169.jpg,1363451,flower,real,39
train/1363451/743e5e663b7dbd04b9fefe1d7aed2db64f2783ed.jpg,1363451,flower,real,39
train/1363451/e9a65d6c203d51d2d76ee8188244c7fe27f42a63.jpg,1363451,flower,real,39
train/1363451/e43d0a0399bd4e37b1f3f5f7e070da07b467168e.jpg,1363451,flower,real,39
train/1363451/c0725a17290bd2d139bef9ef0bec2a3e5c1215e6.jpg,1363451,flower,real,39
train/1363451/09c3a78806247fc7763be6efc2509ed18bca9440.jpg,1363451,flower,real,39
val/1363451/60fa204da2f28e7021c9843dd32f05836766404e.jpg,1363451,flower,real,39
train/1363451/803e61e1bfa746ef072499d01d0187e2777d96d0.jpg,1363451,flower,real,39
train/1363451/a814f1673d87c8d11e596d093067fafa35132496.jpg,1363451,leaf,real,39
train/1363451/e0b0667cc5fb13c716a6862c1dde7ba38bf823a9.jpg,1363451,leaf,real,39
train/1363463/a8c98253c90f61688a0086dfc386ee04f50f84ef.jpg,1363463,leaf,real,40
test/1363463/b183a908c8f0ecd8de39ab6c4a0d419e03ef48a8.jpg,1363463,flower,real,40
train/1363463/1d725963e835c05a43e40e2bcf8b6569f8e22e05.jpg,1363463,flower,real,40
train/1363463/dbaaac8ef46e7624ac1738acb9b6e89a7dbdb7d8.jpg,1363463,flower,real,40
val/1363463/b937a650a749f8b3a527757520d88898c0ac1357.jpg,1363463,flower,real,40
train/1363463/ea3041456c0435dbebf2ec5296176f4aca585026.jpg,1363463,flower,real,40
test/1363463/511d72f8b5864d63220ce6174d8e682630d1c8c1.jpg,1363463,leaf,real,40
train/1363463/84d05d3c7f5756cfd810a8d53077cf27942e41f3.jpg,1363463,flower,real,40
train/1363463/09922a3bd9aa2e7d2e613fb408b97729071bc69b.jpg,1363463,leaf,real,40
train/1363463/775293f00ec56afc3684ac4736da935d397608d7.jpg,1363463,leaf,real,40
test/1363463/4d9fa7b94a61627676ea5f583b5ff77f04849d71.jpg,1363463,flower,real,40
train/1363463/3c9ad1947e34df2396bd9517596cd64693d6cec4.jpg,1363463,leaf,real,40
train/1363463/f954211b4195c31214e0b7b8a14b5219aae0143b.jpg,1363463,flower,real,40
train/1363463/c8aac241e2ca5bc7e36ff321de71a82d3cdd6701.jpg,1363463,flower,real,40
train/1363463/8cba7353fcb1abe6a1be57277e6bea50dcbfdd41.jpg,1363463,flower,real,40
train/1363463/945908b34045086a210ed7f22f591b971d09f370.jpg,1363463,flower,real,40
train/1363463/89d9df362712c725ae28af06455f4ca67e961e8f.jpg,1363463,flower,real,40
test/1363463/5d5544cbcbfc30e3c02941c991593c835153df26.jpg,1363463,flower,real,40
train/1363463/1fc8aee8abacd6971a5f586b197296d11c87c6aa.jpg,1363463,flower,real,40
train/1363463/1d18dd3cde1b4b7187e902206081242d80b8b293.jpg,1363463,flower,real,40
test/1363463/a020d65ae6d3a2c1126379c0fb6dfee348527d03.jpg,1363463,flower,real,40
train/1363463/effd9d326ec22f6fadb4dcd046e2e661146856c9.jpg,1363463,leaf,real,40
train/1363463/084cd61ac06690d7d0522f09c0a347b17b2457af.jpg,1363463,flower,real,40
train/1363489/87764b1a7ca06999226194f2018a8c0cda2da87f.jpg,1363489,flower,real,41
val/1363489/2950fe78c42822fd8952b8141a730d5d23ba4997.jpg,1363489,leaf,real,41
train/1363489/3aac851f9756de41f0f914d5b25c57a4a5ed49e4.jpg,1363489,flower,real,41
train/1363489/ac86370ec280b7e30068660a361653c63a78b705.jpg,1363489,leaf,real,41
train/1363489/a390475c348ee43d42ed8f033805e7724b06fbd9.jpg,1363489,flower,real,41
train/1363489/2d78996ea81a607b14764d247aec7e7fc4d47cc0.jpg,1363489,leaf,real,41
train/1363489/c8b165cc3c70fc457f18b6d661ba821e359aaf87.jpg,1363489,leaf,real,41
train/1363489/30dc42f2b57f002fc4b15e848c90bd83e42150c6.jpg,1363489,flower,real,41
train/1363489/b8c64ba18ff7b35b6d66f44dffb6c14f39b9e737.jpg,1363489,flower,real,41
train/1363489/101e0414a4fa5535ef1ab175b9b7399fa9361c0f.jpg,1363489,flower,real,41
train/1363489/b9eba2167d6e396f5ef6e2fe011708564a030316.jpg,1363489,flower,real,41
val/1363489/1d95070385ecb052664a2501aa0fb4f3830992f2.jpg,1363489,flower,real,41
train/1363489/ecb0f693073b496e838fd16cecf4d075fddd0977.jpg,1363489,flower,real,41
train/1363489/9382bd2f82575f52e8abd974cc1ae6218fa9ee73.jpg,1363489,flower,real,41
train/1363489/70ea0d7272986f4959c1ecbb6dfd65d67721ea0c.jpg,1363489,leaf,real,41
test/1363489/abc6f3ad2df3cf625d4e1cf70c0e00d42c98a25f.jpg,1363489,leaf,real,41
train/1363489/4380002797bd17fb3a5b93ff5bbf0f862019bbb7.jpg,1363489,flower,real,41
val/1363489/0729d5c94f4298391a4b4016bfcadcca095dae86.jpg,1363489,leaf,real,41
train/1363491/3043e79c1a15760413d7347b4f567a791a17a47a.jpg,1363491,flower,real,42
train/1363491/ca9e61e7c5db361024409c280054f14470de542c.jpg,1363491,flower,real,42
test/1363491/0aed53dde21942c587f5f30ce284acbb1355ff7a.jpg,1363491,flower,real,42
test/1363491/27e3b6348343bbea5684fb1ae012815b8b588618.jpg,1363491,leaf,real,42
train/1363491/47235e48d740bb063cae5cc17f0834fc678e3cff.jpg,1363491,flower,real,42
val/1363491/d4e0090258eb036350bd236e0fd2481c7c851df5.jpg,1363491,flower,real,42
train/1363491/906bf32107862300e098258b74cffe366dc54785.jpg,1363491,leaf,real,42
train/1363491/b6e09bbcdd4683f77fc9b428175ee96114a45f45.jpg,1363491,flower,real,42
train/1363491/736c116da5ece6854074da8a3f36734f7c8b5e0e.jpg,1363491,flower,real,42
test/1363491/bd62b6ae862f053ad52c6bb48c56b693e32fe50b.jpg,1363491,leaf,real,42
train/1363491/9b3d15d990111f950fec341940f845c501f34c00.jpg,1363491,flower,real,42
train/1363491/dde7ed5f1dd13d1a870f63412786d494a5185c22.jpg,1363491,flower,real,42
train/1363491/ca7cdcd7a1f60ed56792f32ad922900a3da5d4e2.jpg,1363491,flower,real,42
train/1363491/35b6df8b3f59ea6a3c4839c3139735a534963bc6.jpg,1363491,leaf,real,42
train/1363491/8318f1d461b63f7aeb9ea79429af44754d5b6239.jpg,1363491,leaf,real,42
train/1363491/661f289f11c93fd1097aa963e31f7cafcf529c90.jpg,1363491,flower,real,42
train/1363491/a1b2ba695929ba28eedb687b4cd9134363d0ab2a.jpg,1363491,flower,real,42
val/1363491/8874b6ef9d882e0a36330324806055a666432b1e.jpg,1363491,flower,real,42
test/1363491/85a82daea768f2ce8d12d85204b42e6fd4b77ed0.jpg,1363491,flower,real,42
train/1363491/613f1a1f51bbfbdc67206679d75ac594577dd20d.jpg,1363491,flower,real,42
train/1363491/8989e5505cc55ba7217e2887a8b7a59cea24eade.jpg,1363491,flower,real,42
train/1363491/eba2242b3ddad5cb8f096bb683b1936ba86a22c5.jpg,1363491,flower,real,42
train/1363491/f74907a399c957238e7f4f0bc5633ace3ff6dac2.jpg,1363491,leaf,real,42
test/1363491/5e2add4b9ce1190f59500949c9af83b5aa3fda5c.jpg,1363491,leaf,real,42
test/1363491/809227ee73dfa79a779a54efd7530b9153a480bd.jpg,1363491,leaf,real,42
val/1363491/5791120efe2ce570f7de33b9593dfcd3f2acc724.jpg,1363491,flower,real,42
train/1363491/b499d5eed60abd523a9fe40559e45286512579e1.jpg,1363491,leaf,real,42
train/1363491/bfc4f6201fbd8576d1775e6d037fae2060143957.jpg,1363491,leaf,real,42
train/1363491/efa006f540ca548b7e82aae97523163fdffc1070.jpg,1363491,flower,real,42
train/1363491/925d955afaeff1b673d8d2a1ffdbcf31ec95ba79.jpg,1363491,flower,real,42
train/1363491/dbf4caaf1195d3fce31a6ebc3d25e52625e7fa91.jpg,1363491,flower,real,42
train/1363491/34a936860d38dace03aa587f2dd9fa4fcf0d8d6c.jpg,1363491,flower,real,42
train/1363491/f8198704dbaea9da8409c9b31c5ceaef455ede20.jpg,1363491,leaf,real,42
val/1363491/4577fe49de0df74155921faf2ba89dae3d61fe8e.jpg,1363491,leaf,real,42
train/1363491/3d6af508ed0b81396f868621dd604f24531c82d7.jpg,1363491,flower,real,42
train/1363491/5c1ba13331abb7af08401320d132abd2aaaa372f.jpg,1363491,leaf,real,42
train/1363491/f1169d5fe062aecfcd60a143b14a8f0fe15ee984.jpg,1363491,flower,real,42
val/1363491/87b2aa92db1401b2980715e0c97cd3d5991bcc8c.jpg,1363491,leaf,real,42
train/1363491/8fcd135ba21b1aee7a497d2522b939136c20b569.jpg,1363491,leaf,real,42
train/1363491/4bc23f3ac9391e2294e0f1fafc96eea051c29e19.jpg,1363491,leaf,real,42
train/1363491/7924e1120f182b3b91e5e7b6e54038bf9ab3d14f.jpg,1363491,leaf,real,42
train/1363491/2db82f65e999207415feb258a885b5ba6cad16b1.jpg,1363491,flower,real,42
train/1363491/727f55db7b4cfc4255cc049201d9df2edda1ba34.jpg,1363491,flower,real,42
train/1363491/ad88078db6e6d5d95bdf42ae34a32ae672e17e3d.jpg,1363491,leaf,real,42
train/1363491/f2f6d588fe685e1473b14c9c0c99fa1dd56bfac6.jpg,1363491,leaf,real,42
train/1363491/217b6a7c9d141f1a7309d8ac9419363e8a509d43.jpg,1363491,flower,real,42
train/1363491/69ed4b271d747c41ab3d38e26379cc39d1aaa189.jpg,1363491,leaf,real,42
train/1363491/1e0c9490629b99dd0b27c59843381fcb09fcae49.jpg,1363491,leaf,real,42
train/1363491/b094b880762444128429057ac70dcf7de87d1c63.jpg,1363491,flower,real,42
train/1363491/7a57b4094de1537c55f71d2606274d77b74a05c7.jpg,1363491,flower,real,42
test/1363491/2a54de634da8f03c656a5417e3cc327de6d76cf6.jpg,1363491,flower,real,42
train/1363491/48212843007adb01b4d7e4027b6f1fd19540d883.jpg,1363491,flower,real,42
train/1363491/d6e731c5e7c83ff920203e9714771f37a7828182.jpg,1363491,flower,real,42
train/1363491/387d88861868aae733151b4474e3baf8eea303a8.jpg,1363491,flower,real,42
train/1363491/4ca9d1847a2fc0dc5ce6482a96c11b75138a9d4d.jpg,1363491,leaf,real,42
train/1363491/08dbd07137749dc7df39d759e05874a4621996ec.jpg,1363491,flower,real,42
val/1363688/b0854e4e2172f446f29d12707be898557bb40224.jpg,1363688,flower,real,43
train/1363688/13388c79732d2712d35d9f7e4fb3a76258f9fa12.jpg,1363688,leaf,real,43
train/1363688/4caed084d6daab0a8141ed163c0d317babadedf2.jpg,1363688,flower,real,43
train/1363688/25e65222d69c14834474504d2fd3e7b30f9b7367.jpg,1363688,flower,real,43
train/1363688/7e04d7da84d5fd4bf5c56b53ebebb68fad753151.jpg,1363688,flower,real,43
val/1363688/f715959b277b23867df5db4178ba5d17ff0caf77.jpg,1363688,flower,real,43
train/1363688/d94e2b7f3695d1f594395ff9827edb4a8d35ae8b.jpg,1363688,flower,real,43
train/1363688/fc48c7ab5500939a8b48eae279628b741944d994.jpg,1363688,leaf,real,43
train/1363688/f6e6386ab6d4b18ce6abf0f85903cd43f5d0a005.jpg,1363688,leaf,real,43
train/1363688/65a447b15c8c11516f1c3759fe9adafe7d4a80e0.jpg,1363688,flower,real,43
test/1363688/8d6deae75559e3f4ef4d8d314ee11f4546ef84c4.jpg,1363688,leaf,real,43
train/1363688/dbf2573c65468779e656fe0e163c2801fded4687.jpg,1363688,leaf,real,43
train/1363688/f80c8a2de27ad7b3ae5cf414bfe0b9ad810ec62a.jpg,1363688,flower,real,43
train/1363688/203eb4a90bb2113b2c390a5ae291bbff35318428.jpg,1363688,leaf,real,43
test/1363688/17b22d1c454faeadc6b412e7466d5aaaac1b5a1b.jpg,1363688,flower,real,43
train/1363688/8f77305f533e553cbab041527685a363c7202c77.jpg,1363688,leaf,real,43
train/1363700/19d81332b313a3bc202bad20c832e9a53a8f5dab.jpg,1363700,leaf,real,44
train/1363700/3dd1f370f5cc4ed6568b34d9cd1fcce5ea8c3607.jpg,1363700,leaf,real,44
train/1363700/c47e3322a787b07879cc13803512c6777c9c4257.jpg,1363700,flower,real,44
train/1363700/a7d10c6ddde5504ddb04b4d140173e81d485b9f5.jpg,1363700,flower,real,44
train/1363700/c55146b2287f5ca513b2c28485972393cc551066.jpg,1363700,flower,real,44
val/1363700/e4d80ed9dfa0aa1f782e7c65b17be60bcd9338c8.jpg,1363700,flower,real,44
train/1363700/04a1c3aba114242daf726e499851af66cd449591.jpg,1363700,flower,real,44
train/1363700/8a2c16ac31ab3bdab54b1397d5e9def067f7663c.jpg,1363700,flower,real,44
test/1363700/d16b1084b3edfa7d9f804191741d770d84f3da94.jpg,1363700,flower,real,44
train/1363700/f2d711cc1f9c78dcd339b6a14e0b3ede0f2f5b2c.jpg,1363700,flower,real,44
train/1363700/141f79cc7dcf948ad43a10a8a4933c04e4a8c6a8.jpg,1363700,leaf,real,44
train/1363700/28654c06b3107b95e10d85c8e16ac7dad7870722.jpg,1363700,flower,real,44
train/1363700/d21c1dc85a06a12f5ba03f4e20b49663363c2af2.jpg,1363700,flower,real,44
train/1363700/2f383129969e2bba09b667a53e72bb4ceb2745dc.jpg,1363700,flower,real,44
train/1363700/c5c3ec443329e875de206780cfc3e7dc87351def.jpg,1363700,leaf,real,44
train/1363700/6ec406292d651ad447f7c2e8fcbdc0470ab84cd3.jpg,1363700,flower,real,44
train/1363700/648d0ddf7da67f19ddde2d88a59e1d4f009a8e95.jpg,1363700,flower,real,44
val/1363700/58949a123c693624116455411d0ffac8a2a074a0.jpg,1363700,flower,real,44
train/1363700/e6db3f126e1a4c428a28c3d2498a6cf476f5a730.jpg,1363700,flower,real,44
test/1363700/a4714f383c36ddc6a274c1c4db1167cee21d0524.jpg,1363700,flower,real,44
train/1363700/6e7bc9f4d13c99dd77644404aa2e605c3a174115.jpg,1363700,leaf,real,44
train/1363700/a7daaa4b01921e97a261d796a718f6c60da5d394.jpg,1363700,leaf,real,44
train/1363700/9f536e22409d64cf1e45eea259d9ffe9b70b4ee3.jpg,1363700,flower,real,44
train/1363700/b69e6089afe8230504ecf6c09254c90507300362.jpg,1363700,flower,real,44
train/1363700/ba6c4655be65aaa1f450e7d2fec85186b90c8d91.jpg,1363700,flower,real,44
test/1363700/e59df12e1fc2b2247849b152c0862333a991c2c7.jpg,1363700,leaf,real,44
test/1363700/594d4c4f7eef24ab6deb5017e8c676777d2b7c8e.jpg,1363700,flower,real,44
train/1363700/b5c8610b3c4c5b66dfa59caae0ac89cd9aec8b84.jpg,1363700,flower,real,44
train/1363700/1e6dd766094454afa47cd404de963b0cf94f85ce.jpg,1363700,leaf,real,44
val/1363700/8e9d9479d9006e30b4217d56b59d8617d393614c.jpg,1363700,flower,real,44
train/1363700/e29ffcebd39482c26f7d03dac2ce2d8bdc2e6873.jpg,1363700,flower,real,44
val/1363700/2f6b8e7127da7fc761b8ae78558713e2bddb9e97.jpg,1363700,flower,real,44
val/1363700/48976dd5cc929c301614fb976ed4616c60362cd7.jpg,1363700,flower,real,44
train/1363700/91ffbd809c9c2cf87dc243a6087f14cc00eed350.jpg,1363700,flower,real,44
train/1363700/6ecc4e82976711d5870c4ee2bfffc136a69f33d3.jpg,1363700,flower,real,44
train/1363700/45f720ddd727afb05b1bc5ae410b2babf296e44d.jpg,1363700,flower,real,44
val/1363700/35644049ec50e15a3ac6036d13f6eda052a9c3aa.jpg,1363700,flower,real,44
train/1363700/bfae1e34f377bbfca6b5da5bfe627317583e7485.jpg,1363700,flower,real,44
train/1363700/8bb25798e8dad64aa9d425efc366512623c29a99.jpg,1363700,flower,real,44
test/1363700/fa4c45537734d8e7d1ce941b52f72c5a40c191fb.jpg,1363700,flower,real,44
test/1363700/930fdfad49bee1c0460efef1f415a0293e414e32.jpg,1363700,leaf,real,44
train/1363700/e82f0ae0ce3f32464cd75e8b064ba846083b61bb.jpg,1363700,flower,real,44
train/1363700/6657edc671eff410681374a1b9bd503b58d27bf5.jpg,1363700,flower,real,44
train/1363700/71a0830c5d195a2ecd689219e4dfc0712e6b37e8.jpg,1363700,flower,real,44
train/1363700/37372456a750d705364cc82ff7903bbb1da110d6.jpg,1363700,leaf,real,44
test/1363700/b0e68e0a492dea75fa78e5a4031020123d7dc95a.jpg,1363700,flower,real,44
train/1363700/6c29c48d4eb589bc2ebf6f1b93f5590e095fa257.jpg,1363700,flower,real,44
train/1363700/c0a35996248d962728402f1b270f5040fece347e.jpg,1363700,flower,real,44
train/1363700/0284cc19678934ef797d02f0b6abc0d7debc1a11.jpg,1363700,flower,real,44
train/1363700/9645e3c0cf16fa7e33d9ceac046f8eb83d444a9e.jpg,1363700,leaf,real,44
train/1363703/97842a8183ea1ed73b973af0174fb287dbe17746.jpg,1363703,leaf,real,45
train/1363703/27071f2494f42e2b4c012838cfada252b2fed771.jpg,1363703,flower,real,45
val/1363703/7cf5b44ae05828d39b1fbf40df3f7afb55014928.jpg,1363703,flower,real,45
train/1363703/03cc39169609af5975a51ee36de0b67c369f6e5f.jpg,1363703,leaf,real,45
train/1363703/ffad51b7e9b8c107ae5ef687d561c4a86895e43a.jpg,1363703,leaf,real,45
test/1363703/7be02f18f7a44708f3f85df19cbbe428d7448f39.jpg,1363703,flower,real,45
train/1363703/908642e79b5abcbf1882d11f2dba34e9d59e21b0.jpg,1363703,leaf,real,45
test/1363703/196bb2743d1f2f09b803758980efc357726a9bd3.jpg,1363703,flower,real,45
val/1363703/fade2710904af156c99eb590606024d8659d6261.jpg,1363703,leaf,real,45
train/1363703/b1dcd43a14febd9cab892f1ec1280344456a41dd.jpg,1363703,flower,real,45
train/1363703/51712cdc62682a29222434c7fa1523c22951e9ac.jpg,1363703,leaf,real,45
train/1363703/bbd2a0bc35fb9b32150ee260c33f6b299bb8ceb3.jpg,1363703,flower,real,45
train/1363703/46f50b9b92ca8d8124477bb56beeaa19e1da5678.jpg,1363703,leaf,real,45
train/1363703/e1e8fb99b5971d290d61e7b283f6c416e2ccce34.jpg,1363703,leaf,real,45
train/1363703/7491ec187016c74e474ccad44d3111c047f62230.jpg,1363703,flower,real,45
test/1363703/61f30efbb6cc858c3f52920d126215d6136dc55a.jpg,1363703,flower,real,45
train/1363703/875eae90bcebb13c06a17c4142cf162353221fd7.jpg,1363703,leaf,real,45
train/1363703/dcbcdb800e0a693057ee8e10b8eab0ba09c60068.jpg,1363703,flower,real,45
train/1363703/e5d0976ead92e4f4ce873c82a1e1b40ab1a5d1e8.jpg,1363703,leaf,real,45
test/1363703/6d547b596998c9726d606a91f0321b60c8a0eb81.jpg,1363703,leaf,real,45
train/1363703/8a88fe5b695970baf4f4629872a99ec5af69e9cd.jpg,1363703,flower,real,45
train/1363703/bf94207a0bf181b3221f1cabf933d88e421b4ed0.jpg,1363703,leaf,real,45
train/1363703/3ddc712101000ad596c10d43cb357d509a253a8d.jpg,1363703,flower,real,45
val/1363703/b2210696612a7a9cbb0bdef17d935faeb16f84f9.jpg,1363703,leaf,real,45
test/1363703/3b5f35b6bcfbc937c81fc1bd65b358a2a6d51231.jpg,1363703,flower,real,45
train/1363703/22f1d4e5b7f5ee11ae51230d7c12cd777cd0cc82.jpg,1363703,leaf,real,45
train/1363703/a760c1fc293583bbc273ad57df22bd3e482e599a.jpg,1363703,leaf,real,45
train/1363703/1fb44a27120c44aee5fa64d94f4b4d110a34082c.jpg,1363703,leaf,real,45
train/1363703/716cfdbaeb075cdb42c52367b9746531246a339a.jpg,1363703,leaf,real,45
train/1363703/ecafd252fc246f698ad9654fbb049910ed92b507.jpg,1363703,flower,real,45
test/1363703/626854e9b66d0b12f8ad8e21f19bfab5628519db.jpg,1363703,leaf,real,45
train/1363703/bce0c696609d438256be92469e3abd85509bef19.jpg,1363703,leaf,real,45
val/1363703/48bed2d0b5924d82d154b5a3efe55dfacb1934d3.jpg,1363703,leaf,real,45
train/1363703/6fcfc2e0d9a9221f97d3ce8826621e5f47458ded.jpg,1363703,leaf,real,45
val/1363703/18c86607ec2673e74b136273ae3e203bd3c7ea63.jpg,1363703,flower,real,45
train/1363703/f25b0cdd518e63a903cd63430babfabf5619d2da.jpg,1363703,leaf,real,45
val/1363703/1b8408cf5a3472e047fb61cd948600ec94e33910.jpg,1363703,flower,real,45
train/1363703/0a8f03a4a374fbc872a42115aca009cc6679e6eb.jpg,1363703,leaf,real,45
val/1363703/65048719f84561ea5eb3e08314ae665532bbcb64.jpg,1363703,flower,real,45
train/1363703/19187f0afa17663759c95f362572eda353aeaccf.jpg,1363703,flower,real,45
train/1363703/b413fe181e908b90bf3816ee19085788a5983af2.jpg,1363703,leaf,real,45
train/1363703/e259539b0eb522d54ad228e2a3d95f58d87a6744.jpg,1363703,flower,real,45
train/1363703/67afb2a6c3e3a602e9248fd6e8779c3dd6dffb31.jpg,1363703,leaf,real,45
train/1363703/30c954fd78d449d22ebc06b3b0df18c098fc5d9c.jpg,1363703,flower,real,45
train/1363703/82d4ea114d375ef7654c338423963bce729f3e6a.jpg,1363703,flower,real,45
train/1363703/676669e597b728bd0bf7f2475a674f91ddcca619.jpg,1363703,flower,real,45
test/1363750/ef774ba7a5b709c7c6d6492e50e4f8acd5b769e1.jpg,1363750,leaf,real,46
train/1363750/1ee004bf36bb6b8aa39df283a93a632c099b8d5c.jpg,1363750,flower,real,46
train/1363750/a15813ecd21ff883d3e573d391738b72d84ce565.jpg,1363750,flower,real,46
train/1363750/396bbb4fa2e81ce1a2357b85f9fb4ec5e8a2c857.jpg,1363750,flower,real,46
train/1363750/00b1f067b524b3d39bdbf13a33412660c41699e8.jpg,1363750,flower,real,46
train/1363750/b7a398d0f9806bdf39f147a5167a52d059e36c19.jpg,1363750,flower,real,46
train/1363750/57c28d2cc4e51d6127c630a552d826630123af6c.jpg,1363750,flower,real,46
train/1363750/50d135f420564d86bf3a001a6ae9942c1ce06d2e.jpg,1363750,flower,real,46
train/1363750/d7c64ec1664ba20d0fd9f7066fb46961b6db84b7.jpg,1363750,flower,real,46
train/1363750/3ea7224dbeb8ad4bfc8fad37c48f85fb45ec3220.jpg,1363750,flower,real,46
train/1363750/9a58493a4611f02c80753963f55b209bc8b0551f.jpg,1363750,flower,real,46
val/1363750/b00a1473ab649eb4f8e50e51e1edefbffa678e51.jpg,1363750,flower,real,46
train/1363750/1d36d096c3dc052d69b27ad844cab6c9b355d72a.jpg,1363750,flower,real,46
train/1363750/0c2f66dbb1987ebb5b2fe3b3fd7dcbd47bcb9cf4.jpg,1363750,flower,real,46
train/1363750/a51224a5e24b2530d309e8799c08d325e1ad3faf.jpg,1363750,flower,real,46
test/1363750/54b8b16a4bb40efa7bb7d72fc6309096d11feca6.jpg,1363750,flower,real,46
train/1363750/c6f22b9a28f17460b2e5ee7d464411ae6de7faeb.jpg,1363750,flower,real,46
train/1363750/7a46626aec5b80ce78bcdccd0436cc6f81b6544a.jpg,1363750,flower,real,46
train/1363750/0a592cefb03796bef2b7d7c4be2c13ca4ad2b5d3.jpg,1363750,leaf,real,46
train/1363750/3d3c3bf05899fee221550b1b58c4d1a684f5add6.jpg,1363750,flower,real,46
train/1363750/bc931e50100f6255318a4e336e5ba124050ac647.jpg,1363750,flower,real,46
train/1363750/b064d1cbc6ed2bb019f552339ae5425dda9d6d68.jpg,1363750,flower,real,46
train/1363750/f4c6046b6d2d2b7df8a0a05ab45ca605f2d83e41.jpg,1363750,leaf,real,46
train/1363750/3af1da8d68f6afd98a5288686409d67bb1a46bec.jpg,1363750,flower,real,46
train/1363750/86e9bd1f29e61e7d2571d050fb751db1e9e76ce8.jpg,1363750,flower,real,46
train/1363750/958ed44226d20f2854617d0ab8d0b3cbcecf5155.jpg,1363750,flower,real,46
train/1363750/0a342362ab344f539c55952f2069469b089ac4e1.jpg,1363750,flower,real,46
train/1363750/1de0700fd53451dfb04a8b509398e14435b2ee7b.jpg,1363750,flower,real,46
test/1363750/871295a4e36ec3bd44d57460378e15a987d1a2a6.jpg,1363750,leaf,real,46
train/1363750/8eee2776fa1b8057949c4ac004c50b73ad5a167f.jpg,1363750,flower,real,46
train/1363750/7a191e89df6682fc6bfef2a395e9df416eb16f76.jpg,1363750,flower,real,46
train/1363750/42405f47a88e7fff93bbf4ed6d8bb3ff74bef34a.jpg,1363750,flower,real,46
train/1363750/d3ed2db9a939921a4f3df15a75f4be794e77f2a2.jpg,1363750,flower,real,46
train/1363750/82ae38c2c854161d4dcb3250333a77d53eedc6dc.jpg,1363750,leaf,real,46
train/1363750/d11e6a6cb345587961370dacd8db911e08c85d8b.jpg,1363750,flower,real,46
test/1363750/6466faa6cd3e7f32edffe61b8f5d6081f5656f0c.jpg,1363750,flower,real,46
train/1363750/30698dcd579a52e475b6fce33692ca3882cec801.jpg,1363750,flower,real,46
train/1363750/f68cb7c4fb92086bb115e35590670af556fd8ffd.jpg,1363750,flower,real,46
train/1363750/7288a425be1e3996ad34c88db5df4bcada3cf2cf.jpg,1363750,flower,real,46
test/1363750/9bb78f610bea63233778234197c4f74e1aed76f1.jpg,1363750,flower,real,46
train/1363750/074687124495da6228983b2345e8ab56f39241ac.jpg,1363750,leaf,real,46
train/1363750/8a275a1f44bd8a8f0de733a11ebed630670d65dd.jpg,1363750,flower,real,46
train/1363750/0bd86bd44332ea0546f02c10071634812a0677c6.jpg,1363750,flower,real,46
train/1363750/7d1e2e873194f500d19cde784c33ae9b4b53b019.jpg,1363750,flower,real,46
train/1363750/ea98f392c11330cb3165d26566e3f16f1ccfa8b8.jpg,1363750,flower,real,46
train/1363750/3d9f655119286cd21e36c28b7b432f08057a3c13.jpg,1363750,flower,real,46
train/1363750/a626319587612b34451cbf98f05be910212696e8.jpg,1363750,flower,real,46
train/1363750/e2f6f9bb854322d482b895b1f4bcfc1809e86875.jpg,1363750,flower,real,46
train/1363750/7137d75f0cb0d19f643b34483d2646c7907e950e.jpg,1363750,flower,real,46
test/1363750/c856207a508291969a727b280c86bba1529478b0.jpg,1363750,flower,real,46
val/1363750/82f4c80ae21952c1844130990608f5f4ebd498f8.jpg,1363750,flower,real,46
train/1363750/c8edc6ab3e34f4cd405d2cea26c151b3c626cc3e.jpg,1363750,flower,real,46
val/1363750/bd4422bc531c71e1ea20aab69885f0acb3c90db5.jpg,1363750,leaf,real,46
val/1363750/66d63bfb69a2db8e29f91ea918c9eed0b1b911da.jpg,1363750,flower,real,46
train/1363750/d248134957bcdb36d33c6038d03af0baeb643ef9.jpg,1363750,flower,real,46
train/1363750/0620cc7d2529c68784be131cc4ed064f69192b23.jpg,1363750,flower,real,46
train/1363750/f19c08a63529c8671dac1987eae2b6d0d638fd5a.jpg,1363750,flower,real,46
train/1363750/5866af5a56497eabcb09d255b14ffc051d55f1e5.jpg,1363750,flower,real,46
train/1363750/48ad5902cdf0a9f0578fcc01eeac64c7aa843ec8.jpg,1363750,leaf,real,46
train/1363750/39529ee8ad63ee0d67198d7ea20cc41aee3d20ab.jpg,1363750,flower,real,46
test/1363750/51a9815f29128facd49c72324cb064b0f8fdfd65.jpg,1363750,flower,real,46
val/1363750/928fcb5933fc0a163d76be8ad4b4ccd4d220fbf2.jpg,1363750,flower,real,46
train/1363750/429d5c6fdf21afd43072ad953dd22edde57105ba.jpg,1363750,flower,real,46
train/1363750/57f0b5aee9ab294f3975b4b12abe4e53294199dd.jpg,1363750,flower,real,46
test/1363750/7bf40789512a79ab5c4f08f00f2886b740ff8017.jpg,1363750,flower,real,46
train/1363750/376c647dbb8b2cdcb9f6ca2c941673f829786348.jpg,1363750,flower,real,46
train/1363750/c924b5047ef30b0d692914dc72500cabca0c4ea0.jpg,1363750,flower,real,46
train/1363750/a1a4b48e436f5b5032501b1422ead1823363f073.jpg,1363750,flower,real,46
train/1363750/ef82919e161ddbb4192d7c8e174bc75ace8ead44.jpg,1363750,flower,real,46
test/1363750/a2b01e598bc3244802f86776e5885fd14a0d5ef3.jpg,1363750,flower,real,46
train/1363750/4e68c6b06bf9a44f93849d42961ed7b1268cccb1.jpg,1363750,flower,real,46
test/1363750/b0fdbd0ad2b8845277417d4cd93656023e57580a.jpg,1363750,flower,real,46
val/1363750/dfd484075e601d315a0a8725de6b25d80bcbc65a.jpg,1363750,flower,real,46
train/1363750/18a431c1f5d3d93333c2a02c8619ae3a1cb41276.jpg,1363750,leaf,real,46
train/1363750/bd6bb61b83df1bd075e31b81fc7c0d39f47b878d.jpg,1363750,leaf,real,46
val/1363750/e9263f76dccc3fcf5237887959e43d85c7839afa.jpg,1363750,flower,real,46
val/1363750/a69e4f0dccfc48927c98f393da904ffb988e1362.jpg,1363750,flower,real,46
train/1363750/91d1044d074526ccaa497db3574a454bb2010a30.jpg,1363750,flower,real,46
train/1363750/e4930fde5585f3642eba28556f267604dbe08253.jpg,1363750,flower,real,46
train/1363750/c3cdfa87892a30c390d859f073322b392a42ac1f.jpg,1363750,flower,real,46
test/1363750/c6daa6d2614cccb5f140bd466b41f9dceb8447f5.jpg,1363750,flower,real,46
val/1363750/deaa81d33501fd43d56c11c6bfd78a02966ff6f0.jpg,1363750,flower,real,46
train/1363750/94bf9956332ef475ece11fa6bdf109856c4ee30b.jpg,1363750,flower,real,46
train/1363750/3b9c2474656beef6726a4d6a2dc92cc9495def57.jpg,1363750,flower,real,46
train/1363750/88ceb79cbb7a6e581f893b54688c59824d38b55e.jpg,1363750,flower,real,46
test/1363750/084f3142a61c63462c4f64c75c6ee3dd2d4aaef5.jpg,1363750,flower,real,46
val/1363750/52bbe7dcd17a7f0a1cf2f0cc50df471524faf529.jpg,1363750,flower,real,46
train/1363750/8bcd382644bdb333412dc01ef1e122bf6bd4c36e.jpg,1363750,flower,real,46
val/1363750/1b784cc2828fbf78ba97fd6e1e98771148357290.jpg,1363750,flower,real,46
train/1363750/78d3a5d2a7e8131947cfc3ec282df6318380c959.jpg,1363750,leaf,real,46
train/1363750/6e72508323f3c4b271fc5a379980e5e6045e57ee.jpg,1363750,flower,real,46
train/1363750/77753cf9bef888ce55151d679a858fb17b35ccc4.jpg,1363750,flower,real,46
train/1363750/14fa7c8b62a61e777036c8903c4ce25121ffebbc.jpg,1363750,flower,real,46
train/1363750/1288d0438d60bac2c95ac33a52e11b1b04379cf4.jpg,1363750,flower,real,46
train/1363750/54dcf7743d6fda5b5591439ac3a6941ddeda85f0.jpg,1363750,flower,real,46
train/1363750/5c0aef7881868c1c8c79b023999a0255556e6b1e.jpg,1363750,flower,real,46
val/1363769/bb88a0586399c6e7b54e457fb74a9c8ed9d634e3.jpg,1363769,leaf,real,47
train/1363769/6d6f05b465fc2d994313ca6115567142e5c75f37.jpg,1363769,flower,real,47
train/1363769/20fc304ac5e85749b52ac22a0f88ddaf86c391ec.jpg,1363769,leaf,real,47
train/1363769/e320b0d7570904f65ca45bcc5346ceb832d67f1f.jpg,1363769,flower,real,47
train/1363769/7d9afb838cbabff9b24f71df8be8cc5a72842f7c.jpg,1363769,leaf,real,47
train/1363769/6362fb1e39a1c9fd77d018d39172064326b633d9.jpg,1363769,leaf,real,47
train/1363769/5217c2f2bde20f47c02a940c2dc7571eb56f22d8.jpg,1363769,leaf,real,47
test/1363769/3fce1ccf4454d15be51d6610095c2353edf7db2a.jpg,1363769,flower,real,47
train/1363769/91cac9638e8de133b3ed2b4b6b68bf7321253d8b.jpg,1363769,leaf,real,47
train/1363769/2d7174574d05b33cb151d1da41c9e6fb433144b2.jpg,1363769,flower,real,47
train/1363769/e728d593b5c322333b471dd8148cbd5d02a28cc3.jpg,1363769,leaf,real,47
train/1363769/a672c42b1be140ca7b9515317f13d8dfc90bec9a.jpg,1363769,flower,real,47
train/1363769/9203275da400a347d0e9242f60ecc581894453f7.jpg,1363769,flower,real,47
train/1363769/e8645e09a032e52cca9e1d663a1a895822f10b8b.jpg,1363769,flower,real,47
train/1363769/51ecac82e0ac31be24e0daa5a72118a03271bcc7.jpg,1363769,flower,real,47
train/1363769/bfa60855a4e40d4ba455ec2fcd0c7991749dcbb0.jpg,1363769,leaf,real,47
train/1363769/cdcdf3f201a978467a36a3ad41abb986f6f4e4ed.jpg,1363769,flower,real,47
train/1363769/b145d9f61e02b7a1e60f7468478b478ced745afb.jpg,1363769,leaf,real,47
train/1363769/698684fa24f734a8e168f7db24bb4ca4d5924836.jpg,1363769,flower,real,47
train/1363769/2b55afad590512eb9af54a9aedd42338be81db66.jpg,1363769,leaf,real,47
train/1363769/2d1c946da8803cb493f9a12e8fab818cd14de4e9.jpg,1363769,flower,real,47
train/1363769/001afce4e87f2def0196c5a32f85ff5b5e6bb629.jpg,1363769,flower,real,47
train/1363769/858fcd693c4d349fcdd805b91289198c66602f90.jpg,1363769,leaf,real,47
val/1363769/aef8c6ec1f05df45cb90f6f17929a5087a256c0b.jpg,1363769,leaf,real,47
train/1363769/59820724115a0929fc9dc88a9c1546538628b763.jpg,1363769,leaf,real,47
val/1363769/9b2573882082e663a503335b943f3a270ea83aa1.jpg,1363769,leaf,real,47
train/1363769/b8693d7432f8152c73727f3a0629bdc21f5be809.jpg,1363769,flower,real,47
train/1363769/67b3dc2603ff7e8cbb8c816d2935ba554dc78542.jpg,1363769,leaf,real,47
train/1363769/00d9c6950d8b08a2a8b3132d9ce4ddc2ed9c4a59.jpg,1363769,leaf,real,47
train/1363769/b70ce684cc83cd5167db6eeb725b4eac12b37c92.jpg,1363769,flower,real,47
train/1363769/3e653033f7ba769c3ef69d11ceed282c54a3aaa7.jpg,1363769,leaf,real,47
train/1363769/d77bf5ff0e63907021ad95090c5f1e37f90b1083.jpg,1363769,flower,real,47
train/1363769/4c6320554cb8d327176960be6bd840d0e24e10e7.jpg,1363769,flower,real,47
val/1363769/7813b0cf48543763c9945b72d52f486fbba01127.jpg,1363769,leaf,real,47
train/1363769/52d2277f8db84d32e290c0209d4e217bd5019030.jpg,1363769,leaf,real,47
train/1363769/ea5c12b150855d9e5d4475ca7a75c7905e7b07c1.jpg,1363769,flower,real,47
train/1363769/a4a4f3259f4b15dfa95d5abc0cb0850faac81c76.jpg,1363769,flower,real,47
train/1363769/e3710c28682c04efa5a6b7681ba694d774008c7d.jpg,1363769,flower,real,47
train/1363769/fb2dd6fcc4d4656bcc5e9ececfb17d0704619a93.jpg,1363769,flower,real,47
train/1363769/9a7bb11101418ee7028f506e4eef91f28164d28c.jpg,1363769,leaf,real,47
train/1363769/2dbb6da1d4e2523b66977fa4c3119cda966d558d.jpg,1363769,flower,real,47
val/1363769/d5a78a61ea46825b29b6736730d9803f2d17b229.jpg,1363769,leaf,real,47
train/1363769/3643dfcff1ce2494d212e0a7530245250649a549.jpg,1363769,leaf,real,47
train/1363769/91acedca90bf0f1a8055f74f04d3901edbef066f.jpg,1363769,leaf,real,47
test/1363769/892b3a03b8b14b820554cd09aff9ea7bd587e3ec.jpg,1363769,flower,real,47
test/1363769/203d9911e410cbf743e5a4798df29c0cb7f8358e.jpg,1363769,flower,real,47
train/1363769/92003ec25c0742eaa2e3e4f8c1f25a8fa641258e.jpg,1363769,leaf,real,47
train/1363769/c7314d2de9fa24561784548b1859a3ac6f73fae1.jpg,1363769,leaf,real,47
test/1363769/d83c81f98493e260c949692f0e0556089104bc23.jpg,1363769,flower,real,47
train/1363769/494a5ae930d6a9bd10bcdddbce3e0366e9aeaadb.jpg,1363769,flower,real,47
train/1363769/788db4db564176b06b59daaab55ec576cdf93a95.jpg,1363769,leaf,real,47
val/1363769/08e57a527409a95a4a8d534a64e9dd62380bf39a.jpg,1363769,leaf,real,47
train/1363769/a818841e88fbb570d50cbfffd7d18a5e82edd4dd.jpg,1363769,leaf,real,47
train/1363769/b1e28cba3a265a847cb2493f6b29ad3711367ccf.jpg,1363769,leaf,real,47
train/1363769/bc41c15c34aba82e7e7ee3d7af9ce0871434d47d.jpg,1363769,flower,real,47
train/1363769/785ce426c8ba3eb778e77a704d7bbfd9faa7c53e.jpg,1363769,leaf,real,47
test/1363769/3d477d42782b1d7526edf1460dc5116eb4a29d82.jpg,1363769,flower,real,47
train/1363769/66df9e7182472faa369e2b32cc62b45ad74f91c8.jpg,1363769,leaf,real,47
train/1363769/c076637052742425b110055b5ddc7d6c1dc36832.jpg,1363769,leaf,real,47
train/1363769/30e5b5aa31794d1c22b0b2601507942a49e08b75.jpg,1363769,leaf,real,47
train/1363769/b0e3b451522a6a773407f36b8706a29a25b850d6.jpg,1363769,flower,real,47
train/1363769/9ddb9aa8c271cf6d7e3f6bd8cd677c2a294c312c.jpg,1363769,flower,real,47
train/1363769/77eb69fb39b839f82a588a3e012431939a0aa0e8.jpg,1363769,flower,real,47
train/1363769/e744da83b77464890251cb2dc4ee6595f903b569.jpg,1363769,leaf,real,47
val/1363769/52209f0579d32cfeb3fd81884dd61457c8f45e0f.jpg,1363769,flower,real,47
train/1363769/8efe34188f275f3d85f52d8833bd86f92da0d165.jpg,1363769,flower,real,47
train/1363769/fd7aea38e32ccd596c085dcf4bd9886b2f98e72b.jpg,1363769,flower,real,47
train/1363769/a103b71ae4684b2c08d27fe720273e4bc9a530cb.jpg,1363769,flower,real,47
train/1363769/ecd3e4a142b0ac13071aad3425aab143f2ffa6e3.jpg,1363769,leaf,real,47
train/1363769/8e4a3ea4b2e0b13395f45cb2df6d48d96afca0e6.jpg,1363769,leaf,real,47
train/1363769/c0112ee7344f11be86cbcf01009b0bb641ff7813.jpg,1363769,flower,real,47
train/1363769/a72d6c5a91210a099b30fcc8984f1dfad637a41e.jpg,1363769,flower,real,47
test/1363769/2a3708b2807e1f318802c8b4c713bf37e6b20fef.jpg,1363769,leaf,real,47
val/1363769/b7861230f914384a1a5719421d4e8ba59a40ca0c.jpg,1363769,flower,real,47
train/1363770/ae404e9b56611d8f23c90ec83af7d5a4d6c5901a.jpg,1363770,leaf,real,48
train/1363770/7585661d6edd63f7b894bac2616b334d192b7429.jpg,1363770,flower,real,48
train/1363770/ffc9aa0166cfccf525b2251fc676c1b0080695a8.jpg,1363770,flower,real,48
train/1363770/045b407ecdd72f6586b33de47ca68ab884868d7b.jpg,1363770,leaf,real,48
train/1363770/dab279f2865437553c63277e533e9e4503ef5b5e.jpg,1363770,leaf,real,48
train/1363770/c3a5d90942fb735ba73d301151027b4f3e8ae06b.jpg,1363770,leaf,real,48
train/1363770/b227d2f67e5ef7085f812e35238a1f36a32b7aca.jpg,1363770,flower,real,48
val/1363770/2ab144eba13c866f87e446aa14c14ee26669572f.jpg,1363770,flower,real,48
train/1363770/b8d1c6e1a9b596e92fe6ea1722d230490af0e144.jpg,1363770,flower,real,48
train/1363770/bde7e3aaf6ac8ebb4a35be469ec540e7fd14e280.jpg,1363770,leaf,real,48
test/1363770/e0f7713fe7152d8f29b281cd8a5589ebdac41902.jpg,1363770,leaf,real,48
val/1363770/76240cd9131db902fd8b69624024a7f3d72902b5.jpg,1363770,flower,real,48
train/1363770/71218df2f2aa708043fd36f35de875c03cbd381c.jpg,1363770,flower,real,48
test/1363770/0470a771128d83a4249623bd63b71fb8a5f6fae6.jpg,1363770,leaf,real,48
test/1363770/2ba7bbb8ef2b779e8d8c65c9a9418ffba3dcf944.jpg,1363770,leaf,real,48
train/1363770/2bb696f25930344f31dbc8a000fe8aa9e1a21286.jpg,1363770,flower,real,48
train/1363770/73ba8f5317f0687b9abbfe94c73c4a91ff8541e4.jpg,1363770,leaf,real,48
train/1363770/559a6274b12b7ad02844f9775e1e3347f31a832d.jpg,1363770,flower,real,48
train/1363770/14c024a3f3632b563c33ff9041f7ef62cc2362ad.jpg,1363770,leaf,real,48
train/1363770/2312e330599a96393faad8be424e4f99a8b73684.jpg,1363770,flower,real,48
test/1363770/26806c6c74d3036ba7ce8ad11f1dc007726436fa.jpg,1363770,leaf,real,48
train/1363770/a414c809a0f220d6abb5ddaf0b66d8f8f11098de.jpg,1363770,leaf,real,48
train/1363770/ddefccc57f672e5d9b6c4b6974f9010cff7e6159.jpg,1363770,leaf,real,48
test/1363770/f123735ad79af0d18d4a41a6451350bda0ff1503.jpg,1363770,flower,real,48
train/1363770/86a5586e000438484f44a1faff21534f3afeb265.jpg,1363770,flower,real,48
train/1363770/456f34367757332f2b8b9b94ac77dda41b8e320a.jpg,1363770,flower,real,48
train/1363770/5e5aa0c133493e7e25f3460f1b41cd5c68dfaf4b.jpg,1363770,flower,real,48
train/1363770/ce3730bd337f5a28717d9a069aaf01b768d8a37c.jpg,1363770,leaf,real,48
train/1363770/1a68f7b0b88554b98a2ff6c09efa73bbc98b57de.jpg,1363770,flower,real,48
train/1363770/3a5ff00bd6aa6c1a4ea0b2cfecfb01eed4daf070.jpg,1363770,leaf,real,48
train/1363770/61237138a7c70585648d933862d43f6847c1c47a.jpg,1363770,leaf,real,48
train/1363770/baa5489f7af80b14560b313922147e94738cce80.jpg,1363770,flower,real,48
train/1363770/94137de45d7c42f21fb56bd9b9f41e1348c264fd.jpg,1363770,leaf,real,48
train/1363770/60442c2c041ea4e831c3ed4cfcc9d82255060b91.jpg,1363770,leaf,real,48
train/1363770/016d158eee888fcaaa3e9a9663414ae22d8f0461.jpg,1363770,flower,real,48
test/1363770/34d003cd02706e774fd5a438491771fc67169bbb.jpg,1363770,leaf,real,48
train/1363770/cae9bba0c080907d070e9a95205fb0c0e96c70ad.jpg,1363770,flower,real,48
train/1363770/94109c6380faed0616ead43dddef4a5b17090664.jpg,1363770,leaf,real,48
train/1363770/b876e0086ff3a4485b99e924fd4eb6df9a603a64.jpg,1363770,leaf,real,48
train/1363770/d54dbf56d44dc0bf04259f734efc1e3572d1e6a3.jpg,1363770,flower,real,48
train/1363770/2ee0650b6ba3c9bc71058cd8374ba98eeda9bca6.jpg,1363770,flower,real,48
train/1363770/75b37b1e376cd5ad70195f0374def24b8f96f5dc.jpg,1363770,flower,real,48
train/1363770/9d6f39a72694c16940bbe0102c4c9905f29a5714.jpg,1363770,leaf,real,48
train/1363770/dc655ff416feb2141ded16a72b0b2f0677ef3d5f.jpg,1363770,leaf,real,48
val/1363770/267e89528c5602c9b06bca5819878077136cc4be.jpg,1363770,leaf,real,48
train/1363770/133fa6920e8abb88c2c427a0b184a237917517d9.jpg,1363770,leaf,real,48
train/1363770/7fb86dcce967471c4bffdb994718107c4ec8ea26.jpg,1363770,flower,real,48
train/1363770/0f5e2a7568269b3c924048a0c47b20d0da370eae.jpg,1363770,leaf,real,48
train/1363770/88babd6c22eb6be80e5f624cf8c61e5bf901e1e9.jpg,1363770,leaf,real,48
val/1363770/89922b435c7e559eab22b8a553628d74fb25f3ea.jpg,1363770,flower,real,48
train/1363770/332db1169929340d6019fefcd40010ee0af5c79b.jpg,1363770,leaf,real,48
train/1363770/a17723d4ba991b2485d65db763e1269e462fe3b4.jpg,1363770,flower,real,48
train/1363770/ba63807a4493726227a26a64467aaeb4b0c92ce4.jpg,1363770,leaf,real,48
val/1363770/d2117fcec5df75ec7cd17034f3522fa062a86657.jpg,1363770,leaf,real,48
train/1363770/dd583ea6f34cfd6d0b33a0df6b4609bb55dfc3cd.jpg,1363770,flower,real,48
train/1363770/0c7a4c0bbf805ea18c982a49c67908c97de3e602.jpg,1363770,leaf,real,48
val/1363770/07e65067f999f3c4c752ac7a4ff1f66d18c18879.jpg,1363770,leaf,real,48
train/1363770/d4887864a738f8554f7e97ff1184f1094e4b8a77.jpg,1363770,leaf,real,48
val/1363770/36a07a2631e3bf9d2db9e58c4f78c49c17be7ab3.jpg,1363770,leaf,real,48
test/1363770/1bde17618c32779a09a72aefee425637782d4363.jpg,1363770,flower,real,48
val/1363770/d7f1a4c403bc34b2ceea79563a0643843a9076ba.jpg,1363770,leaf,real,48
train/1363770/19dc15b5ec64bc53a57a57b329d5f2a0f58b2ab4.jpg,1363770,leaf,real,48
train/1363770/48718155cd7d763d5b84eada27c2686d0f0fde95.jpg,1363770,leaf,real,48
val/1363770/a371f8c02109503b509069b463f0e7dfe32b2e56.jpg,1363770,leaf,real,48
train/1363770/c707bf1e5e176eaa821b3a01041e5952d58f09ee.jpg,1363770,flower,real,48
train/1363770/28c9cf8737d02ee44ac052bc164a79968e6bb6f4.jpg,1363770,flower,real,48
train/1363770/26e713e575fc6bee77d56b68517dcc8505734fe7.jpg,1363770,flower,real,48
train/1363770/b5a3bf905f2a57973a126525aff96b7ae8b845d0.jpg,1363770,leaf,real,48
train/1363770/fd4799fcdd5fefb55a96acfaf75d29865ae99c09.jpg,1363770,flower,real,48
train/1363770/78029e00c5c57da0e8a709d493d29120d6ec9302.jpg,1363770,leaf,real,48
train/1363772/4d7a852c976e7ec8b24ba0515b7572ba573a75a9.jpg,1363772,leaf,real,49
train/1363772/0e81e40dc7c272fa2c6fada0fca877e7a59ca810.jpg,1363772,flower,real,49
train/1363772/cf53a91dc72a736d450ccef8eb2a783917c00816.jpg,1363772,flower,real,49
train/1363772/0507e7251ce32526b9234b3046376a2110b88c71.jpg,1363772,flower,real,49
train/1363772/2ea49ef0ed17a6925c87d5ea9e60638340678233.jpg,1363772,leaf,real,49
train/1363772/12e74270c758e02cfbf075489dd0226c5ccbcc3f.jpg,1363772,flower,real,49
train/1363772/1cb4f2d11f78a357f70baba582995367e0349278.jpg,1363772,leaf,real,49
test/1363772/caff862286c5a7ec37cf74285a0f07baa109c662.jpg,1363772,flower,real,49
val/1363772/c777196702dae89a69b2f9619c8da5f266b38de5.jpg,1363772,flower,real,49
train/1363772/0fb99415dbea1c5da61a5d1de55825102722c099.jpg,1363772,flower,real,49
train/1363772/0ebcf904d4a1eb2d9eaa1c41f790c6a1835773d7.jpg,1363772,flower,real,49
train/1363772/0f8a2097fff626252d3948ae6446f9dab22fd40b.jpg,1363772,leaf,real,49
train/1363772/bf30af823cca6b2b8bb79c939d6de1593897a4ba.jpg,1363772,flower,real,49
train/1363772/27aa1114b994cc6495e957cea20ad8f7d8c67931.jpg,1363772,flower,real,49
train/1363772/222363f1226dc6e8dbf56d953fb19ad5f7858e64.jpg,1363772,leaf,real,49
train/1363772/0abe312300d678ecfd1018ce452f335830e702fa.jpg,1363772,flower,real,49
test/1363772/20bb0fac8aa74d7d9f30cf06d4c56351fa4e36bd.jpg,1363772,leaf,real,49
test/1363772/c29ebb1c5f53b57063dafb47a567e37d829c6791.jpg,1363772,flower,real,49
val/1363772/07b5ebbc6619c4e45f81950147f108465634accb.jpg,1363772,leaf,real,49
train/1363772/f452bf0953f7328ebf7cf7d6e056f947ded323b3.jpg,1363772,leaf,real,49
train/1363772/ec5838c4c78d44d5706e2fe75bb3963548fd7ce0.jpg,1363772,flower,real,49
train/1363772/65de589e16d97aa85d894de140910a65c3716a4a.jpg,1363772,flower,real,49
train/1363772/e46d2b15231bb8dc8f85d35ca69ac0b020a9aa79.jpg,1363772,leaf,real,49
val/1363772/64fee832b4ba1e3ce483f7c6389d496470c9e340.jpg,1363772,leaf,real,49
train/1363772/18d2126556881bb4027634c0ba9d8d81e1c6431f.jpg,1363772,leaf,real,49
train/1363772/3aa75b676481c974616788002d9d95d60c0fc432.jpg,1363772,leaf,real,49
train/1363872/c20b16bea52e37b85a0bc98e790eff8128ff5a28.jpg,1363872,leaf,real,50
train/1363872/3bb220934835369d9aa09204a057e443244abc9b.jpg,1363872,flower,real,50
train/1363872/5a247b50a26ad4d3ea3a0d806aa6db1fa58c506e.jpg,1363872,leaf,real,50
train/1363872/78db4ff2aa3889b2fd0bf284ecffbc815b6bb0db.jpg,1363872,flower,real,50
val/1363872/131c8d81ce2089908c464d83d0bdd40dd329b398.jpg,1363872,flower,real,50
train/1363872/0c8a11c7bba8057c3387ccae0ce52d583575a1c6.jpg,1363872,leaf,real,50
train/1363872/5f37f87a21f0f3a309e427a82625e3a2052ba306.jpg,1363872,leaf,real,50
train/1363872/c548a7ae2b1d9b1c62f912a33f63e3e7e07be8cf.jpg,1363872,flower,real,50
train/1363872/ac3288db1a4d52f1d839c0a1bc3b2083f7e31266.jpg,1363872,flower,real,50
train/1363872/4b283f25502318eeeffacca971170b55ca0d61bd.jpg,1363872,leaf,real,50
train/1363872/a67747ae813089b1a30532a97c64ed9cd3035ca0.jpg,1363872,flower,real,50
train/1363872/ff57275b763918a4c9d668b717f2904a98fcddf3.jpg,1363872,flower,real,50
train/1363872/6ec9c984c1579821720fb8fc01afcbc2007ec49f.jpg,1363872,flower,real,50
train/1363872/24d2ba2658870346c591b78efaadb2b570a58ec9.jpg,1363872,flower,real,50
train/1363872/c5c313e602bbee0375bce6b4baa7413389b49eb1.jpg,1363872,leaf,real,50
train/1363872/1c74dbc84798824bfe524d0a27bb1c5b528056c3.jpg,1363872,flower,real,50
test/1363872/053475614614f704dc9872b363464c1f4e43834a.jpg,1363872,flower,real,50
val/1363872/d99fd74bd211df52521c31c2e2d062823ef71d24.jpg,1363872,flower,real,50
test/1363872/e5f2ebb33faadd43cd7c9c964044baff6cc40801.jpg,1363872,leaf,real,50
test/1363872/ba84214f3d9891f15b41db8872a2d1aa647eb2f5.jpg,1363872,leaf,real,50
val/1364000/86d2aab4a6b91baff2d189ce767894a245f21f7d.jpg,1364000,flower,real,51
train/1364000/00dc332b37cadcef474e98241e6375b9078daf7d.jpg,1364000,flower,real,51
train/1364000/d458bbae3e8850dc987f77cd88711e8a24c89b3f.jpg,1364000,flower,real,51
train/1364000/bace6cb2b90a5993d63adb8a90d3c407f5bcdd9d.jpg,1364000,flower,real,51
train/1364000/b13b75a40e2bdf05230e8d8f4cc40e1b182010d2.jpg,1364000,leaf,real,51
train/1364000/8c837fff949ca1cf832d48d44807f3491cf5fc86.jpg,1364000,flower,real,51
train/1364000/79a6559c810f4d235a79909c056e66438ee8cb56.jpg,1364000,flower,real,51
train/1364000/069b9a9b91ca77c6690eb0744198b9cb48e821e2.jpg,1364000,flower,real,51
train/1364000/bff97d2cd17638a6dd8712c560253676f450e2ef.jpg,1364000,leaf,real,51
train/1364000/55565beafb75b8fd48da9a903a9cf04c6daa8a7b.jpg,1364000,leaf,real,51
test/1364000/da8d15a3d1dd74a47fc13276a65a5126b012f501.jpg,1364000,leaf,real,51
train/1364000/03953bb167e1eb0feefdc34ad451e3603fee7ea0.jpg,1364000,leaf,real,51
train/1364000/783aca5023e4017ef2922c3ac82599e93d8cd66a.jpg,1364000,flower,real,51
train/1364000/3f140b9077e2c4e36ca60a8153321d4e900080f8.jpg,1364000,leaf,real,51
train/1364000/2e4a936ab88c8849cd90dfde66becf5b3ea58aea.jpg,1364000,leaf,real,51
train/1364000/78da7ed1ea7bd743fb181d1da9b638986d4fc522.jpg,1364000,flower,real,51
test/1364000/1da6aeba9f2d42d4a4149e22d701773fd76c368a.jpg,1364000,leaf,real,51
train/1364000/375573e52ffc2edf2a06b83f1769d3bfb4f2307e.jpg,1364000,leaf,real,51
train/1364000/2ef57d4e4db5759648c646da568bfec75ad167b4.jpg,1364000,flower,real,51
train/1364000/2c8e8461a5f2f9188c50e9e8b4dc0ccd96f92ef4.jpg,1364000,flower,real,51
val/1364000/87366d987d4953f34962dcf159268aa3ed606f7b.jpg,1364000,flower,real,51
train/1364000/e7d568d8f83aba4180d8f02c731a75691a861ce8.jpg,1364000,flower,real,51
train/1364000/4560cf154d916c45c3cbd63e0efd1fde0c49aad7.jpg,1364000,flower,real,51
train/1364000/e383e9042fc8f9b5f061934e8891c1e9d9ae619d.jpg,1364000,flower,real,51
train/1364000/eb004b4f8aaa44427ae29497be758067507ccad2.jpg,1364000,leaf,real,51
test/1364000/4b6c043e2f6d6d3472b86387072b71cfa95645d4.jpg,1364000,leaf,real,51
test/1364000/13d067473841d310ce1116d30bdd1227a830ac53.jpg,1364000,leaf,real,51
train/1364000/f63773c2d5920934aface5add16d42ce8f53faab.jpg,1364000,leaf,real,51
train/1364000/2ba4a16e223f8a1be9d8bd3d3498568916ce0b1c.jpg,1364000,flower,real,51
train/1364000/2a913a422e207a7783d1653eec3aecf8a1bd1cc7.jpg,1364000,flower,real,51
train/1364000/1c0351738179a5e7c0dc57de2f800a43dffae3fb.jpg,1364000,leaf,real,51
train/1364000/24339a15843417f115ba36ddc459e5d5fa6e139d.jpg,1364000,flower,real,51
train/1364000/9ee77453fb6911f3c65404d805ae302a70138759.jpg,1364000,flower,real,51
train/1364000/e19c46fb2b07ab56d35278dd986ca104a5237f5f.jpg,1364000,leaf,real,51
val/1364000/7408f29ce787c758df35401f047f66e81aa34aed.jpg,1364000,flower,real,51
train/1364000/3957f096f1d67b0607b6cc0314c9e63afd7f0853.jpg,1364000,flower,real,51
train/1364000/1137bb872100dd9e7b92bac89bde6ead0168559c.jpg,1364000,leaf,real,51
train/1364000/c450605051c1199b0f70bd13d96dc99581225fa6.jpg,1364000,leaf,real,51
train/1364000/58514a9cd46c5bf133c7eb44f888bb281912a051.jpg,1364000,flower,real,51
train/1364000/c1e24fad7a5189f0743e6a0d463a920cbc1e9c98.jpg,1364000,flower,real,51
val/1364000/db0040ed0b591ff6714817b26c1b414a85c37f1b.jpg,1364000,leaf,real,51
train/1364000/fe97f0d19389f5df018cd1414e702c430a553dd8.jpg,1364000,flower,real,51
train/1364000/43bc1c70d17244dc865002e3c37115b29b73caf2.jpg,1364000,flower,real,51
train/1364000/93052e617ba5d8071ee879471e6095db89df739f.jpg,1364000,leaf,real,51
test/1364000/eaeaf32bf5a6b8b000b81b72ca83750b47750770.jpg,1364000,leaf,real,51
train/1364000/d23a23279382fad09e65ab6b8fe1d3a487b1c822.jpg,1364000,leaf,real,51
test/1364000/fd9f1e5d867b3632d36d752107e23ae8fe1d354b.jpg,1364000,flower,real,51
train/1364000/8a88e8da3ec45bef1c993f54c62b2ee92ab7a19a.jpg,1364000,leaf,real,51
train/1364000/e254cb30a4ce0dca108983e090d18acd7d1db74a.jpg,1364000,leaf,real,51
train/1364000/17f2fe46193faf2c7a8d0be741c40593f6c02f47.jpg,1364000,leaf,real,51
test/1364000/ecabd07e540b694c8deb8f69962f4a45875623ee.jpg,1364000,leaf,real,51
train/1364000/94506e4103efe46903774d25dd8b24ff83baddd7.jpg,1364000,leaf,real,51
train/1364000/29de8b58649ab23930b91a3d8013f20a76b1479b.jpg,1364000,flower,real,51
train/1364000/aad2617ae7e889dd27d19b3949e4f59f96fcee70.jpg,1364000,flower,real,51
train/1364000/2a727888abb80656ff17a0e597d8784ce79d0e84.jpg,1364000,flower,real,51
val/1364000/3ab1b29ff86c302e0a8efcc012924e5f15d67498.jpg,1364000,flower,real,51
train/1364000/3139fd23ea7aaafbc3cfee73b774757746e8a1b5.jpg,1364000,flower,real,51
train/1364000/1758db7a22c78c60139c1c242a2d58406eaea254.jpg,1364000,flower,real,51
train/1364000/564c1c1cdf7683b70a1ef7cc25a800656c87fc39.jpg,1364000,leaf,real,51
train/1364000/ab558894d71e8cd5ddccf9b8913d632e033fd9f1.jpg,1364000,leaf,real,51
train/1364000/6e6ba4f8312ae6729877318634f32cfa31ecaedf.jpg,1364000,leaf,real,51
train/1364000/eaf65d7c10bbf5508e395cb38cb681942aeab1fe.jpg,1364000,flower,real,51
test/1364000/21e6893003319c0f0760a88e379de0359e6f33d6.jpg,1364000,leaf,real,51
train/1364000/5ce3f8ccada5c66a76e2ee55eb5926c5b9d53eb3.jpg,1364000,flower,real,51
train/1364000/e69c6931229f21c8fbcddc186b4057493ac88515.jpg,1364000,flower,real,51
train/1364000/b4a6c013b2992e8c3becbf0293f67a85677416e0.jpg,1364000,leaf,real,51
train/1364000/ace958cba09c9c57f7b76611ba24c4d6313252a1.jpg,1364000,leaf,real,51
val/1364000/6424b562eaeb4a4631c096d76ea52c2091ac7ab6.jpg,1364000,leaf,real,51
train/1364158/326612766898b64a07ad15db7f91f594109de133.jpg,1364158,flower,real,52
train/1364158/e128c7d2a1752fbbe3a0912bce28274a44979c15.jpg,1364158,flower,real,52
train/1364158/4baa6b9abe62195aa23370790206670df845b82c.jpg,1364158,leaf,real,52
train/1364158/2e39b9a161ff3e8b91807fbe3450e95bc138b1f7.jpg,1364158,leaf,real,52
val/1364158/e5a3af7622989a963c439e09f1a2349ba8565c4c.jpg,1364158,leaf,real,52
train/1364158/4322a2d8564fd429f0d90065184d0082650d5b71.jpg,1364158,leaf,real,52
val/1364158/e4c4c50ddb86f6a07b36245712c8661ad961286d.jpg,1364158,leaf,real,52
test/1364158/496876135adc65fdf1f68e1012c65f10b1038d63.jpg,1364158,leaf,real,52
train/1364158/79df3227031bcf8eb735b6e444b6235c29920867.jpg,1364158,leaf,real,52
train/1364158/5c10c04d8eed05400801be27095c047cd1f9db21.jpg,1364158,flower,real,52
train/1364158/5f15e1c52d815783ec30ab537caf18780cc0a052.jpg,1364158,leaf,real,52
test/1364158/9196f914633d206a6384c5883d4c0c80679787e7.jpg,1364158,leaf,real,52
train/1364158/f1cfa24cef08a4e65c487b923aca9fb525e1237c.jpg,1364158,leaf,real,52
train/1364158/2f8677053a01cc98fa08bd3a81642b7e1fda6315.jpg,1364158,leaf,real,52
train/1364158/5fdb14489bbb26bda1c16384b990b2996b7ab764.jpg,1364158,flower,real,52
train/1364158/bc94c02f6c719f6b3ac89f05639a862490985f66.jpg,1364158,leaf,real,52
train/1364158/5207b09cea7a66c38f2ffa2276538a7cac6f100d.jpg,1364158,flower,real,52
train/1364158/6c9fd0a229dc1017c0819769481decd1e0fd6dd8.jpg,1364158,leaf,real,52
train/1364158/6b70848de584271fac6fff3f8ee5a0aaf899b29c.jpg,1364158,leaf,real,52
train/1364158/18b950dcc03d4bff19513812a3c39ec1c6cc9e01.jpg,1364158,leaf,real,52
train/1364158/a232289df8c5b9135e3dcff597873aaf63fa65d8.jpg,1364158,leaf,real,52
train/1364158/a49ee8ca4b9455e29618f3d42a4d89d781027e14.jpg,1364158,leaf,real,52
train/1364158/79e39dc996da9439dee71fc7f617ae2d3078bf5a.jpg,1364158,leaf,real,52
train/1364158/94a8c70811645c124ed5774ec51b4d4b082108f6.jpg,1364158,leaf,real,52
train/1364158/02298cd865aad2753adf848eb08c61ed771b48ff.jpg,1364158,flower,real,52
train/1364158/3aa2a93e743566702e2c5e2061cf66de931e9d49.jpg,1364158,leaf,real,52
val/1364158/3540671dcd4805dc7aa8b30c1935753f9ea3b6b2.jpg,1364158,leaf,real,52
train/1364158/217747940538ebf953e31e9d5e61d5fd7fc08d44.jpg,1364158,leaf,real,52
test/1364158/97651680667a06b15229d299cde35a0d167e5c3b.jpg,1364158,flower,real,52
train/1364158/bc838d7ca13576b7239741ccc1c12f3eee3ed227.jpg,1364158,leaf,real,52
train/1364158/5becc50933a1babee9cfc7b1e8f219396be81a6e.jpg,1364158,leaf,real,52
train/1364158/c5820db014c3bcfa8f2ad93a4aba33abff1b9bca.jpg,1364158,flower,real,52
train/1364158/6e380fa626f1c07de80c7145ea6029079538f47b.jpg,1364158,leaf,real,52
train/1364158/af216aad073a497368ca15d349ec7f74d3f2696c.jpg,1364158,flower,real,52
train/1364158/98a2c167433fde676816afcf94017b43bb870710.jpg,1364158,leaf,real,52
val/1364158/d8390df97354702999cc98586f11b569decf9811.jpg,1364158,leaf,real,52
train/1364158/d1b0762ecd1ec15aa05a0522a823e5ba979897bb.jpg,1364158,leaf,real,52
train/1364158/be92c21052d1a1f6dff818ef63aa5bb8316e65cd.jpg,1364158,flower,real,52
train/1364158/6b8841621af4e8735a700c56b767979611f4e36d.jpg,1364158,leaf,real,52
train/1364158/cf66dc51d2a3c694fdbd46c8afccf82ea41ad3c0.jpg,1364158,leaf,real,52
train/1364158/a4c4f1e4b8419e00d5cba36a38a5f09492174b82.jpg,1364158,leaf,real,52
train/1364158/7b65446d9287c7871b24b4c673061718343e6cf9.jpg,1364158,leaf,real,52
train/1364158/409bb02aef31eb6ff6a756c5f2bb2136e6a404a6.jpg,1364158,leaf,real,52
train/1364158/29ae6e3041c8c818403e401341477619fe211fc7.jpg,1364158,leaf,real,52
train/1364158/42a3f0351dd7196459e07b2e0dba890f33eba8c9.jpg,1364158,leaf,real,52
train/1364158/935ed606c823c94d037e6a78c760107a2305e100.jpg,1364158,leaf,real,52
train/1364158/71d030ba5e12b4eb4bb8abe31720cfdfbdbb17cc.jpg,1364158,leaf,real,52
train/1364158/3ed96e6eb1ce6dd8bd0e5ab79bee7289cde131ac.jpg,1364158,flower,real,52
train/1364158/cf6e2d827d301b1ce3cf7aed9cbc47ae7733050d.jpg,1364158,flower,real,52
train/1364158/d703da65a3ce63c367d28302d481c891ddb5b5b3.jpg,1364158,flower,real,52
train/1364158/e156e67157c8270708221c285a457ca4bb5e4f8b.jpg,1364158,leaf,real,52
val/1364158/a2386f8266e95ec5311d88d42383ae913b02cf1f.jpg,1364158,flower,real,52
train/1364158/be6f6a113f9fabc027823397aeaa7d0a3fb3b726.jpg,1364158,leaf,real,52
train/1364158/cea1ca9a2565ff69425015c1320177837faa72a6.jpg,1364158,leaf,real,52
train/1364158/5c4e53434980f96bfc6ab6eab826178b562c6c45.jpg,1364158,leaf,real,52
train/1364158/269f2478861f42a057040342b15e014a2874d4de.jpg,1364158,flower,real,52
train/1364158/8838da2305851de15d300dbfb5cb8f689fe72b23.jpg,1364158,leaf,real,52
train/1364158/6bcb64d38d04258860beb9e9dc83f91808258ecc.jpg,1364158,flower,real,52
train/1364158/8f5916f7fb17b3fa5321a452b95fc9b99530cee3.jpg,1364158,leaf,real,52
train/1364158/124b01cfe1ee27fbaff0d5f26904791e47c1eab1.jpg,1364158,flower,real,52
train/1364158/f864681b8f99179efe90aa283c7e0bb2301e9f94.jpg,1364158,leaf,real,52
train/1364158/ee8bc26acbe46ab496485cacd5d25e2fe65bd5c5.jpg,1364158,leaf,real,52
train/1364158/713552061c71b1bcb63f84e8f6831462fe8eef06.jpg,1364158,leaf,real,52
test/1364158/3700ae956e010a8c715fb77a1ff342a77b880552.jpg,1364158,flower,real,52
val/1364158/c93832a94a86eaaa74a356e1a91adfedecfd7c7b.jpg,1364158,leaf,real,52
train/1364158/b3c4a8fee4a5edf09f88db25a555247f8527d52e.jpg,1364158,leaf,real,52
val/1364158/d05908e08665003210332256155e3ff32723fec7.jpg,1364158,flower,real,52
test/1364161/d6bf19f41c0665cce75f45653c2dc181c68d15ba.jpg,1364161,flower,real,53
train/1364161/6567ea90b9ea76d53ca791b5e98956133dfb5713.jpg,1364161,flower,real,53
train/1364161/54552aaaef0a2782c493c7996697283c9f53c36d.jpg,1364161,flower,real,53
train/1364161/3781ac2396ee0a173545f13960cb49461e99f3d4.jpg,1364161,flower,real,53
train/1364161/6c3855f6ad4ad8e429344827a4e55bff6265e812.jpg,1364161,flower,real,53
train/1364161/313835ed3adef624868fb779045bcc29ed72e5d8.jpg,1364161,flower,real,53
train/1364161/774e794ecfb61fddd286091a458abee863b3feef.jpg,1364161,leaf,real,53
train/1364161/837167b1ca70f26bb1842d65de1c32968a81034b.jpg,1364161,flower,real,53
train/1364161/ee70e7293b98114da8aea1fd6c6e14e542ecad02.jpg,1364161,flower,real,53
train/1364161/79a39fb9cc9d1434deef5071564fc946e242d33a.jpg,1364161,leaf,real,53
train/1364161/85bce48bcbf634c6aa7ea619869aa3b4ea48abcb.jpg,1364161,flower,real,53
train/1364161/83d9adbc9aed883e852871b74c9b0ae4a339cfe3.jpg,1364161,flower,real,53
train/1364161/55432767cdb9cebafe9efeeb3cc30cc999001b16.jpg,1364161,leaf,real,53
train/1364161/a07c298b053c35ab8a099fb61fc7c1e9a299d337.jpg,1364161,flower,real,53
train/1364161/b452d13643a7620c46b3f5b3c63c686f5fe49b0e.jpg,1364161,flower,real,53
train/1364161/de8e05e97eb39c19ff8f1c566925ad30630b0dd5.jpg,1364161,flower,real,53
val/1364161/1921a82179e137a090604d117dce88e49ebd22f4.jpg,1364161,flower,real,53
train/1364161/88185d3051a23fc91c1cfd44eb5f63b9ceb46d19.jpg,1364161,leaf,real,53
train/1364161/964ecb8939a42ebe1357a45da046d4b4598999d6.jpg,1364161,flower,real,53
train/1364161/f72c444f7744188e5eea0f5be880b4001d7fcd77.jpg,1364161,leaf,real,53
train/1364161/cd05548712a42df47f04fdeee499dcc2907e35ca.jpg,1364161,flower,real,53
train/1364161/d6b4437d455cd2850122f4796964fb25a5253247.jpg,1364161,flower,real,53
train/1364161/b952db64cecf40ba8cb68278a54a30e12a08e39c.jpg,1364161,flower,real,53
train/1364161/1b78c68b6dd28fe9beb0ad59c013ceba95b34d7a.jpg,1364161,flower,real,53
train/1364161/c726a957211d374a1c6111465813505d9b979044.jpg,1364161,flower,real,53
train/1364161/85d1f989bfcfb8c76e4ad471f261f3d951d32cfb.jpg,1364161,leaf,real,53
train/1364161/f3143b286350ccc59994f8084e5045b23bfe2b2e.jpg,1364161,flower,real,53
val/1364161/1ba851cd5057724bfb702c07627b1a8921f3af4b.jpg,1364161,leaf,real,53
train/1364161/a43d79403cc4aed17072de367bd74e0ba5733c20.jpg,1364161,flower,real,53
test/1364161/866dcc06ec37b768c515a7ec13dfd810616cb427.jpg,1364161,leaf,real,53
train/1364161/354272186f17c1e326c6a9c052a13bd6b6cc003d.jpg,1364161,leaf,real,53
val/1364161/aada82bbae25117b630b01a7a57ee6e4d43768e5.jpg,1364161,flower,real,53
val/1364161/b7c1a202f9654072d583d57cea02dc58ac8b5ebe.jpg,1364161,flower,real,53
train/1364161/a09446d67ed8d81326ff2b14e8f3bf885ba1826f.jpg,1364161,flower,real,53
train/1364161/1e4ff02b92948cb07ac34796f86555866017d16d.jpg,1364161,flower,real,53
val/1364161/969f10f6aff1296dc04f2793cb53a872ce3b3d36.jpg,1364161,flower,real,53
train/1364161/9ca6070ee884007b418f7dbf0bdb164ea23dff61.jpg,1364161,flower,real,53
train/1364161/4f65bc35eb7d1923bbf406f2df9bdb69e21f26a2.jpg,1364161,flower,real,53
train/1364161/f1522646be5509a8f4048b167b95f51de6573e3a.jpg,1364161,flower,real,53
train/1364161/3c14bc8a7e453364e32439dd933565cef168d323.jpg,1364161,flower,real,53
test/1364161/1ff20b857a2970e6f3af4b136bf5a0d8f93feb63.jpg,1364161,flower,real,53
test/1364161/10ae1df1d72e0d7320b1a0a4943c05b8dc1dacf2.jpg,1364161,flower,real,53
train/1364161/b49b14a8483cee3cbe5ab2a540ba6c5fa68afa69.jpg,1364161,flower,real,53
train/1364161/fdf49d289432fd08b65d1f0b25310bdd9816034b.jpg,1364161,flower,real,53
train/1364161/e12231897999a25681e4ed978c5c38f174ded359.jpg,1364161,leaf,real,53
train/1364161/b22a1f0dcc88ee4bdecf4fdd3d93c19c6c1ab16f.jpg,1364161,flower,real,53
train/1364161/d1d07a0540a938deec62b40211069cf0e345c655.jpg,1364161,flower,real,53
train/1364161/7ae5dc03329796bc61a3f0c646d5ba5f6dd46e15.jpg,1364161,flower,real,53
val/1364161/08dabe740b0048790197af4832f47cb8aa26c594.jpg,1364161,flower,real,53
train/1364161/67422d54999d91629a52de64ebc86810a1621b8f.jpg,1364161,flower,real,53
train/1364161/44143f5ed97f077050585e98938783047a8a5180.jpg,1364161,flower,real,53
train/1364161/3bb76347ec65da30cf924808d14237e00fc23633.jpg,1364161,flower,real,53
train/1364161/ba15bc72bc67df3f44f52e65a80318787ba1ce4d.jpg,1364161,flower,real,53
train/1364161/3c66ae6bfa267bca6e4fbca9659afbeee29da3e3.jpg,1364161,flower,real,53
test/1364161/02238e47f83dd41ab2ee5037459f0987bcf25fcf.jpg,1364161,flower,real,53
test/1364161/5ffcba9db0485ee8d6037bccb8f79982cd6a9161.jpg,1364161,flower,real,53
train/1364161/1f073df3ce3227f3831e5fe5fa0deb798e35633c.jpg,1364161,leaf,real,53
train/1364161/0ac29204250f6f0325a78ea348f2c8d8e579f8cc.jpg,1364161,flower,real,53
train/1364161/1112030259308b4f3834ab7d5fbd1c8d40ae6199.jpg,1364161,flower,real,53
train/1364161/77c160fcdc63fceae6915f18a2dd6d242c2a0345.jpg,1364161,leaf,real,53
val/1364161/f5f5b19c3e1a72ae60aaf6dd84c99f0deb882f65.jpg,1364161,flower,real,53
val/1364161/6b22f4519f93c833536e373c0fd7b9c89963c975.jpg,1364161,flower,real,53
val/1364161/7d77c6c1188170f56086f792db6962bbb44f9c24.jpg,1364161,flower,real,53
val/1364161/ef682e3fc595f08f0e1cc37102da6d40cc928091.jpg,1364161,flower,real,53
train/1364161/f1215553ea4355e3f0e06a6e7e75bc87bfd8480c.jpg,1364161,flower,real,53
train/1364161/8f42e40bed91b5a3eef01cbf3d1d8d9beeda4b5c.jpg,1364161,flower,real,53
train/1364161/d2f506fac1b470cd3cc33305c637bf91dc56606d.jpg,1364161,flower,real,53
test/1364161/8d795340d79776db8c3dd4e3bfe6421d05feb9ef.jpg,1364161,flower,real,53
train/1364161/63de392b70b0ba43e69ba6e963e4ffbd8c2675bd.jpg,1364161,flower,real,53
train/1367267/2889f8683fbd8736d794296778d69efcb5786f22.jpg,1367267,flower,real,54
train/1367267/0a48e942dc579f0c6d37b93a1183949ba5715b71.jpg,1367267,flower,real,54
train/1367267/fd15ec406cc32a5f3903634af659f13c8682f15c.jpg,1367267,flower,real,54
train/1367267/a927d5719e3844e676368cdcd2b4ff571a01cb16.jpg,1367267,leaf,real,54
train/1367267/faa1675b0c3f39e7e35b2d800b1ed8a0bd095318.jpg,1367267,flower,real,54
train/1367267/fa05838d0be2ed5f91ae056036c7581840f20217.jpg,1367267,flower,real,54
train/1367267/933b5087100fb570bf757286d9153a8882208461.jpg,1367267,leaf,real,54
train/1367267/cdf9fdca1b95badb878187da53de7abce06dc415.jpg,1367267,leaf,real,54
val/1367267/23e06d37c837a9501caebdd0e7e9e99995ad157d.jpg,1367267,leaf,real,54
train/1367267/6fa3d0e9eb08d424594170c1ac2c50bd19d2e0b4.jpg,1367267,leaf,real,54
test/1367267/35c45ba5c07a64159f43b53895c58b2bb05fd233.jpg,1367267,flower,real,54
train/1367267/9d409a43a3e942c6c2109d53b5e09bd03529f8af.jpg,1367267,leaf,real,54
train/1367267/2c91376e4c2fa78cbb582a300ba7ce5b4a13b019.jpg,1367267,flower,real,54
train/1367267/b044b516ef3d5862f0c2bf7c650982bca70df9f5.jpg,1367267,leaf,real,54
train/1367938/6a7d719e557a8a0a0966e64d1d54b286e101af42.jpg,1367938,flower,real,55
val/1367938/06eb704f5b2bf41d65e8705d0f67c458817753ba.jpg,1367938,leaf,real,55
train/1367938/76290a0cf617988de66806c42d80539d74334bed.jpg,1367938,leaf,real,55
train/1367938/c58e4648df06bca75276a08b094ef2efa8b3a613.jpg,1367938,flower,real,55
train/1367938/29c2c78aed65afad128608c20cb8e4951aaca44d.jpg,1367938,leaf,real,55
test/1367938/21e441c26474944d5fb9ea15aaf97ffbd9cec219.jpg,1367938,flower,real,55
train/1367938/db884a8d8a910d69bb53c2f45a016bd64715c407.jpg,1367938,leaf,real,55
val/1367938/8f41b349d83f57057c89940042c79ba3abf968ef.jpg,1367938,flower,real,55
train/1367938/3af3857b45389f7a451889f6ce30ead7070320b0.jpg,1367938,flower,real,55
train/1367938/0ce29b596dec401f972b6a2324ed996becb68de1.jpg,1367938,flower,real,55
train/1367938/17b03e0fed2af55799ab989696b761b66bb2078c.jpg,1367938,leaf,real,55
train/1367938/c9c67b3a20ea061bb60ddf69dc4e9d4d99f5dbee.jpg,1367938,leaf,real,55
train/1367938/02369b4dc61737e441b6ace5f353b19eca9edb9e.jpg,1367938,flower,real,55
train/1370279/12b04da46fd80f0a4d58da7496cd7dc23b9706c4.jpg,1370279,leaf,real,56
train/1370279/baa3635a3d4cf169ccc70ca5874cb97a52a7129f.jpg,1370279,flower,real,56
train/1370279/b328e1a100816c5a6b29b105458840998a78c8fb.jpg,1370279,leaf,real,56
train/1370279/bf855a40f894e42774b68d4c9755e3b62365e772.jpg,1370279,leaf,real,56
train/1370279/eac52abb0705fdf0a510ba1cea171f4b29d53737.jpg,1370279,leaf,real,56
train/1370279/f43500f8fe0eccfabd1e94683ea63c5c1671e117.jpg,1370279,flower,real,56
train/1370279/7f9eb040ab8f59dc52b17d9e574237e9afba7c73.jpg,1370279,leaf,real,56
train/1370279/437700ae67fb696bb76f26b79936f6696a17e32c.jpg,1370279,flower,real,56
train/1370279/26bb0c71101793e8ecff1198fcaf60f659695f38.jpg,1370279,leaf,real,56
train/1370279/718e6a331b9e13218b1d900fa7bb4d79efb7ceaf.jpg,1370279,flower,real,56
train/1370279/af1443d33644cf3d115cf4f76d87f830b62dca7d.jpg,1370279,leaf,real,56
val/1370279/2e08b023ec2d0a6a0d6586e051887ed809b523ad.jpg,1370279,leaf,real,56
test/1370279/e3e0ae42b5c0f2a4f22919394f5fe95c8ce1a48f.jpg,1370279,leaf,real,56
train/1370279/f04716d2bdfef45b4c296c8697c971eebcd4b26d.jpg,1370279,leaf,real,56
train/1370279/32e882a6ce3f3becf76297cfcf293fbcc579de96.jpg,1370279,leaf,real,56
train/1370279/b27ea568ef4c8812d62772926ec86fc5de39dd15.jpg,1370279,leaf,real,56
test/1370279/df5feac80bae80efb4263ad901139c2870b29269.jpg,1370279,leaf,real,56
val/1370279/b36a9be28e3dc2ac1bbf4ab1ac936a4f3816cd59.jpg,1370279,leaf,real,56
train/1370279/ad17a7d6a99d157169025ffd7ca1dd00fc5bc15d.jpg,1370279,flower,real,56
val/1370279/4eba465bccda662aa5f93b87b625203ef7076d84.jpg,1370279,flower,real,56
train/1370279/2dc9587a0f366b439042d1cb37be990cababed15.jpg,1370279,leaf,real,56
train/1370279/c77b4869045b3cf3c73caa0917976f1bff863b4c.jpg,1370279,flower,real,56
train/1371691/35ea5936b62047fe63ef2b68916d71693794e645.jpg,1371691,flower,real,57
train/1371691/bbda9a22f7e2ff9266b43107cd572349a0d4e162.jpg,1371691,flower,real,57
train/1371691/876ee557f3abc7fcbecae60fc09a6c82a099c131.jpg,1371691,flower,real,57
val/1371691/da62ee7315a94dee04d31d54c056f272be0d6cec.jpg,1371691,flower,real,57
train/1371691/4ccef9bb37586c1831aaaa995b07290cd9697483.jpg,1371691,flower,real,57
train/1371691/4d725af012cfa3ab8030e7e021b198ea0be3b8a9.jpg,1371691,flower,real,57
train/1371691/75596530b4464c3c0503ecf1d636cce0899d9bc4.jpg,1371691,leaf,real,57
test/1371691/3e3f38820deaefdeeb834a0b5bff20ff580a2e40.jpg,1371691,flower,real,57
train/1371691/3c5b848cc37b65934c7f5f55e2344e238dfcb7e3.jpg,1371691,flower,real,57
train/1371691/9aae8fdf866cfc9a43d40887fd44c79f89b3894b.jpg,1371691,flower,real,57
test/1371691/0eea8532b74ac88e48ee8a02061a34ff2a2bcd5f.jpg,1371691,leaf,real,57
train/1371691/2d67a516082f68308a5294c061b37ef8d524152c.jpg,1371691,flower,real,57
val/1371691/e6f0ffe36645846c14c04f8cc4775702d2715e51.jpg,1371691,leaf,real,57
val/1371691/8bdfbeb17833b5b22a7977416216cf9d3b12dd69.jpg,1371691,leaf,real,57
train/1371691/1ce5ea4cc70f2e35bbd52ee5237db01f31d9064e.jpg,1371691,leaf,real,57
test/1371691/ff5024b558f2aa5b5ade0b31f0aa767618f3edf6.jpg,1371691,leaf,real,57
train/1371691/af29ae0d6deb961badd7d1a2a8e0d6d2d2c53d3d.jpg,1371691,flower,real,57
train/1371691/08d11a37da27d3fcfd0f68d86c1ddc6e03e038ec.jpg,1371691,flower,real,57
train/1371691/1c1e4a3e50f5a74b6eec0e722a5c8136c77168b7.jpg,1371691,flower,real,57
train/1371691/7690a3c8361084f6a24a652abf54396358a98214.jpg,1371691,flower,real,57
train/1371691/ab22d90b5fc36e98ef998a50a2f6462b7e53bc3c.jpg,1371691,flower,real,57
train/1371691/c2c023f27f2446a1bded449f8be0c8ec9c2877e5.jpg,1371691,leaf,real,57
val/1371691/88715d2e863d6e6ba262f464c52cb0966031198b.jpg,1371691,flower,real,57
train/1371691/4db97cf8a9062d6104b5a7d778373332fdc7b2ad.jpg,1371691,flower,real,57
train/1371691/b86646936ae126d2a43ac2deb6dc449d5085de00.jpg,1371691,flower,real,57
test/1371691/58f2a944c025a5a403696b6dcdcb81c230c9e4fa.jpg,1371691,flower,real,57
train/1371691/8b848b20976c42356179febc289cf5b9fd7e1db0.jpg,1371691,flower,real,57
val/1371691/9670b6e5e99a741482129a2d348aa10f215823f9.jpg,1371691,flower,real,57
train/1371691/f2c0b55b95287ad87c1121e97ed9720e35aa4590.jpg,1371691,flower,real,57
train/1371691/70872fd0f35b24f8b02ad7270d05b99e7bef0677.jpg,1371691,flower,real,57
train/1371691/617aefc7e9832fc5c114aadc916b68c3aaeb292f.jpg,1371691,leaf,real,57
train/1371691/2654a2c425e5d5d2a0d090af270dae1a2fdaf0e5.jpg,1371691,flower,real,57
train/1371691/f4665e42644da95eb88f64c4ad271ffadc4d2ae7.jpg,1371691,leaf,real,57
train/1371691/9ee603a9a63126f4363a2bc2c314c89cc7ab3851.jpg,1371691,flower,real,57
train/1371691/18c38c7dd5b78279d1ef3cb103e9e5e03dd1573a.jpg,1371691,flower,real,57
train/1371691/c65c9702ba3072c8b0c1e970e7875f520bf5c2f6.jpg,1371691,flower,real,57
test/1371691/f32b72a5b4d6d8da6f49c48d92bc511059202886.jpg,1371691,flower,real,57
train/1371691/93a4d087bfb7402a6f47ab0070cc746827a8abf1.jpg,1371691,flower,real,57
train/1371691/e3b133e3227f7e68a7fe76733e2ce871ee22d301.jpg,1371691,flower,real,57
train/1371691/7e0ea876a6dde4ee3424baaf0e9233fd367bcd30.jpg,1371691,flower,real,57
train/1371691/d5b6592e029703db1a7b576d1b22276946fbdea0.jpg,1371691,leaf,real,57
train/1371691/f6122c256de61612cd93b325a1529c590a005416.jpg,1371691,flower,real,57
test/1371691/d386e7f078ce03ee78d58470773cda128e7afa6b.jpg,1371691,flower,real,57
train/1371691/20635eab82212db12838756ffe6af64b299e1160.jpg,1371691,flower,real,57
train/1371691/5bd66ab7da0c8fb03eea211686f615812e99102f.jpg,1371691,flower,real,57
train/1371691/4f91459c7dd26436d5bb5dca3e8c3c876f741386.jpg,1371691,flower,real,57
train/1371691/a284728cf12fd702b0771e631c4de486a45e3e7c.jpg,1371691,flower,real,57
train/1371691/7a99b01d9e018a8d7d9aa197ec45c15df7689324.jpg,1371691,flower,real,57
train/1371691/958d7af99c285dd82c56d9f781ecf93bc45418c9.jpg,1371691,flower,real,57
train/1371691/de6df35cfe84eb44e497a720607514ddc1cf0b3c.jpg,1371691,leaf,real,57
train/1371691/a91ad6d037f7bfe2ec82927ce5b35335ba9b0e5a.jpg,1371691,leaf,real,57
train/1371691/8ae339d06f7004b852ff6a9983b63a5c211c860d.jpg,1371691,flower,real,57
test/1371691/b8a86f4e47c3b1d0b3c39f8cd5d934781c4d0bbf.jpg,1371691,flower,real,57
test/1371691/19759a37429e9ef486cdafda325c0ec81cb6bf3d.jpg,1371691,flower,real,57
val/1371691/22e1260d6d811ce4bbe71fd03fb3c0cab55d32d4.jpg,1371691,flower,real,57
train/1371691/81dbf9c541d942fa2b13e13e8b27a6a9ee413f2a.jpg,1371691,leaf,real,57
train/1371691/f32fe96e8a575f46aa160142aaa35ebb69511ea9.jpg,1371691,leaf,real,57
train/1371691/7b45d99b55172cc032bcd8b9bfdd660a3c7b9ebc.jpg,1371691,flower,real,57
train/1371691/298f81d0b13ce16ffed588a04f7a2f93f6f90483.jpg,1371691,leaf,real,57
train/1371691/aa4e855a4a5dc8f75cf4e2754731b80d6b110966.jpg,1371691,flower,real,57
train/1371691/aa6fd5c2192441cab6440b9fd59356f138751969.jpg,1371691,flower,real,57
train/1371691/1ffc45fb79d04993d7c4b59376ab82312583f34c.jpg,1371691,flower,real,57
train/1371691/cd1893b94d26f4fc30ed4be03730bd7760346574.jpg,1371691,flower,real,57
val/1371691/6f9a9c4644870944776e645e0db51d9bae5010f6.jpg,1371691,flower,real,57
train/1371691/a5f84badf17d3f59da7f21c59f44f7fc3381d920.jpg,1371691,flower,real,57
train/1371691/cf6e7659828397b3e96b64dca1b58461fc0cc2f1.jpg,1371691,flower,real,57
train/1371691/9c9c2c0edd318b0b1cd646172323a193a6639503.jpg,1371691,leaf,real,57
train/1371691/37ae895409a5f63658859c3ce4fb6afab4590290.jpg,1371691,flower,real,57
train/1371691/c23ab0575ddfc0cf83fa1856763a02ea5f314d84.jpg,1371691,flower,real,57
train/1371691/c2b98ba340fee96701fcc4d823a2ae8656e5d6bc.jpg,1371691,leaf,real,57
train/1371691/e987c28d13eea27b83801d002dfe878e9cef5895.jpg,1371691,flower,real,57
train/1371691/8f3007e9477f2b3f40c550d39a14848316db5370.jpg,1371691,flower,real,57
test/1371691/334ac9503e32442bce9e22f0500c6ce5f64fd000.jpg,1371691,leaf,real,57
train/1371691/07614890e6d888f620271c97656bd5375f89a6ce.jpg,1371691,flower,real,57
train/1371691/214cece529682812238be77eeec87e4b28531aae.jpg,1371691,leaf,real,57
val/1371691/0b3d4cd9057df12727fa0ab967037a6d494d0141.jpg,1371691,leaf,real,57
train/1371691/198c10fddd3b28353aa80dd55d9bdf306684499f.jpg,1371691,leaf,real,57
train/1371691/89f86784597eaa619c41125ebe56601ea78f8d18.jpg,1371691,flower,real,57
train/1371691/bafedb6e8135fcff94129c70f5c0e11bada62591.jpg,1371691,leaf,real,57
val/1371691/780abca7f187bbb4c4ca587b90a9db1558d4d207.jpg,1371691,flower,real,57
train/1371691/333b9c1bb2957f73cfded74571b452d24a6fb61c.jpg,1371691,flower,real,57
val/1371691/74ea5bd85765817991166f4b21dc9d181bbd54dd.jpg,1371691,flower,real,57
train/1371691/2fae37775e012b3fe10ce0845403b531b1be43ad.jpg,1371691,leaf,real,57
train/1371691/130b31554974ca1d3fb3be4302f81c7893677728.jpg,1371691,flower,real,57
test/1371691/3500eaba8c9ef2f36197d4e8ffe7cce775ff41a8.jpg,1371691,flower,real,57
train/1372016/009c11704f48a633bb364727cbd0c3854844d0fc.jpg,1372016,leaf,real,58
train/1372016/85eaf2d89323dd79021904f008be037f5d3a1963.jpg,1372016,flower,real,58
test/1372016/c164d2b447e4559c5539d341298e733422a0ed98.jpg,1372016,flower,real,58
train/1372016/c0d01e50221b7d00c9697d74ababd1c8acf34585.jpg,1372016,leaf,real,58
train/1372016/1973fa5e596676fc35fe51e8bf632c79e2a4c229.jpg,1372016,leaf,real,58
train/1372016/7a99cd9e59d120b3a7df1769aa2d856f813af16a.jpg,1372016,leaf,real,58
val/1372016/d7d7c40da5de38f3359cf1fdd58a5b14767a290b.jpg,1372016,leaf,real,58
train/1372016/b7c08e105bdb00c63619fab118d4e4ff22f757e4.jpg,1372016,leaf,real,58
train/1372016/b20b9c0b4df66a1dbf1ca1e636d5527f045b2944.jpg,1372016,leaf,real,58
test/1372016/cc8cb4c11500acfab53e3aa562f6d3ba582050ea.jpg,1372016,leaf,real,58
train/1372016/e4d52d5738eef32f596cb68b446bfd6961f219c2.jpg,1372016,leaf,real,58
train/1372016/2059c367d7fbd33ae4f180c49ce1097060cdc266.jpg,1372016,leaf,real,58
train/1372016/c56f5a83fdc58ac73f48687db8957ef1cbb41d9c.jpg,1372016,flower,real,58
train/1372016/5756b29ec3a3be5023e911a219cf2e3fc3d00b05.jpg,1372016,leaf,real,58
train/1372016/69027fea63bb70c9f377910c320111974e18aac4.jpg,1372016,leaf,real,58
val/1372016/da575033e2d43d604f17eaaf64179ff2d1b269cb.jpg,1372016,leaf,real,58
val/1372016/644a7cbaec6f08e650605e0e1a92969bc213900d.jpg,1372016,flower,real,58
test/1372016/9c5f184ce968a6da1af31a10fa4cfb8c83e7cc7b.jpg,1372016,flower,real,58
train/1372016/99b476e69a31b95f4fecdd5f317ee69c7764aeb8.jpg,1372016,leaf,real,58
train/1372016/87b10407425b03f1ac468ee76a75bb0e5606cd6a.jpg,1372016,leaf,real,58
train/1372016/75ff3a20412725f5c32bece4e19e99225b32ef8d.jpg,1372016,leaf,real,58
test/1372016/941f06d129d6a1ce9abed1d60a707fe9d41c77ac.jpg,1372016,leaf,real,58
test/1372016/d493e06106b6d5b00709f2d2fafa2d4257ff5013.jpg,1372016,leaf,real,58
train/1372016/36e3842afc0376b4bb8eb156d95fb3ebb6ac8278.jpg,1372016,flower,real,58
train/1372016/bc89b8fec0b5950dd1354cb25bc427ae1054f462.jpg,1372016,leaf,real,58
val/1372016/d1953db48706ac1c03a62e7273b3ca634e7d4805.jpg,1372016,leaf,real,58
train/1372016/f1938f1ce8b24dae9baa097e0084a5afc6f0a307.jpg,1372016,leaf,real,58
train/1372016/f3eb41ab91e983847585f183a4d46007342cecda.jpg,1372016,leaf,real,58
test/1372016/b4204bc7cfbbc120ce131c3319064148f617fcab.jpg,1372016,leaf,real,58
val/1372016/bdebd91dce4df39e402a790f3b9b05388d4485de.jpg,1372016,leaf,real,58
train/1372016/9a3f7c60108c8c241792e2521174925347678c78.jpg,1372016,leaf,real,58
train/1372016/f63fdd2dea63936e882ca73fbe18ccc96aadd2df.jpg,1372016,leaf,real,58
test/1372016/31e0235502417ac86dcbf52357e9804817eabb1d.jpg,1372016,leaf,real,58
train/1372016/5082e559dc5720af2e2ca8c9ffb2929f97e8f442.jpg,1372016,flower,real,58
train/1372016/e9d6fac30218d93c83d3d11b6d16687c5cd25457.jpg,1372016,leaf,real,58
train/1372016/2ba25524718f39ba908b27b8a19b840b314eef08.jpg,1372016,leaf,real,58
train/1372016/f9fc3ba8969fd6ed60f6df120a2ca9d746eae7e9.jpg,1372016,flower,real,58
train/1372016/b0ba8fe5be4b38c1e638c7dc20f3afacac511d2a.jpg,1372016,leaf,real,58
train/1372016/41a99ef6bc5b34cf8b6c9aa4b35deec5cb121e32.jpg,1372016,flower,real,58
train/1372016/d4f7ab2aab13c5f1efe3096b4093015dbb9cac1a.jpg,1372016,leaf,real,58
train/1372016/cb29ad43e85e3d90a6fa8f7a5212214da32ab15d.jpg,1372016,leaf,real,58
train/1372016/a8af2b9c0c4a590cb3277517736e824d8121082d.jpg,1372016,leaf,real,58
train/1372016/844c34ea71dc4389790b70cf60b3d9bc59555417.jpg,1372016,leaf,real,58
train/1372016/adb2facaf13cf24fad11e36f683a9fed07ff148d.jpg,1372016,leaf,real,58
train/1372016/cd88a3b8261c25af4c7645850575953f274343d2.jpg,1372016,flower,real,58
train/1372016/0b4bad16d896f4da56255fd935f3bb94d9f41c56.jpg,1372016,flower,real,58
train/1372016/5d7850e11676a0fabf527eba3f5b560dd72590af.jpg,1372016,leaf,real,58
train/1372016/73affd9bfac07b7d8bc84d71560934ff9c9bb7bb.jpg,1372016,leaf,real,58
test/1372016/3ad48ebd6c9a182d4dbc1b805c3adf2aa333d0e2.jpg,1372016,leaf,real,58
test/1372016/f36199d27ce754af13364820ae653fd7a2adb86c.jpg,1372016,leaf,real,58
train/1372016/2aeeaaf4dfc20508d744b5eee7f091ce0181bff4.jpg,1372016,leaf,real,58
test/1372016/8ffb779217119c031b281d76ddae0983c59d2c43.jpg,1372016,flower,real,58
train/1372016/b0f3a6ef43645436b2e134857365020d20c1b696.jpg,1372016,leaf,real,58
train/1372016/387ef928d668eccf57e34766ee2334abc7bf69af.jpg,1372016,leaf,real,58
train/1372016/d4912b03333297a987791c5d7fe9a6666c6a39dd.jpg,1372016,flower,real,58
train/1372016/71895e841696b2499323d3dc17e203e0077f5421.jpg,1372016,flower,real,58
train/1372016/019a98ed5aaea095209d5866af7dd21654598b53.jpg,1372016,flower,real,58
train/1372016/e1582bfba2e5bb4d1ac5832b49087600b16d6ed0.jpg,1372016,flower,real,58
train/1372016/fef243187088b7e3de61d0cba8e07b722fbca47a.jpg,1372016,leaf,real,58
train/1372016/12d4885ae6f51ec8031b026a173cab17153083c5.jpg,1372016,leaf,real,58
train/1372016/af202aed62241b8181c7c16a0582c91c0e5be544.jpg,1372016,flower,real,58
train/1372016/f78357262e551ba4a150f57df028bb6472786558.jpg,1372016,flower,real,58
train/1372016/dd8dc975201125e87f6a10f4fa6b246fd197fa0c.jpg,1372016,leaf,real,58
val/1372016/fe4ec975ebb2a99d2a626a01c3170081ab379ae9.jpg,1372016,flower,real,58
train/1372016/0cea5243b85cad2686ed4429126b264489295fa1.jpg,1372016,leaf,real,58
train/1372016/c7a08819c6678efc4d3ce838ddd5343dec626916.jpg,1372016,leaf,real,58
train/1372016/ddc7fdfa860336a753791a35d0e3fbaed363058c.jpg,1372016,leaf,real,58
val/1372016/141c0f0b99f482cbcb858dfa217a55896032895b.jpg,1372016,leaf,real,58
test/1372016/0f80bd68e65c22a204eaf7c4dcfb9cd2b150f351.jpg,1372016,leaf,real,58
train/1372016/501b2d17f820a5c9fffbe355cc20b39bcc565bdb.jpg,1372016,leaf,real,58
val/1372016/ec024f67faaf7df4a678c1af6fec1850b3f1b6b5.jpg,1372016,leaf,real,58
train/1372016/7776a6cbe4254b6d35d818b1a47e5494f8471e1c.jpg,1372016,leaf,real,58
train/1373151/ec5b24ca9073fe901f53ba489e33e0b9c464ac00.jpg,1373151,leaf,real,59
train/1373151/54d6faf7cfd963d8d88a468fe967b3e8f55d5e1e.jpg,1373151,flower,real,59
train/1373151/184d8b19b1e5cdae2c52907afd4668fe9cb2dd13.jpg,1373151,leaf,real,59
train/1373151/8201dc9e1f1ef86b48f7408307d152125ba75c6a.jpg,1373151,leaf,real,59
train/1373151/32f6bef6d5764f293b935c65a692b9cf061e1a8b.jpg,1373151,leaf,real,59
train/1373151/180906a8fe470f025b802310354775df003e2d8d.jpg,1373151,leaf,real,59
train/1373151/c24ff62cdf538a47655bbc9d8df21fdbbeba8bb2.jpg,1373151,leaf,real,59
train/1373151/9fe9ae0faa94c45e85aeab6d04828da468ed0b87.jpg,1373151,flower,real,59
train/1373151/e4f4ed7ad0a4f3036c224dbcc0d68a120ea5ea42.jpg,1373151,flower,real,59
train/1373151/10b653644ca6358cb9153c9360caf095b78714e1.jpg,1373151,flower,real,59
test/1373151/aece35c9f16e620f98d7d6767cc12e3fab1e7c59.jpg,1373151,leaf,real,59
train/1373151/1838a9570756a30eab681846088b44f40fbfd93a.jpg,1373151,leaf,real,59
val/1373151/c0669ec8df627f5c97f3e2ce0755f4f09569b865.jpg,1373151,flower,real,59
val/1373151/75905d042b94906c05bf6089f671aae916ab7c69.jpg,1373151,flower,real,59
train/1373151/8109cd364c652540acb53fd1ae3143db2a903ecf.jpg,1373151,leaf,real,59
test/1373151/94a5f301d80b4767357d790e663468dbf5c2f529.jpg,1373151,leaf,real,59
train/1373231/650a48cb87e04d78de7623871515836b021d8e40.jpg,1373231,leaf,real,60
train/1373231/a9fc5409c4b3b745cbe223f03cbecd12ceca386b.jpg,1373231,leaf,real,60
train/1373231/c2a2d490d3c2af1d5527d5b80c6843c839d5920b.jpg,1373231,leaf,real,60
train/1373231/697679eac76987792efb540d580d28c646e8ed61.jpg,1373231,flower,real,60
train/1373231/3c79956d59328245a5e5005d1e6f648dee2ffa07.jpg,1373231,flower,real,60
test/1373231/842fc1344717594e4ffb36fa634fe7aca5f4ea02.jpg,1373231,leaf,real,60
train/1373231/60b250c744f0050130fe85433f3e502bd739a85c.jpg,1373231,leaf,real,60
test/1373231/b0e28ffaff045366ab1c3c754e09019f0d0136ea.jpg,1373231,flower,real,60
val/1373231/ef1004802983eb81b1a1c61944577489b837f9be.jpg,1373231,flower,real,60
train/1373231/f542ee35cfd2485f63f63a17bf9ff723ef9e12e9.jpg,1373231,leaf,real,60
train/1373231/0a5b5f5df65561c7daac35ef373ecda12901bdc9.jpg,1373231,flower,real,60
train/1373231/fa2ad7387bb5d82e0b2e80042589885431b3ba42.jpg,1373231,flower,real,60
train/1374448/cf16786716cbcaaaccf958327f760ca6a422bbbf.jpg,1374448,flower,real,61
train/1374448/e12ded986ab63554350c2ec4a003ddc6d1e4a6d5.jpg,1374448,leaf,real,61
train/1374448/a21fddacac91edc634b0f8cf670c7d2d36e55d99.jpg,1374448,leaf,real,61
train/1374448/020098c68a2a5c4839a092208d83c6cf526182bb.jpg,1374448,leaf,real,61
train/1374448/b6103894ba7464494506c17ef9a94fdfbb469275.jpg,1374448,flower,real,61
train/1374448/0761fe809dd5ed40e0b863067a04de422f5d217e.jpg,1374448,leaf,real,61
train/1374448/119a44b3f293375a8c71f5eef3a59a2b41deb753.jpg,1374448,leaf,real,61
train/1374448/58e5bed40fc805cc0f5b5521cf43778fe7ff21da.jpg,1374448,flower,real,61
train/1374448/63dccf073bb7410176d7c74eeb909a720af24cb1.jpg,1374448,leaf,real,61
train/1374448/3d62df11e508ef8ac1437ac0c565e9c470d6763a.jpg,1374448,flower,real,61
train/1374448/6b1667f1e26f03945908d52cea59e4732d8f2c93.jpg,1374448,flower,real,61
train/1374448/f96bbf2e8c7fab7787fd18f252540bedc9db5f66.jpg,1374448,flower,real,61
val/1374448/171e96c2da95c287c2e00497f78175381ba8460d.jpg,1374448,flower,real,61
train/1374448/07c7ea03df18f5095db9fd1131a6e5ce1c54919d.jpg,1374448,leaf,real,61
train/1374933/19a53c1fa505f6add05e6883570a7cb22e1d2215.jpg,1374933,leaf,real,62
train/1374933/4abb5f441892d468ec04cf3f0a02eae51dd569e9.jpg,1374933,leaf,real,62
val/1374933/7444d4b0801fc0b64f2b93a085ea8a40a087376b.jpg,1374933,flower,real,62
train/1374933/0124205d17ba6d1fd434b1164b187a987b50fed8.jpg,1374933,flower,real,62
train/1374933/cb1f29e6ee1ed40f64ce0236425eaf3f7ce73c67.jpg,1374933,leaf,real,62
test/1374933/293b443f69e47c8e52c75bff39aafb2bed46befc.jpg,1374933,leaf,real,62
test/1374933/cdd695dda02bae0202915010c8cc0550713aeb14.jpg,1374933,leaf,real,62
train/1374933/337c4983f82fc69911878befe8d616cf73c9bf17.jpg,1374933,flower,real,62
test/1374933/f5b5435f5db0e7ed9176da459ec1c94985d64e35.jpg,1374933,flower,real,62
train/1374933/bf22d71e6295b2f349715372d9f700fa56aa0cb6.jpg,1374933,leaf,real,62
train/1374933/1ad99607098771adc9a9a997a90281817dbd1cb3.jpg,1374933,flower,real,62
train/1374933/4d7e50ebea4dae1508d7e9c2e994a8dbe9552e04.jpg,1374933,leaf,real,62
val/1374933/c9dcac61d7783a6623139ce53c3ec15c37e73a77.jpg,1374933,flower,real,62
test/1376703/aa577305a615d290f1d6e8034b4727d7011e1ba4.jpg,1376703,leaf,real,63
train/1376703/f2eab6e697109078a9c410ef129c3bea6ffd2876.jpg,1376703,leaf,real,63
train/1376703/dac6338bd1e26fae7a4ffd343094b60fef197fdd.jpg,1376703,flower,real,63
train/1376703/34b57c201f280627c234e0ee8efe0a7da602c9a7.jpg,1376703,leaf,real,63
train/1376703/64c84ff8057a90e390d1ea9b5ec6f8566609d69d.jpg,1376703,flower,real,63
train/1376703/1230b7fdc4dc9d90934f3c456f0fe258e0f8e1af.jpg,1376703,leaf,real,63
val/1376703/e5bfe2d6c65dce99c9f827977b6703e039f7a621.jpg,1376703,leaf,real,63
train/1376703/6bd11b5a281fa702790493b0e92fb5edfbf5c227.jpg,1376703,leaf,real,63
train/1376703/7ebe24c0712cdddfcac9fe728037857854df9471.jpg,1376703,leaf,real,63
train/1376703/6e568ab509d1e6fda846e382695033eebd2e396b.jpg,1376703,leaf,real,63
train/1376703/bec83846f1c1e2240b37aab422e6be2c84b676a0.jpg,1376703,leaf,real,63
train/1376703/1f56a4090e97b5220dca54ed9774c6fb1d1b3138.jpg,1376703,leaf,real,63
train/1376703/34031ec1763dba10ebb8c56ccef49bb0f07713d6.jpg,1376703,leaf,real,63
train/1376703/070b4f074b2ef7031c254a424416bdaa472f357f.jpg,1376703,flower,real,63
train/1376703/b63f8b52f59595274fd0c45afb7b4982a8492c6b.jpg,1376703,leaf,real,63
test/1376703/cf2a42bb8c6f067b37c0d9ee5c6451f89d544858.jpg,1376703,leaf,real,63
train/1376703/9b05eb1ba8ecb952d6e62174cd7c7a38e94b192f.jpg,1376703,leaf,real,63
train/1376703/990e4950976417341899ee107bd6c82d5fb05cd1.jpg,1376703,leaf,real,63
train/1376703/18f09adf58ebca6bbe4e843fa0c46fe38fc76398.jpg,1376703,flower,real,63
train/1376703/66e24a7aafc242a5309c9107135f16643d4727d8.jpg,1376703,leaf,real,63
train/1376703/b2fbf5867640d221c1ee95bdb99fafb2c7349431.jpg,1376703,leaf,real,63
train/1376703/433ccdfc3c2b9e432deab94034850b16495f1cba.jpg,1376703,flower,real,63
train/1376703/675d35eccd76cf2c3c2be8d744b91d39873dcfc6.jpg,1376703,leaf,real,63
train/1376703/1f7200a9e77d759d9c933ead3c90a227e5b007e4.jpg,1376703,flower,real,63
train/1376703/18551f9bce97e059b45806a8f3023cd338e7e01d.jpg,1376703,leaf,real,63
train/1376703/bca007b696d0e5bc4ee9984298cca47c2e3ffaef.jpg,1376703,flower,real,63
val/1376703/ecbcb012323f3fd10592b75dc919dee868c7900c.jpg,1376703,leaf,real,63
train/1376703/9685e49ebb4a22605ee183a85f7f9a04a2705899.jpg,1376703,leaf,real,63
train/1376726/d01236de5ace1d6070d9dafdc5123fc3261cf9dd.jpg,1376726,leaf,real,64
val/1376726/8ba647a16abe0660993fdc47846982ade2e09296.jpg,1376726,leaf,real,64
train/1376726/bb94acb54726f692b2de921a4fb33fc6a2c47b22.jpg,1376726,leaf,real,64
train/1376726/abb5a5806bf695390b8a54d0fcd8bb55e7ec5a3d.jpg,1376726,leaf,real,64
val/1376726/532b2ba28486c00efaf00ee868b80ac2c18a2381.jpg,1376726,leaf,real,64
train/1376726/2d6264a7ae7cdc7f42f4f8049349c2973aac98ca.jpg,1376726,leaf,real,64
train/1376726/bd56b1471cf48e662582c327da061d424b477faf.jpg,1376726,leaf,real,64
test/1376726/9b9704dcddd05ce514f512dab039c892f3f7fde3.jpg,1376726,leaf,real,64
train/1376726/c81e6bc2058a54897118182a49cf21f733de633f.jpg,1376726,leaf,real,64
test/1376726/fa3bd6ef7b5bc6dd55dede165148a90710b552f2.jpg,1376726,leaf,real,64
train/1376726/76e6ac75e68420d6541a14789e706ddd0225b252.jpg,1376726,leaf,real,64
train/1376726/00f12a294e3a9cd70e88701cc2a550aa015cb34f.jpg,1376726,leaf,real,64
train/1376726/fddc9ee5ad3675958fec306a35c6c4d1120b9f50.jpg,1376726,leaf,real,64
train/1376726/8ac3c3d5cf4580bce98eaa7fe5cd45cb8ad20d38.jpg,1376726,leaf,real,64
train/1376726/19e6540b2c163bef3ef7869100ed682857ad6fee.jpg,1376726,leaf,real,64
train/1376726/64ed6ec0e0002c8de737114f34b4341df23aff93.jpg,1376726,leaf,real,64
train/1376726/7e1246e4fc38210b02d9a90acd75ac2728409e45.jpg,1376726,leaf,real,64
train/1376726/94166ddb157c9bc47e823ee83ee7c7f8b88edf62.jpg,1376726,leaf,real,64
train/1376726/75b246691348a3f8eb4e0c937ccc142aeaefa89c.jpg,1376726,leaf,real,64
train/1376726/a2f1dfdc49f411565ce422c7c195e46b73523904.jpg,1376726,leaf,real,64
test/1376726/c97cb21cb8522a77d7730951c6ce26ea42898606.jpg,1376726,leaf,real,64
train/1376726/e7cd85a6c3a97bde30860542de2aa058aaf49465.jpg,1376726,leaf,real,64
train/1376726/711568c6690d9d5e1581e637eba02a3ccf86d7e2.jpg,1376726,leaf,real,64
train/1376726/c517a20d64268d04a75f3352edb5791e8de0b0f5.jpg,1376726,leaf,real,64
train/1376726/f1750cc8a6313c6dd9dd16d2bac43f02b5366975.jpg,1376726,leaf,real,64
val/1376726/e9676d3f5e610a7798dabf0a17a731a102542f21.jpg,1376726,leaf,real,64
train/1376726/c0ef2126ad8d61de457b5a1ee0aa54445a26dc63.jpg,1376726,leaf,real,64
train/1376726/1243914525f1729c965399e16a18cadddd68ecfc.jpg,1376726,leaf,real,64
train/1376726/7ef5efc15b8303a4de1168e76f823d0cf9001ff8.jpg,1376726,leaf,real,64
train/1376726/0b63d77be84207bac09b507217ec82a040e78c2f.jpg,1376726,leaf,real,64
val/1376726/700df0629d2b62f1356e4996016c6e205251dde4.jpg,1376726,flower,real,64
train/1376726/4338047a7199917c26f79f9e59231c0a7737d525.jpg,1376726,leaf,real,64
train/1376726/04c83926ea351de16a61601b01c5eda147f29cc4.jpg,1376726,leaf,real,64
train/1376726/babc40a0ef6069b8a816ce822c17828bbc3490fb.jpg,1376726,leaf,real,64
train/1376726/e5cc52b42862489dfeb37ffd21fe2cd6a688a6dd.jpg,1376726,leaf,real,64
train/1376726/7ec362742914c8dc05715899fac797602559a8d8.jpg,1376726,flower,real,64
test/1376726/2dd4179974d7e9bd053c49e06add2d0e49bbec9a.jpg,1376726,leaf,real,64
train/1376726/2bae3fe8b97e093beee827a0bd6f772dcf792fc7.jpg,1376726,leaf,real,64
train/1376726/eecefbe64353b7d7b0fcfc5d74d91ed9764a7205.jpg,1376726,leaf,real,64
train/1376726/a9c267989c94f7c2b0674fd4695c6491828de5bf.jpg,1376726,leaf,real,64
train/1376726/7605e3b7d142da3a50d4c4cbc527d51bd7e1ad55.jpg,1376726,leaf,real,64
train/1376726/c858b2b9bf092af99611f2f09963fcb904b749c0.jpg,1376726,leaf,real,64
train/1376726/ee1910f84899f279f0daba10e74f0ea07baf1ce9.jpg,1376726,leaf,real,64
test/1376726/d7f6bc769ceccb25d09fcb1219b37efc88c555a0.jpg,1376726,leaf,real,64
train/1376726/a537d51534a1a6b388590e70bfd22239ef7c2fc3.jpg,1376726,leaf,real,64
train/1376726/f0d2c974f5c80cc4fc7dbfd12021ae083aeb5783.jpg,1376726,flower,real,64
train/1376726/250032244268412b14b58a3be666b8f77ff1909f.jpg,1376726,leaf,real,64
val/1376726/0e5866dfa02a06ae55ee61bba63666d4e49071c5.jpg,1376726,flower,real,64
test/1376726/c85e28f2150c0254a7a9afc39a93adddbd3b19de.jpg,1376726,flower,real,64
train/1376726/c3e5ac40aa3c4c153ea21639d1c4b3710a3ad76e.jpg,1376726,leaf,real,64
test/1376726/c95f972b3040bfe8c33a3f69adbf9151ab8049b1.jpg,1376726,leaf,real,64
train/1376726/297a7f5b86642db936b4d2acd261acc7ba68c0d2.jpg,1376726,leaf,real,64
val/1376726/47e677eba7dcb7fdfc3137ce3773ecf77dc72523.jpg,1376726,leaf,real,64
train/1376726/010d340e259e7cba026fd52d1cbd1dd8d8a92f2c.jpg,1376726,flower,real,64
train/1376726/eda8eb890e978bdefa40d052714fb36311f5d3d4.jpg,1376726,leaf,real,64
train/1376726/0eb1e316dfb6b37f159604d28b21f0a8bd224580.jpg,1376726,leaf,real,64
train/1376726/f20f1dd08c4d73f3b6c1d09334b3f01cfa8a4645.jpg,1376726,leaf,real,64
train/1376726/8612ef4967f85cca18905674747c23aa5a8f67f3.jpg,1376726,leaf,real,64
train/1376726/a40dd9332f0b732c925cff31738004198398cd97.jpg,1376726,leaf,real,64
train/1376726/a9224b94f4c4d8f1106a60cace8dc5238351878d.jpg,1376726,leaf,real,64
train/1376726/989c7a01553d30ab1f697b1c88360f0c519b0bcb.jpg,1376726,leaf,real,64
train/1376726/1fe8cfd10a12ce4afc4184d0df474a560bc3581b.jpg,1376726,leaf,real,64
train/1376726/f0165b598717aa5d031ffef3544e9061a35d3c9a.jpg,1376726,leaf,real,64
train/1376726/9b781ddb20fb281f10b5d7024f328010bed99a2f.jpg,1376726,leaf,real,64
val/1376726/3f00a78542087073b1d14678ce4e9ba9cceb389e.jpg,1376726,leaf,real,64
train/1376726/669da24dc86695bd530a61d1dbc458c0e4231f36.jpg,1376726,leaf,real,64
train/1376726/0421d3a0b8414b36e5ada2a0f952403c4c5c10b1.jpg,1376726,leaf,real,64
val/1376726/fa0a45e3ff11d4ce4ee69f2336b44171f1d6b7a7.jpg,1376726,leaf,real,64
train/1376726/d2b6cbd635afd6e16b68232eca7dae7a88a10863.jpg,1376726,leaf,real,64
train/1376726/f6c049a3ff25d409fe20e9c3e02ffa4b43bdf958.jpg,1376726,leaf,real,64
train/1376726/5c8a112cde10c25fb29f29a7ae872c5e96c67eb3.jpg,1376726,leaf,real,64
train/1376726/13b228b55053cf3b96b1414c7fb218e722be5a80.jpg,1376726,leaf,real,64
train/1376726/a19430399d4ade27aae9564d2098805b08815d34.jpg,1376726,leaf,real,64
train/1376726/77c8b3f7eb4c2ce741310b3bb49120d69220d1ed.jpg,1376726,leaf,real,64
test/1376726/e6ed3207b3f6beb2e32748d431db9037def7e986.jpg,1376726,flower,real,64
train/1376726/2e487b51ef47eae7e032a1613ae165189752bb3f.jpg,1376726,leaf,real,64
test/1376726/fc9c94079cd40e2007f4b5ebbfc7e251789348c5.jpg,1376726,leaf,real,64
train/1376726/e8e8a681e95632c212bce7f9285c2fc254b09d39.jpg,1376726,leaf,real,64
train/1376726/bf86c404accd37094d9878e9751c836e71d5190b.jpg,1376726,leaf,real,64
val/1376726/85de5cafbdf82831e6b3eee971cc3c931e0b63b5.jpg,1376726,leaf,real,64
test/1376726/5d4428d251c78fe46fc470a8afa68577b1b9e571.jpg,1376726,leaf,real,64
train/1376726/c43865e33ca861bb8a0213ac119d1d5845bab7f4.jpg,1376726,leaf,real,64
train/1376726/cc64181b3b8926213d984de222f96f9fae0c4db8.jpg,1376726,leaf,real,64
train/1376726/f6b03a4709cbb6bd6f9e46235881359aa0167e43.jpg,1376726,leaf,real,64
train/1376726/2b15ebb320b84317445b89d78cd6cc63dc3c8ec9.jpg,1376726,leaf,real,64
val/1376726/7099fb39d027020a062a38fbece4fb871c8f5539.jpg,1376726,leaf,real,64
train/1376726/be526ab7c2b3631832e6a072038aac39285ebca0.jpg,1376726,leaf,real,64
train/1376726/b90586a460c3b132d8452fc57c221e28167f840e.jpg,1376726,leaf,real,64
train/1376726/42dde5249fa9b749f64c5adefdc499352b1b5320.jpg,1376726,leaf,real,64
train/1376726/beb64848a219c8d7e2c2b1c4fd84edb1b6691812.jpg,1376726,leaf,real,64
train/1376726/9ef85982951e448155b8952f5467ae503f7165f3.jpg,1376726,leaf,real,64
train/1376726/835ea996aee0d569da19a27625fce3cd24129c6a.jpg,1376726,leaf,real,64
train/1376726/0c63f3759f7d132192d52ac1eb5bdab952b76a39.jpg,1376726,leaf,real,64
train/1376726/21880887d3d3178c5e1a7544d820995017333a6a.jpg,1376726,leaf,real,64
train/1376726/4fae1e24f9f7b44f50e6a351a39d87921cd83d42.jpg,1376726,leaf,real,64
train/1376726/401ab22f01edb9eb9a7115ce0b9694ac68e7e1de.jpg,1376726,leaf,real,64
train/1379513/20f0a23664b6147556998d1981ce90b8b410ded9.jpg,1379513,leaf,real,65
val/1379513/4791072ef31f378393a5d442e4ea239cecf3d079.jpg,1379513,flower,real,65
train/1379513/147ccfa66817669d1ecc6f2dd86aab10683d9f2b.jpg,1379513,flower,real,65
train/1379513/281ea976c148b29d626614a4af4ca686b8ab4748.jpg,1379513,leaf,real,65
test/1379513/06c14fe87e27d8b59fea4aca3d49fa72e810d4bc.jpg,1379513,flower,real,65
train/1379513/b4d50c9e054d536bf7e221ab82acacc752ad1ec3.jpg,1379513,flower,real,65
train/1379513/24ae0f3494a4722a7f6352293d2ad45fa26b35c0.jpg,1379513,flower,real,65
train/1379513/47762ea0171751a23922468434eac8ce7d5ad0d3.jpg,1379513,leaf,real,65
train/1379513/b2bf8d21be6d9523cfa8e91bc15e5cec59fe207c.jpg,1379513,flower,real,65
train/1379513/73cb1d78f713fddaccaf74e6ec8dfa971a96376a.jpg,1379513,flower,real,65
test/1379513/b404797ef6d72a9abd357a66c316c7e57cda38e4.jpg,1379513,leaf,real,65
train/1379513/494fdc87fd5d330234cfd080b2d3f4ab4ed3ed2d.jpg,1379513,flower,real,65
train/1379513/c90f75ebd2f67a791dd7513bd1642fc92d066709.jpg,1379513,leaf,real,65
train/1379513/c98461804bd0a5ddfc71893c7adadf4b075ad766.jpg,1379513,leaf,real,65
train/1379513/042844b767ee3b20683559a98137c8cfe917ab2a.jpg,1379513,flower,real,65
train/1379513/a8b1e28a593024dc0235bc24a2a502ffe6e78011.jpg,1379513,flower,real,65
train/1379513/b13b512e47070fc2a365a129fcff1df9bad822d2.jpg,1379513,flower,real,65
train/1379513/38c60120c1eb8a1493c20583eba0792da9c0dfa7.jpg,1379513,flower,real,65
train/1379513/cb95aab9207b58676346cc7b23a93fd028f432cb.jpg,1379513,leaf,real,65
train/1379513/6c1cd8bafe97ec1e9355d707d1303378cc21673f.jpg,1379513,flower,real,65
train/1379513/936d860ef8030828f2f6e58e8a128adc75985dda.jpg,1379513,flower,real,65
train/1379513/eaca81035c11c6707cc2ee9eb847cb0e16fa7557.jpg,1379513,flower,real,65
val/1379513/2b14e5d5ce6d1bf4ff5b2aa2c6651fc971b670d1.jpg,1379513,flower,real,65
train/1379513/a4691d3f479314fc15a2c491aac7d1c4e4bb3897.jpg,1379513,flower,real,65
train/1384499/179d00f1c0fa161d25fbc8299884055d03dd322a.jpg,1384499,flower,real,66
train/1384499/1cd65b300a07c18bfbf952a77e00eb0dd9540d3c.jpg,1384499,flower,real,66
train/1384499/7d0771246c518dbdba28546a2b4204eef1358fe5.jpg,1384499,flower,real,66
train/1384499/9baa95d6b824345c306893c740bca186d57ec356.jpg,1384499,leaf,real,66
train/1384499/7bbc2ceed430dbe901127050dd0af86729a1db93.jpg,1384499,flower,real,66
val/1384499/4667dab0765c225813619b9881ca3a9655a69ca0.jpg,1384499,flower,real,66
train/1384499/1399dceb9ef060bb83bc96959bd581cc7e693408.jpg,1384499,flower,real,66
train/1384499/d089ae2dda406dafea91ab9dfedb8bddb5ba68c4.jpg,1384499,flower,real,66
train/1384499/7ca4f2884ac84afe8fc54dd6c942ef99fce8bb3c.jpg,1384499,flower,real,66
train/1384499/b2f850d04b5a224563953907ad9dfb571540673c.jpg,1384499,flower,real,66
train/1384499/9403452f8ee99c0d0a257cef23eed119d2d588bf.jpg,1384499,flower,real,66
train/1384499/70a3fa44e13ee4a841433cfc1ba6a26aac5212b8.jpg,1384499,flower,real,66
val/1384499/22998582274821aaa87aa0763fff2e030df6063a.jpg,1384499,leaf,real,66
test/1384499/e5042e5b641ced88fb0c46ec86fd0abdef06b418.jpg,1384499,leaf,real,66
val/1384499/f6e503c7942fffc048c77b63587c136e06abceda.jpg,1384499,flower,real,66
train/1384499/9ef9053f47061055194d1791cb772306a4ceeacd.jpg,1384499,flower,real,66
train/1384499/2978cdf4af2955ac9142215db4de5bf0889ad7a0.jpg,1384499,leaf,real,66
train/1384499/7d9137f76779f5e23e1543b223a651c56b0c57f2.jpg,1384499,flower,real,66
train/1384499/3101ceb9bc1a5e2d56ee8153c1376ea6296a7b51.jpg,1384499,flower,real,66
train/1384499/688a0181e797c54965175a5664f3bbd18de59c18.jpg,1384499,flower,real,66
train/1384499/1b7eeed5e3783259e2205301cc6d4796678d9057.jpg,1384499,leaf,real,66
test/1384499/fcb41aa51c434f05b4a52012b1a65941b21592a0.jpg,1384499,leaf,real,66
train/1384499/a0e52b8782ebf822ca89a540a5f88db1ec0387f5.jpg,1384499,flower,real,66
train/1384499/454a6e1ba56acd7f50dbc36bb5b7098554f0f6bb.jpg,1384499,flower,real,66
train/1384499/355d014a6c1e6c16a73ddc02e8de76074802d95b.jpg,1384499,leaf,real,66
train/1384499/26f98df8154dcbc1353fd537250f2be08a9a1991.jpg,1384499,flower,real,66
train/1384499/a81de71a4f09c1716cdc57e339dcac732f7948ad.jpg,1384499,flower,real,66
test/1384499/628d86ca3e537bb556c6563a1fe509b554bffcfc.jpg,1384499,leaf,real,66
train/1384499/aaee0a5b922a222d0b1affd8fbc2bf58f7c97021.jpg,1384499,leaf,real,66
val/1384499/b29e0987826b3f7e309944f7d00510b07136e8a2.jpg,1384499,flower,real,66
train/1384499/8940c36183acfbbe5fa0430635d3c22080c59b66.jpg,1384499,flower,real,66
train/1384499/7d743fa585e2b8da0e29491ebdb3595fc83107ac.jpg,1384499,leaf,real,66
train/1384499/14ef32a1ae4a20988a41cf5b8574b7f64d41c637.jpg,1384499,leaf,real,66
train/1384499/011bb6a9329058e6abfa68c42a9fcf42aa220de9.jpg,1384499,leaf,real,66
train/1384499/c210362afaf5fa017e88bca3fbb55337a25791c6.jpg,1384499,flower,real,66
train/1384499/a41cf74a37067619f6c9b7c08bd72f0fc6cda4c8.jpg,1384499,flower,real,66
train/1384499/e55c37c491f1b9ee7c38211832e27ea311eaabaf.jpg,1384499,flower,real,66
train/1384499/ba9cfc9ff554b0409ea3229a1f2f961c7bda7fe4.jpg,1384499,flower,real,66
train/1384499/b85fa7d53a35c6e39e60a074bffb0aa7d3c45097.jpg,1384499,flower,real,66
train/1384499/d28a2db0bd381e1a52a118eb7387224a2e5231ff.jpg,1384499,leaf,real,66
train/1384499/8708c0c978cb44e1c652a72e9c806b399683af3e.jpg,1384499,leaf,real,66
train/1384499/3b56197c831d52cb54bdb74bfba1fd6d35117c64.jpg,1384499,flower,real,66
train/1384499/692c23010553d428a5cfe12934783a281e594941.jpg,1384499,leaf,real,66
train/1384499/fd18a52689a77fdff4b9d8e1ec7b6315ddfce5ac.jpg,1384499,flower,real,66
train/1384499/cc9986dbbb468b4b86dbc843530aff65f273600e.jpg,1384499,flower,real,66
train/1384499/5815026fa1aed37ac260760606dafc0776728182.jpg,1384499,flower,real,66
train/1384499/ce9cea724ff0ab0c5a6f570555e229ab1bfb4aba.jpg,1384499,leaf,real,66
train/1384499/0a24776d6b995ad24216cec36453d3de3e35dfa4.jpg,1384499,flower,real,66
train/1384499/cf6ca7e2ff987ddaeea5e6e92830e0a9ccea1989.jpg,1384499,flower,real,66
train/1384499/1957d0ca65eb24d0870064c64f83b369c9316790.jpg,1384499,leaf,real,66
train/1384499/1e38bfb69cd253daf8a77852d7082ec151cb6b43.jpg,1384499,flower,real,66
train/1384499/b10923b1bafb913ef9e136bd00698f8245aae8e1.jpg,1384499,flower,real,66
train/1384499/aa1677db3acd90d58a65d40767c823fbdb92e997.jpg,1384499,flower,real,66
train/1384499/ca67b187b0ac8b96031b8251860d93a5f8fc7c1f.jpg,1384499,leaf,real,66
val/1384499/eb618f8d1bb6ff16f52c552212dddfbfe4f67a14.jpg,1384499,leaf,real,66
val/1384499/1b545d083c5e5d504fcf8107eb2ca964019aaea8.jpg,1384499,flower,real,66
train/1385700/ce9870d13d5a10c7e68f1ce5647833641f996ed5.jpg,1385700,flower,real,67
train/1385700/5c6c7af35591d151ab3e7e343c0797cda5b773fa.jpg,1385700,leaf,real,67
train/1385700/3f4628f3bf7bdf7e918fd07ca5b87bd9afa1f44f.jpg,1385700,flower,real,67
train/1385700/b7710d08c8edbf14d29ddea4f2abb4a11bb859ca.jpg,1385700,leaf,real,67
train/1385700/82e37be094da3a6ac65c1d4eaae3c182a54d3457.jpg,1385700,flower,real,67
train/1385700/7aaa2911ef691925a288cebb1fc0e2755f28994c.jpg,1385700,leaf,real,67
val/1385700/39a4be31d2c3e486a1aaf376a2fab1256832da93.jpg,1385700,flower,real,67
train/1385700/8900577fb0600a2eb6f6e01f6136e6b8f558a9d7.jpg,1385700,flower,real,67
train/1385700/37c0f107a0d43108c6855e0af417a863b3934de8.jpg,1385700,leaf,real,67
train/1385700/ccf0e4058accfb51dd568d8d03230bead824ddb0.jpg,1385700,leaf,real,67
train/1385700/3e0774887bc61321d48a15f6c9f033fd43d4cd57.jpg,1385700,flower,real,67
val/1385700/49a14bfb67c6d1c75367cb96f826cf2d7d551cb1.jpg,1385700,flower,real,67
train/1385700/6a23a9999d3ff9707fb1202b4a4f5d9ace456bb8.jpg,1385700,leaf,real,67
train/1385700/5828d879ea389336ffd594c0b414bf8fe7342229.jpg,1385700,flower,real,67
train/1385700/b4569a2376fff4bcfc9985e77c15a16818d090e6.jpg,1385700,leaf,real,67
train/1385700/df4a4d4a09280c278858e1401006e8868847390f.jpg,1385700,flower,real,67
train/1385700/178502146f5ece4b6a4395ef8a13d9af359c2083.jpg,1385700,leaf,real,67
train/1385700/e5416307412125a40924d920188ca9659d472a74.jpg,1385700,flower,real,67
val/1385700/6a216e3e44b9c641aaa74e0a0bede527cd894719.jpg,1385700,flower,real,67
train/1385700/2e14692f94d6e2ef47d3dfe128421ade9557937e.jpg,1385700,flower,real,67
train/1385700/6147d38604cc0df00f07617d5214492c61f07019.jpg,1385700,leaf,real,67
test/1385700/15bdbbd3579dc64be61fdad9abf2e1444dcf5174.jpg,1385700,flower,real,67
train/1385700/efeb26886c5ee48e3e9abfbda4e0d65a62a7e250.jpg,1385700,leaf,real,67
train/1385700/d5cbaa1f10e0aec2bb49b00e155d1a88070187a4.jpg,1385700,leaf,real,67
train/1385700/6d0d7890d7399662b50936a6af7b0eada5fb4f20.jpg,1385700,leaf,real,67
test/1385700/6c9771c18e3fa6c362caa62cf1c16fc0563aa92a.jpg,1385700,leaf,real,67
train/1385700/2eda31c71a8e7af2c8db6a0e2e055398ce068e5b.jpg,1385700,leaf,real,67
test/1385700/97db0eee879d08e5cbd29590207fded6c6e784df.jpg,1385700,leaf,real,67
train/1385700/083f79bed45742e0b2d2689bf29304aec4db533d.jpg,1385700,flower,real,67
test/1385700/c5d4ec408c1e72697f75e811b4e1216f7a4f8c76.jpg,1385700,leaf,real,67
train/1385700/9312fd14b53fcea3b1795eaf25bc53b7557fe959.jpg,1385700,flower,real,67
val/1385700/08f3b58a956b07f8c5d6ad596590f9b64cc50bd8.jpg,1385700,leaf,real,67
train/1385700/0dc551d936faa108b0ed7b6bfcbb26799c50103d.jpg,1385700,leaf,real,67
train/1385700/26065aa2c08ebdf0f311a1607615b362986f24a8.jpg,1385700,flower,real,67
train/1385700/2f0a8a73efb13ea7df77d41aa7df09a5a4353808.jpg,1385700,flower,real,67
train/1385700/b5aac1fb00c168f2dccd7b760cd51ce599a423f4.jpg,1385700,flower,real,67
test/1385700/57e989dd9296b0a30cd8abd7003b875081d05c36.jpg,1385700,flower,real,67
train/1385700/ab5b98334b4f37748fe1d9449320626938ed0636.jpg,1385700,flower,real,67
train/1385700/dbf577a4232858c2f9a5d78d7b54d61ffdba11d6.jpg,1385700,leaf,real,67
train/1385700/56c3826d514de9434a3605e0c3d5560a27529ecc.jpg,1385700,flower,real,67
train/1385700/9cac2c55fb49aa4b3219b6842b04901c42f0f00b.jpg,1385700,leaf,real,67
test/1385700/6264e16506677adae7467237c808ffff4edc881c.jpg,1385700,flower,real,67
train/1385700/70d829db6f8750893406dd6b105df80d97a24358.jpg,1385700,flower,real,67
train/1385700/45230dfe3f7637d9b2fac9c6f509dfda82db0113.jpg,1385700,flower,real,67
train/1385700/16c195021d0e6319281e31a80ac9e1c277c616a2.jpg,1385700,leaf,real,67
test/1385700/920231c05e59e4d1282cbfd2275c673c5d567e9e.jpg,1385700,flower,real,67
train/1385700/2935e06f412f98a79c1bbfe9fb30a4179b07d7f2.jpg,1385700,flower,real,67
train/1385701/991ff340f6ae9a7e264dfdcaa614370dacd3c2ec.jpg,1385701,flower,real,68
train/1385701/a8749392e77167e5df9447bdadf13cd17c986305.jpg,1385701,flower,real,68
train/1385701/36adb0ebfa3bf5d8e1371376d19978be9fbb0003.jpg,1385701,flower,real,68
train/1385701/3fef06732a6d226e7ba4ef22f4758be267a5c539.jpg,1385701,flower,real,68
val/1385701/b1d010f3897f8ac2d21ceec0b1f323e04f578557.jpg,1385701,flower,real,68
test/1385701/7aa3dcae303eee643ca24a3019d538a5cc2fcf8d.jpg,1385701,flower,real,68
val/1385701/8eafffb0059a702787b161ed2bfa7d7861e4055a.jpg,1385701,flower,real,68
train/1385701/233e61ed7bca33e1b8bc6ee0b37af8b44d06bbe7.jpg,1385701,flower,real,68
train/1385701/f99d63d49d0fada86826841eaf1432939116e8a8.jpg,1385701,flower,real,68
train/1385701/c3bc0e43a78c16f5527b1c6f6b298e5451cd0ac6.jpg,1385701,flower,real,68
train/1385701/b155aca54271f0a9161dff79f5582d403ae4279d.jpg,1385701,flower,real,68
train/1385701/6855ac5927e37cd0483b768835c5c084cab4f81b.jpg,1385701,flower,real,68
test/1385701/5753b83d780894216480404a4a9981031bfb449a.jpg,1385701,flower,real,68
train/1385701/cb330a512eb570c94023d29ca24555521791a5dd.jpg,1385701,flower,real,68
train/1385701/4ef3e2c476d0c9f9b624b991279cb73e6cf9ee2a.jpg,1385701,flower,real,68
train/1385701/89ca17224f305ed5a28258f91890f0ddda4e5fac.jpg,1385701,flower,real,68
train/1385701/13090f694dc96cd05c491bc120d5237e552e17d9.jpg,1385701,flower,real,68
train/1385701/6257481384b570dfd63a5053885ef9ed7045c1ac.jpg,1385701,flower,real,68
train/1385701/b48055bf459cbe85157caad7bcc9953abbfc9080.jpg,1385701,flower,real,68
train/1385701/307bfee1a790f74dd43adfe853ccf7e477e702ce.jpg,1385701,flower,real,68
train/1385701/90601cd557d2a746ffae995998a335bb9ff5c19c.jpg,1385701,flower,real,68
train/1385701/bb9141b4fdec26dd6ae1c786c2f0ac420a88a2d6.jpg,1385701,flower,real,68
train/1385701/bdf11ba8f7231ac2b8add4d9faafa37db196f9b7.jpg,1385701,flower,real,68
train/1385701/3489ab0aca22d33124c74caebe736f3ca832c928.jpg,1385701,flower,real,68
train/1385701/d7108d3ef122e7d8cf24359eb5074d41f15d2068.jpg,1385701,flower,real,68
train/1385701/f390b51d4c969377e87e5fa57076a3987d096d39.jpg,1385701,flower,real,68
train/1385701/1b47f02cfb585c900f5b6ab8eb9756e6cc447240.jpg,1385701,flower,real,68
train/1385701/31081e5664605a15211954666f8b19b28c193580.jpg,1385701,leaf,real,68
train/1385701/2be7bcf51914453967d46ec4e603a5d952eae486.jpg,1385701,flower,real,68
val/1385701/0adabc1c5c64dfc5a9d829fa20159befb8fd3aa2.jpg,1385701,flower,real,68
train/1385701/3b022fb178f553b3f4e07eaf5328fe2ac5e5cad2.jpg,1385701,flower,real,68
test/1385701/73dfbcad6b5811cc3bb4ebdec27ac5c515388276.jpg,1385701,flower,real,68
train/1385701/9e86a2219d291eefdf2329ac8a86ae156936ea17.jpg,1385701,flower,real,68
train/1385701/ba0853f5a8d0476241b1d073106033ea3e921d9b.jpg,1385701,flower,real,68
train/1385701/5fb7c5d93aece878c8464dd8a5ca3eacad18dbc9.jpg,1385701,flower,real,68
test/1385701/93f2b2cd0ed6c749dc654eca8d7f298303b7a2de.jpg,1385701,flower,real,68
train/1385701/4e20acee37d80443c897b5964556a0b75c874810.jpg,1385701,flower,real,68
val/1385701/d65d09185d5cabf0cfb32180c7896c1aa5e9be27.jpg,1385701,flower,real,68
train/1385701/9b4dd67d1dcd57af9989ceddc7becd005a90581f.jpg,1385701,flower,real,68
train/1385701/1f539db49a842b3dd6124aed71f018c95c899bfd.jpg,1385701,flower,real,68
train/1385701/690438df94b12ebfb03ac8cc083a268962fec922.jpg,1385701,flower,real,68
train/1385701/10af707461fa9fbf69697a303f5e2b2229d328fd.jpg,1385701,flower,real,68
train/1385701/0f2ad91acaf1e133190f69f0c10f02c8561fc407.jpg,1385701,flower,real,68
train/1385701/6104a2e02473e423983fe3e869a0eab253c6a632.jpg,1385701,flower,real,68
train/1385701/e984a4918cabe289eec170f639f54ad2854591fa.jpg,1385701,flower,real,68
train/1385701/6673b3af432bb7ddc8a95c84576ab9ac87d554f6.jpg,1385701,leaf,real,68
test/1385701/097de5d9c0559a13fcad68facc58de82cd28cd38.jpg,1385701,flower,real,68
train/1385701/b224840706003e6b7bab99997f3c9d158f5560b9.jpg,1385701,leaf,real,68
train/1385701/ac2b28dfadd5be85841db8581c2275cfb016c333.jpg,1385701,flower,real,68
train/1385701/91840dce152ccdc69529e0ba3627ca202a3df45a.jpg,1385701,flower,real,68
val/1385701/89f9637649e735564197ebdd33a59b329305c364.jpg,1385701,flower,real,68
train/1385701/5c5d17f1c49aaea85ec875429a71a6a5a885888f.jpg,1385701,flower,real,68
train/1385701/9812ef857b39633e7145211e4cb2893bc78dda91.jpg,1385701,flower,real,68
train/1385701/9f905918964e1461e6bbbd0e8ccba676fde0fd96.jpg,1385701,flower,real,68
train/1385701/68e4dce85f44e2dcc1a719261fec8fab95f36919.jpg,1385701,flower,real,68
train/1385701/67d27ffe0be9863f5975f15193e195652f3d7ae8.jpg,1385701,flower,real,68
train/1385701/81c3bc5f01d335e95999e3a3b655bf9ed3c34c0f.jpg,1385701,flower,real,68
train/1385701/0c763660a546e077b37744eb3c8b9188510c28bb.jpg,1385701,flower,real,68
train/1385701/ab1d0fc7f1d577445692dde42f12a8a181efe45c.jpg,1385701,flower,real,68
train/1385701/18561478f560e35ed243e47f83e6053508965807.jpg,1385701,flower,real,68
train/1385701/206d64ac3fe467a5705ddf6792622313bc6dc651.jpg,1385701,flower,real,68
test/1385701/aeb5dc2a13397d336332b0d145c38e94868f5eb7.jpg,1385701,flower,real,68
val/1385701/bee863931b361232c8ba4d221605fb4b3b965c28.jpg,1385701,flower,real,68
train/1385701/a29b78fdd6104dcd9abff0b3bb202cc3bf18d5bd.jpg,1385701,flower,real,68
val/1385701/e02b9b2cc0bb5514269c1573502fc8fa044afba7.jpg,1385701,flower,real,68
train/1385701/19178478199305459c1b9282925f4e2d86cc94d4.jpg,1385701,leaf,real,68
train/1385701/c77a71c709d27898865649b632a8d6fd398d882e.jpg,1385701,flower,real,68
train/1385701/f3b99de142c4ef6431afad309f6ccbcb78d4505b.jpg,1385701,flower,real,68
train/1385701/7e0d87dd4b53f44169cedcc1e48f0b6df167ee29.jpg,1385701,flower,real,68
train/1385701/c2f5bcaac6d2fca9bd810aa9cecf1c388f518bde.jpg,1385701,flower,real,68
train/1385701/2a27b627b85b259995596a2545275bf501c4501a.jpg,1385701,flower,real,68
val/1385701/174405888154d27a34fb50508e14fdc8f2e0e47b.jpg,1385701,flower,real,68
train/1385701/17c03b39f8f9e9596d0e40ed4282d3f7b9034038.jpg,1385701,flower,real,68
train/1385701/51881dab1a707fb4caa3623e578c9a05bf1cafe8.jpg,1385701,flower,real,68
train/1385701/ba1876a36e8049ed464cc119e9c83783a32b272b.jpg,1385701,flower,real,68
train/1385701/59656895d80e9a459cab615297e48211cc6a93e2.jpg,1385701,flower,real,68
val/1385701/5ca2c65ea44864c3991713eee2a601d6a6daabb0.jpg,1385701,leaf,real,68
train/1385701/e0317063fa1759ea00c483ea1f9c473d8e9e7c1b.jpg,1385701,flower,real,68
train/1385701/6f8c02daa46a279f6b5a63a28f948b99e74f7bba.jpg,1385701,flower,real,68
train/1385701/2968e293e0424712ea9f7f739a549f17f7d25a09.jpg,1385701,flower,real,68
train/1385701/a1e2dea5f129cb818d7ca75c99ec0c77da0e0b96.jpg,1385701,flower,real,68
val/1385701/3de902db5b913063928d28b7b3934691251e7368.jpg,1385701,flower,real,68
train/1385701/907fc21f2fbe335c2ef0ef971374becda9341e4d.jpg,1385701,flower,real,68
train/1385701/559e525f52a36f0423077aa9c4358fb6019ae00c.jpg,1385701,leaf,real,68
train/1385701/8bbfa6e6804ead70481df14a521695e3ff45832f.jpg,1385701,flower,real,68
val/1385701/0530d70a5a3267b467c3a4ba9b01a4ac2eeacb61.jpg,1385701,flower,real,68
train/1385701/498b582ecdd82280f6cb0c15e38bf36e2036097e.jpg,1385701,flower,real,68
test/1385701/e8fe392255fe72eac7c49102491c9a703377bf1a.jpg,1385701,flower,real,68
train/1385701/fbdb0ed8fe7dfb4267ac16eb6645ea1604edc315.jpg,1385701,flower,real,68
train/1385701/0779683166ccbc3c8b80cebcc2ba7e22f04d1f22.jpg,1385701,flower,real,68
train/1385701/a6ddab983bc8342656b34fd4e24856c223cd5266.jpg,1385701,flower,real,68
test/1385701/85e8293adbde640ba3210c6e17d6629357a4546e.jpg,1385701,flower,real,68
train/1385701/9f6cc61eedca5af73c64266b2324399449bdf1fe.jpg,1385701,flower,real,68
test/1385701/62c64e8b2e800d21159f6d5a1bbfd2fceb36252d.jpg,1385701,flower,real,68
train/1385701/34087aed82675605bba695388ad5cef518690a74.jpg,1385701,leaf,real,68
train/1385701/0fe41437d1203b292670ee2bc3dc91d80712061e.jpg,1385701,flower,real,68
train/1389230/aea8cdd818877d85541d6c947eb03b72c3718f20.jpg,1389230,leaf,real,69
train/1389230/e7fbf7f6a73edfacedf84006c3788c0267b4de31.jpg,1389230,flower,real,69
train/1389230/e43d0354a0249c47a7ab6dd6cfc1d14133fd1394.jpg,1389230,flower,real,69
train/1389230/caf18f397857d8223673a0097cac4b889ab731b9.jpg,1389230,flower,real,69
train/1389230/23c5173c86653e31b54a326959dc3f05268129fd.jpg,1389230,flower,real,69
train/1389230/5cb7ec7916d54dd4c44469636e6d9626ea3efae7.jpg,1389230,flower,real,69
train/1389230/e6adb95e7417b363f37173f4858a9592e3048b87.jpg,1389230,flower,real,69
train/1389230/54b333294484b992a7bf3bf4dc5cc1ab29c43a28.jpg,1389230,flower,real,69
train/1389230/63f27c4310b08ad9adbdde4d65d861f36f3a9c20.jpg,1389230,leaf,real,69
train/1389230/7b1ac4fbc2d5e41dad897c26f1732841fa6a86d9.jpg,1389230,leaf,real,69
train/1389230/0e232145d63e8d4f4b160d16667c31678f36fc56.jpg,1389230,flower,real,69
train/1389230/0638ec16520f78646064089ac28b9fbd9e84e829.jpg,1389230,flower,real,69
train/1389230/b72b0a364915537d348324f4b241513418345f33.jpg,1389230,flower,real,69
train/1389230/c410ee68da10f3440d76d028da490bcdbc56f5c2.jpg,1389230,flower,real,69
train/1389230/622383967d8e5a3cb34880ae6bc0eeeed45987c3.jpg,1389230,leaf,real,69
train/1389230/3f26f2434748ac9acea947df0765c3617a85be26.jpg,1389230,flower,real,69
val/1389230/90b909047ded59b164785939cdbec2d88692fd23.jpg,1389230,flower,real,69
train/1389230/86910e32bfdabf1afaad92f92ec4e7233a2868ce.jpg,1389230,flower,real,69
train/1389230/adf18dcd1afcdfb119825fca3203a0e033206b2a.jpg,1389230,flower,real,69
train/1389230/ac2c72485547b40c77484f3073a9b4c8dcc9f6d7.jpg,1389230,flower,real,69
train/1389230/59b0588185de11c3bd7cace2eb820a8d79b2285d.jpg,1389230,flower,real,69
val/1389230/717095a3797ceaf3bcd06206d12a1cd6cb22f819.jpg,1389230,flower,real,69
train/1389230/24e41716f826647e945bc7105d65532d6302aaa6.jpg,1389230,flower,real,69
test/1389230/3381f8c8ce1e5f299afd8786561e5f9a33e365c6.jpg,1389230,flower,real,69
test/1389230/88466f2891373ed0af205ac37312302b46ad7a11.jpg,1389230,flower,real,69
train/1389230/b01e632d8d3d0f4b5ce0e860a4f12b5aa1a30c7e.jpg,1389230,leaf,real,69
train/1389230/1e173dc2651335dde778293ed7f9a74192c698db.jpg,1389230,flower,real,69
train/1389230/d7d68c5ba335737c008f7cc8e18986bab5afd0e7.jpg,1389230,flower,real,69
train/1389230/23a3f61fe5191b9a4a948aee5a0ec85b9f4578d5.jpg,1389230,flower,real,69
train/1389230/e7a1eef97550328bdbb1b15817ce68a69bfaac21.jpg,1389230,flower,real,69
train/1389230/ffb7f71eadcd8738a07dba404327a995aee5745f.jpg,1389230,flower,real,69
train/1389230/2913d427f9b14623c3d88fef74c3ae670d30f989.jpg,1389230,flower,real,69
train/1389230/e5a696d3f3d9cbdd61e470685a796e3084c5785d.jpg,1389230,flower,real,69
train/1389230/d509ee5cbd10034aeff84e594d699f43a1b93174.jpg,1389230,flower,real,69
train/1389230/f4a39744f99decd2a69bbd133a4ed4b85d01743a.jpg,1389230,flower,real,69
train/1389230/c5893d01a74f529875c80d7dfbc93e70a86b9466.jpg,1389230,flower,real,69
train/1389230/f5a440346786013a38c3966d77cd558fcba495a4.jpg,1389230,flower,real,69
test/1389230/43b6245540632f8ad691f129bd1dac4bef7ae086.jpg,1389230,leaf,real,69
train/1389230/7bf5f92a9036c9cb14369541351d3fe34b9b7c75.jpg,1389230,flower,real,69
train/1389230/532114c05779797431f2e77a22b665023686ddd0.jpg,1389230,flower,real,69
train/1389230/e10159f1f1da856193c41dd909e42eb2f4fa37da.jpg,1389230,flower,real,69
train/1389230/493ab475b634ba5c8cfd59adcffa9b7b7ae9d398.jpg,1389230,flower,real,69
train/1389230/a70f59395bdb4a8198ae06c15683a4d06a5afee0.jpg,1389230,leaf,real,69
train/1389230/ffecaa6b13f09bb18b55d4d1a9a311d7db248618.jpg,1389230,flower,real,69
train/1389230/9a78f8a456b448ccf55b4fafc92e9c2c84675c22.jpg,1389230,leaf,real,69
train/1389230/0fc476c0143e1539fa31baa44560bf9cda246397.jpg,1389230,leaf,real,69
train/1389230/40d127d1949390798b5efe6697ec2a1cb36f8789.jpg,1389230,leaf,real,69
train/1389230/90c5c7cf569418be9addcc8e46b0c50677569dd0.jpg,1389230,leaf,real,69
train/1389230/634c5ec1caf952bfcc812f288030b55972356f80.jpg,1389230,leaf,real,69
train/1389230/8c4d1b4dcd66dcf0638e0a02c3db7f275201aeb0.jpg,1389230,leaf,real,69
val/1389230/9d4535f353d2a964f699d5ea25ab4afb5d491d05.jpg,1389230,leaf,real,69
train/1389230/8d193bf46e523841ce3fbfc2f929d8a82ddc38d8.jpg,1389230,flower,real,69
train/1389230/a057ff8fb398d75e9215d757322da4d22598a5b3.jpg,1389230,flower,real,69
val/1389230/b651cf47dfe829ef51463f88586b54eda89ae1d4.jpg,1389230,flower,real,69
train/1389230/fd99ce82e44298fc6adf539d8136c47620e7e761.jpg,1389230,flower,real,69
train/1389230/83d492fc43051a9c9260a604b541737883b1eeac.jpg,1389230,flower,real,69
test/1389230/c1f461fc4dba2fd8cb644d9191f1fd4091dcc2f4.jpg,1389230,flower,real,69
test/1389230/f3f2a5beb3e0d5d2e89732a22e52d538c7ebf2f9.jpg,1389230,flower,real,69
train/1389230/c21d1c4c160d0f1261dc6d7028bbaa4bc97d2067.jpg,1389230,flower,real,69
train/1389230/7633491fd6c35bb16d9b6c6f573139335dba819a.jpg,1389230,flower,real,69
test/1389230/24a2ee147580ca8cb74cb73e3cd089e8a1183972.jpg,1389230,flower,real,69
train/1389230/6a1650d9cc48870216a51e9d3f7bff6089151661.jpg,1389230,leaf,real,69
val/1389230/49c28d991cd4cb409278a5f589c2ba2debfe5ead.jpg,1389230,leaf,real,69
train/1389230/c88aefeabc733135e578b6189ae4f7d5506433bd.jpg,1389230,leaf,real,69
train/1389230/46618fa5a0de79f42802a0f84569f172d012bc8e.jpg,1389230,flower,real,69
test/1389230/768b4ce343df488b9d9021107c2316c446820d88.jpg,1389230,flower,real,69
train/1389230/171ef03d223c11436e7529da2011181f7eb8bed2.jpg,1389230,flower,real,69
train/1389230/3f0a5c2fb84ef1ea2241c30754dcc69944ddd1c1.jpg,1389230,leaf,real,69
train/1389230/e537a886eb5fde8ca12e7f4a8549ac6a292302c0.jpg,1389230,flower,real,69
val/1389230/85c7303f3294a13f6d6105c23e54c971b24c8766.jpg,1389230,flower,real,69
test/1389230/d564b3803a6fb435ceed812388052a5ab7987ef3.jpg,1389230,flower,real,69
train/1389230/2698768c90f0a5c33eb8f554d343e22e34cc37f8.jpg,1389230,flower,real,69
test/1389230/898d87e071b02139215ca552284568026d0dac5c.jpg,1389230,leaf,real,69
train/1389230/1fc1c3c4452fe4d05aae7ba9a2e73161c5ad8d6a.jpg,1389230,leaf,real,69
train/1389230/596f02c0dd97d2f9150c8cf1813acd3c043a3733.jpg,1389230,leaf,real,69
train/1389230/e8db6411d74ca5786cc05ea40bc8731237ba6879.jpg,1389230,flower,real,69
train/1389230/11ad7e20d95cf0018746828c882c4dca9a02bffc.jpg,1389230,flower,real,69
train/1389230/9d8625eff62e101437678f4a7409dcde5e5c6d88.jpg,1389230,leaf,real,69
train/1389230/e22e0fdbde4b8d965b8fc555e65bbe517edb0b51.jpg,1389230,leaf,real,69
train/1389230/36ff9bb8f7761244ad0e373930effa68248c69b5.jpg,1389230,flower,real,69
train/1389230/194000fbcee7a231b9803ffb06e9dae11473cb2e.jpg,1389230,flower,real,69
train/1389230/7be4b4ebb97dff5c3a180806b6332ef986e6c835.jpg,1389230,leaf,real,69
test/1389230/0b53679ba77d0ad728ef23b7680d963f0ea97b42.jpg,1389230,flower,real,69
val/1389230/e979b56d9de270b60d2575550661b9635262961a.jpg,1389230,flower,real,69
train/1389230/c6e0f5e39ca42b699215f323a0982910618f63ae.jpg,1389230,leaf,real,69
train/1389230/9c1cf6598c14a02d55c106f597d40963a5b4e8b0.jpg,1389230,flower,real,69
test/1389230/386bb534b4715ebdfeaa799571eb78d822a4fcc0.jpg,1389230,flower,real,69
train/1389230/e9fa462a19d52ca53f4cc3954765eb702210aa00.jpg,1389230,flower,real,69
train/1389230/1d20e1be2015f72692a634bc16fcd95572e6602d.jpg,1389230,flower,real,69
train/1389230/b3da4b3f6dacc98581cf541c22484de026ec0dc8.jpg,1389230,flower,real,69
train/1389230/d9958cd33803cb81ed2dfb76007aeba52cc9256e.jpg,1389230,leaf,real,69
test/1389230/4534a5643649104bc2c60e73a00a4742c11278b8.jpg,1389230,flower,real,69
train/1389230/572a0cab34c6037706b5bf8def75b39b395315fe.jpg,1389230,leaf,real,69
train/1389230/b79a9817f0f954f1741d52bd20fb712e8a1a87b3.jpg,1389230,flower,real,69
train/1389230/08a7ec64d0c9eab49dee0d2429510b557f22f5c8.jpg,1389230,flower,real,69
test/1389230/261220c44e4facb8d8bcc22cfdeba598571d464b.jpg,1389230,flower,real,69
train/1389442/d86b17621a3815551ab8745fd8df17aeef1830c4.jpg,1389442,flower,real,70
train/1389442/b5e453d3e7952d937fabab3f939e28b7afd92aba.jpg,1389442,flower,real,70
train/1389442/439b66bee664d37c2cc16dd8433c8f0ad992ef13.jpg,1389442,flower,real,70
train/1389442/1d149168d8008be9f9ff2bf5e7c5a7352c5fa671.jpg,1389442,flower,real,70
train/1389442/c2afbd5eae37ea78b4e89923db479736ffb5a7d2.jpg,1389442,flower,real,70
train/1389442/9e366932e99c5c34cef2bac3f6908de2984cc792.jpg,1389442,flower,real,70
train/1389442/455abd64c293c5448bbaedcf9b0ecc4433401dfa.jpg,1389442,flower,real,70
train/1389442/f3e90e8a0b775abf1e26eac5db4619bb4e1702c2.jpg,1389442,flower,real,70
train/1389442/d43a2c2cbcdf3291d08f0eec03229aef3f331b3e.jpg,1389442,flower,real,70
train/1389442/8132f01be74f9f2722b6bb116d573a4dd1baaa71.jpg,1389442,flower,real,70
train/1389442/f7bb572edd02a5c6222c3541fe3c6a9d6e163787.jpg,1389442,flower,real,70
train/1389442/4554c2aeaca13d2beba508052684ae13d7e255dc.jpg,1389442,flower,real,70
train/1389442/cf672ef58fa2f8c6c1ece2ff40fd72f7b4ee7a53.jpg,1389442,flower,real,70
train/1389442/5853be114c7a511f41449ff88a65a1689aa46ef9.jpg,1389442,flower,real,70
test/1389442/484f182d4594aae52532445f890805ea31a4672b.jpg,1389442,flower,real,70
val/1389442/9f3dddf0560e0ab685a6f1ebd7abbe4dd1d43b2b.jpg,1389442,flower,real,70
train/1389442/d78a4e7d0005057cfb31efcc52a8b7d9247b284d.jpg,1389442,flower,real,70
train/1389442/c6d0e996908eb07acce5f26301be7cf040e959a7.jpg,1389442,flower,real,70
train/1389442/0734a6ee891a75da4ffe878a71ea420b553cb5af.jpg,1389442,flower,real,70
train/1389442/c684f8c84aabe5d8893bac4cc5bbe5217e968adb.jpg,1389442,flower,real,70
train/1389442/f52f608e7b692347c44fd3785dd8a3d13cb1745d.jpg,1389442,flower,real,70
train/1389442/6ac0c5d5fe83a5ccc4395624ef9bc58635a4d91c.jpg,1389442,flower,real,70
test/1389442/b4f82a33d5d2771be176e6a9e362a46a34ce72e0.jpg,1389442,leaf,real,70
train/1389442/9e539d1e0de5024a3b820beb7a8d899669474bbf.jpg,1389442,flower,real,70
train/1389442/7356f9e136d9673831cbb7ba05022f06e13ea46a.jpg,1389442,leaf,real,70
train/1389442/5e57c93bf06e30c8f0eadc3efc1849b82ee0b23e.jpg,1389442,flower,real,70
train/1389442/72d2c9aab7f89b6abbc69f7be8613c7c426520c5.jpg,1389442,flower,real,70
train/1389442/33571052a088c7ab3715e72bb0ddeb742dc514ab.jpg,1389442,flower,real,70
train/1389442/5558cce05a5acd22441e469c9b9082a7ac48cdbf.jpg,1389442,flower,real,70
train/1389442/c1ca142107c702c5782cdb42ba6631717243ec8c.jpg,1389442,flower,real,70
train/1389442/338d96f6c0c771615160c17628f128528e66e971.jpg,1389442,flower,real,70
train/1389442/97f529c77bddcb99f627c7960a7941e58c552ee2.jpg,1389442,flower,real,70
train/1389442/6498d038a150f270d88f49368594155aa8c86eec.jpg,1389442,flower,real,70
train/1389442/5d667d8fe9ba6dacc5293649e71f24db4e52d0c9.jpg,1389442,flower,real,70
train/1389442/f3462a875176b6e677b5f99ed019b18049e461d2.jpg,1389442,flower,real,70
train/1389442/9129a97ca4f5350307a5e0100b415ad26d1340ef.jpg,1389442,flower,real,70
train/1389442/1816cc422e3a95591276e7d8daac6b00e2ef1e0a.jpg,1389442,flower,real,70
train/1389442/2c0fd292979457c82cbd4d776a176ad715a15843.jpg,1389442,flower,real,70
train/1389442/44fc6ea04771b6a8111fb134958db6df620081d5.jpg,1389442,flower,real,70
train/1389442/90ac53ba3dba1054f64d66beb9a2cf662679d6d7.jpg,1389442,flower,real,70
train/1389442/af12097a62c299dee8ef38eebef2aaed28abbc60.jpg,1389442,leaf,real,70
train/1389442/e05aec3a8d0969bdb961b20efee90bf394200a07.jpg,1389442,flower,real,70
train/1389442/74c2f915952d63a54a471eba14a42b8e5c88389e.jpg,1389442,flower,real,70
test/1389442/cc2da9dcb6eb450f85b4ae30c91b40f58c818ba7.jpg,1389442,flower,real,70
train/1389442/124b3aa6248ade0cd303d098c98164c234692200.jpg,1389442,leaf,real,70
train/1389442/5464743004c1636aa238a107816e7d7a913f5989.jpg,1389442,flower,real,70
train/1389442/ccfd81f43a9a175b611216a08a914ff96250695c.jpg,1389442,flower,real,70
train/1389442/3c9bf3dedcc432740a9dc3a88c46f77dff39be0f.jpg,1389442,flower,real,70
train/1389442/87a6686b5456c001eb769403fde1383675b87ce8.jpg,1389442,flower,real,70
test/1389442/19a85f44ae4cdbfb490ab48080f1423c112df35f.jpg,1389442,flower,real,70
train/1389442/ca85abdd03dd5eae28a266bcdccb5b05051ea971.jpg,1389442,leaf,real,70
test/1389442/ac786f5893fafe3381485f4efc16e49cf447d9aa.jpg,1389442,flower,real,70
train/1389442/7426649e5f051da2880915293b5205cb532666cc.jpg,1389442,flower,real,70
train/1389442/0219b5a6b3c36ef89eb1cc80e6d54472b44cddab.jpg,1389442,flower,real,70
train/1389442/65e023c11c1246c57bf1721f48ea154e9f16876e.jpg,1389442,flower,real,70
train/1389442/2e62da74a1b08383f583605f5589788e225e41f2.jpg,1389442,flower,real,70
train/1389442/29ed6fb0aa407ee762cb0de21c62be2e6decd28e.jpg,1389442,flower,real,70
test/1389442/a76a2a9441bb42fc0c0055773dc24137a53713a6.jpg,1389442,flower,real,70
train/1389442/8e5ffda9695cdaaf3bd26821d0f1a8ea7d17105b.jpg,1389442,flower,real,70
train/1389442/8a4f6d9b367d14ade04edde59295f3cbd5de2434.jpg,1389442,flower,real,70
test/1389442/60f2b35b242ea8615ab10212fd5419c19ab1fb14.jpg,1389442,leaf,real,70
train/1389442/a12bac2804a681fbdde7e0f03b4c8b14545d1b25.jpg,1389442,flower,real,70
train/1389442/58b3e18b7eb9e7b5d6390f74b97a846f1fbe0b07.jpg,1389442,flower,real,70
val/1389442/d15bf94d60ccc75fa2f7c4044ebbb39a2685b772.jpg,1389442,flower,real,70
train/1389442/7ca4d083e31a3b881b59f3dea16b96f7debba728.jpg,1389442,flower,real,70
train/1389442/6e9ce02a84a2e82b4bc4b31cbe815ede4ff1a2fc.jpg,1389442,flower,real,70
train/1389442/3a3950e2b29ecdccb29fd30f69ae433fe7b61f90.jpg,1389442,leaf,real,70
train/1389442/3ef9a39a238b200886ea79ceffc9e0db98acf441.jpg,1389442,flower,real,70
train/1389442/422ce33e503847f7b1c5b014348d9efa3c8d329f.jpg,1389442,flower,real,70
test/1389442/48333ab54e15cd1897b232aea21a9d4ff2f2f48d.jpg,1389442,flower,real,70
train/1389442/67a921fd77e7286faae7d78b019db6e9c9568e48.jpg,1389442,flower,real,70
train/1389442/846b5451c1cda1f098c2d9a0d0f4e827d22c8162.jpg,1389442,flower,real,70
train/1389442/3e1adbed7e8c2657c40e7d4d1e365486d9f0198b.jpg,1389442,flower,real,70
train/1389442/ee608935b78247f94ba0749f730f44d671f7bf72.jpg,1389442,flower,real,70
train/1389442/05a91411c0225c9f64f66b4c2eef3527d9d4fab2.jpg,1389442,flower,real,70
val/1389442/14db2ae7b17fe575bb377ebea0696a6112ae6df5.jpg,1389442,flower,real,70
train/1389442/dcc3f15fc5365f56b5a890f60e4da6d1847cb187.jpg,1389442,flower,real,70
train/1389442/5ef17be27854c996802f4c1f7faa173a571f0dc8.jpg,1389442,flower,real,70
val/1389442/c12be6a011c30dfc7efbd9fdd8c420823c4e9244.jpg,1389442,flower,real,70
train/1389442/5185a4f7730ee12897bf75d3eb6c2d357a5e4dae.jpg,1389442,flower,real,70
train/1389442/84d387482183a01bc86777bd4c2e2d1e4c5d0ae0.jpg,1389442,flower,real,70
train/1389442/d8550223d64115bd1643b35e12cc563dc86278bc.jpg,1389442,flower,real,70
train/1389442/3461324c23bee0e8298cc704443391e276837fca.jpg,1389442,flower,real,70
train/1389442/a4ac6e1bd62b2dae059afb2cafa053ed6cbe5ae9.jpg,1389442,flower,real,70
val/1389442/8524b5f18bc5d33626b3b87c717814e354d4c72d.jpg,1389442,flower,real,70
val/1389442/786d1dfa77e80149a0a647f6d1f9ee7e6906c3f3.jpg,1389442,flower,real,70
train/1389442/d4d8da9acd02aacdc6aef9aa9cd9f6d3131a64c5.jpg,1389442,flower,real,70
train/1389442/26b2f14f8b55ace5240339de53cc7c08399b5a40.jpg,1389442,flower,real,70
train/1389442/36557d6544ed4ea3007ec52ffac059667bd9bb11.jpg,1389442,flower,real,70
train/1389442/8f33754f941d12b4a4eaa6d649f8f3fbe0c05b79.jpg,1389442,flower,real,70
val/1389492/9f8aab866e1dd68cdc0764e3e0d4b2a0cc66332f.jpg,1389492,flower,real,71
train/1389492/2d3be937ff0bcfda8ad5b50c3da5f53d5fe111a0.jpg,1389492,flower,real,71
train/1389492/2a8d19a8b07e99bf6f1eb901f4161a4e7a2bf779.jpg,1389492,flower,real,71
train/1389492/816505f9bd8851c0e7024f54206f84bb1aa7dd37.jpg,1389492,flower,real,71
train/1389492/e0f49cdcfe5c28d117bf9ce8e41645cb80c3395f.jpg,1389492,flower,real,71
train/1389492/331789012f659cb943c6264dbf5f2137ead62519.jpg,1389492,leaf,real,71
train/1389492/f0b7a6643c67f5420ebd7c619e9f5e55a042e575.jpg,1389492,flower,real,71
train/1389492/3f978ddee9386250318a1f71cb5698022fbc879c.jpg,1389492,flower,real,71
train/1389492/0deff892f684ebd0c0e21259be09d905aa860648.jpg,1389492,flower,real,71
val/1389492/6fcea8386409f28f4ede3583aac5e5df153c8df0.jpg,1389492,leaf,real,71
train/1389492/81fa246c08c4258b6e222b57ad61ac7310f177f5.jpg,1389492,flower,real,71
train/1389492/f47d76980b50644afc2fb08e13e65e263e145410.jpg,1389492,flower,real,71
train/1389492/dc3541d58893d8097cccae0998ba2f5a15d96421.jpg,1389492,flower,real,71
train/1389492/9503aae00b21acbe6c5484388978b546c4a9cb73.jpg,1389492,leaf,real,71
train/1389492/7e6a19975b4f1bb4cfc76acce434b4a40add6259.jpg,1389492,flower,real,71
train/1389492/f762b4d633b45367f7040e8d8a305bd00eba7256.jpg,1389492,leaf,real,71
train/1389492/f802df6e164cfcf4cab09bce370d97c7ea48901b.jpg,1389492,leaf,real,71
train/1389492/05e136d3d2379ec5a3e974f0e427663627ff2e41.jpg,1389492,flower,real,71
val/1389492/35018409a283c29ffd86d2859e5ea58c48cd6ba0.jpg,1389492,leaf,real,71
train/1389492/617cfc671bd57445cd63f2d82fad688d8f46842e.jpg,1389492,flower,real,71
train/1389492/6fe6f113fa843c5925eb80203bf8928c0214042f.jpg,1389492,flower,real,71
train/1389492/b4f320a43d9d869eed486a44cb6f736d6a01658c.jpg,1389492,flower,real,71
train/1389492/6f8a953f2839a5e395c559ea6756dade468cedfc.jpg,1389492,flower,real,71
train/1389492/85b9d1ebd2dffe428dea930b12aa066fd5c94c4a.jpg,1389492,flower,real,71
test/1389492/1b9c4d9370cf96684d1f96b5bc5519d26cf068d7.jpg,1389492,flower,real,71
train/1389492/64fca97397a529f77cad3509dc4c897c48727043.jpg,1389492,flower,real,71
train/1389492/a33a823deff270788f240b456371d797ef6e78f7.jpg,1389492,flower,real,71
test/1389492/4e8f64674cf35b20f9c1e3dd123a73ebab1e46b9.jpg,1389492,flower,real,71
train/1389492/38b81464e045cc3a38ae2943fd2f63fbe81519c1.jpg,1389492,flower,real,71
train/1389492/57af3961636159193beeac3fc7b4a1c2b84f3483.jpg,1389492,flower,real,71
train/1389492/45fa177016434912bbe743b75146a85543a42935.jpg,1389492,flower,real,71
train/1389492/99be1cde0a8f79e33a9214136507e9c1d5186f30.jpg,1389492,flower,real,71
train/1389492/66a0558f9cb27689e238dfb911616463ba0e1288.jpg,1389492,flower,real,71
train/1389492/820b16ef53c97a0c2adbee549987fee97ac199fe.jpg,1389492,flower,real,71
train/1389492/fa74516b4ed63ee2a9161305b5487170c04a7435.jpg,1389492,flower,real,71
train/1389492/73812d9ccbcca52de574cf032c7034e6d9f60f75.jpg,1389492,flower,real,71
train/1389492/351d37da8e3537b83f2cfe9b9e88097cfbe7f66e.jpg,1389492,flower,real,71
train/1389492/33a6fb0d1dd7074652e95219f7be901dec58f34d.jpg,1389492,flower,real,71
train/1389492/3a390a7fd5b29514df401c34735de9ce822e40a5.jpg,1389492,flower,real,71
train/1389492/f13bca0a6c9083b881f98af6d303edde408009c8.jpg,1389492,flower,real,71
train/1389492/dad6ff46c5e1ecae52dc0ce87795d279d8e08aec.jpg,1389492,flower,real,71
train/1389492/6e826b3d53f3de7b35eb9c6ae4109a25a27f5e33.jpg,1389492,flower,real,71
train/1389492/9c725a0b051adcdeed9baeece15bc5691a6d800f.jpg,1389492,flower,real,71
test/1389492/55310cd38955d81153edb446b6b1a3dd48f162a1.jpg,1389492,flower,real,71
train/1389492/d25a2a856ef6ccaa870e5878dc4c0db76953e24b.jpg,1389492,flower,real,71
train/1389492/b7ffc68b2ddece76a766e208384276c1cb95ce43.jpg,1389492,flower,real,71
train/1389492/565fcb7f7ff3ce10fe51719c21325d3fec6bfff0.jpg,1389492,flower,real,71
train/1389492/54faceefd2758a4207c4db42257ed3afdf4c975c.jpg,1389492,leaf,real,71
train/1389492/24ce6787160d2c0a66c850af32de05e924ce6213.jpg,1389492,flower,real,71
train/1389492/76e4edd8e00fadcce04d7a89b3ac31ad5941a734.jpg,1389492,flower,real,71
train/1389492/0e757790f59b73b4f98810cfb0d09a9e69770e9d.jpg,1389492,flower,real,71
train/1389553/52814d53e0eb5866184fb51b231f703c35279e34.jpg,1389553,leaf,real,72
train/1389553/d51631e623d7988bd8dd168925259efad6ad8f43.jpg,1389553,leaf,real,72
train/1389553/1e5b69693ff4cbb95fa0ed346f7f2e2e86339ac5.jpg,1389553,leaf,real,72
train/1389553/1e093909284871524ee808e5540c11f27b6521e1.jpg,1389553,leaf,real,72
val/1389553/6c10b09ea2201605a013114ee622e1ade4703f6c.jpg,1389553,leaf,real,72
test/1389553/408744e19e1d8cd8826ebe53e519ca59292e7170.jpg,1389553,leaf,real,72
val/1389553/227235e0abbf201718bec68a53d763dabc2e6678.jpg,1389553,leaf,real,72
train/1389553/c485f23188b830cd99fab48945c64a2348254158.jpg,1389553,leaf,real,72
train/1389553/c9d4f624c083db7e3ec270e64fd2e7a096eb2471.jpg,1389553,leaf,real,72
train/1389553/a2c9d71d99febd68c39c9dde7773c2beef14b0bd.jpg,1389553,leaf,real,72
train/1389553/84056e9d02fe473f253c687c9a5336c16da6b595.jpg,1389553,leaf,real,72
train/1389553/520e6a2fbf750b53ed0017c3faf7c218355c89d6.jpg,1389553,leaf,real,72
train/1389553/c0dd5dd5ad37226869df90c77c9973ddeb2b5ae6.jpg,1389553,leaf,real,72
train/1389553/6cd22e32376ff330a64798edacf83d40f776c77a.jpg,1389553,leaf,real,72
train/1389553/5df49f8b7f86eb5aae7efaca4c5c12870471b328.jpg,1389553,leaf,real,72
train/1389553/66c1bccd37821f1bd2d912959d9391ea0a7b1082.jpg,1389553,leaf,real,72
train/1389553/0a6c35a25c9ccfa16ebee7e75006facb0dcee8a7.jpg,1389553,leaf,real,72
train/1389553/01c8c14881bcee6deb011473c84fdfd26b6c6c80.jpg,1389553,leaf,real,72
train/1389553/84ed5c884fe911872e2757baa12c47de210ff328.jpg,1389553,flower,real,72
train/1389553/b2d1864340e9298d6df9140d25c326b9d1498196.jpg,1389553,flower,real,72
train/1389553/8883f0d086e23c4aabb61d5d7b1c4395f8bd86ff.jpg,1389553,leaf,real,72
train/1389553/85a92844c156a01e4f6879959f1a1e93eb5aeaaf.jpg,1389553,leaf,real,72
train/1389553/00f500a01b19c659d4be53aa78f0883711342348.jpg,1389553,leaf,real,72
train/1389553/60313c6e16974f187fb864ae998580f6bae8bf2b.jpg,1389553,leaf,real,72
train/1389553/fc16cfa45d3a6e6620861219d00da7e2a19e2ff5.jpg,1389553,flower,real,72
train/1389553/36eaa75852f37a872cf9a30a6f26b508a0ca455e.jpg,1389553,leaf,real,72
val/1389553/03e85cb42ae08590be6e3bf16dd0ca61de1afa2f.jpg,1389553,flower,real,72
train/1389553/90c38b7fc330f0c0d9704a9ae4c762d4f3f355c3.jpg,1389553,leaf,real,72
train/1389553/fdb38850b55af7b679d164cb29169a471758af60.jpg,1389553,leaf,real,72
train/1389553/59007e840ef43f015485d8ce2514c1d853edeaef.jpg,1389553,leaf,real,72
val/1389553/419f9512cf443b2a6d14507334ae46f253675ae5.jpg,1389553,leaf,real,72
train/1389553/6280e6f49b6f66fc8c6dab0f58610f2c02a15703.jpg,1389553,leaf,real,72
train/1389553/1e2a3b5f7d46c7546436185b0561bc0b858c7674.jpg,1389553,leaf,real,72
train/1389553/ad70a331444b69fb347af4764964cf0db117ddc5.jpg,1389553,leaf,real,72
train/1389553/0d9d11be6584c1deda8517fad02348840048038b.jpg,1389553,leaf,real,72
train/1389553/7280e19629ebc8918b608ef9b82bc92683eb9514.jpg,1389553,flower,real,72
test/1389553/0009749acb65de8a05d755043bed8d9701995321.jpg,1389553,leaf,real,72
train/1389553/3c153c4728660ddf20fe490874e916e0d07cb151.jpg,1389553,leaf,real,72
test/1389553/7481fdc74c8b8b091139ffa9b9131ad92c788206.jpg,1389553,leaf,real,72
test/1389553/7ab98f6d5be6a5376ce6df32ca8e5cb8b8170280.jpg,1389553,leaf,real,72
train/1389553/3bcb61e9680968921846f7b04b7b498c74853ad8.jpg,1389553,leaf,real,72
train/1389553/4898baf950e59da6c453e7bab320f6d5d90bd284.jpg,1389553,leaf,real,72
test/1389553/730663a824f992302be35f95546321e6e7d58a30.jpg,1389553,leaf,real,72
train/1389553/e49672d6dafbaef0bed910ee35260be412b26420.jpg,1389553,leaf,real,72
val/1389553/3e61651df1909b9d36d2063754f89c0d1d0304dd.jpg,1389553,leaf,real,72
test/1389553/c381056f503fdfd229a1b8cddaf4a9b264699c16.jpg,1389553,leaf,real,72
train/1389553/329c6a115c931099fdef1e0bdc83b0961a9928d8.jpg,1389553,flower,real,72
train/1389553/92a9b57e91e845c05f56cf660de4548568bb6c01.jpg,1389553,leaf,real,72
train/1389553/5586c94fecb2277ef4853b8090553630e035a5d2.jpg,1389553,leaf,real,72
train/1389553/ed45815d1d7e27a8523bb3aee431150bd0d654f0.jpg,1389553,leaf,real,72
train/1389553/be5b7d85b8f854e1fe0a4407cba6c4207d7b6cfa.jpg,1389553,leaf,real,72
train/1389553/c118212df8ab1c7db082d1a987d44ce1866c7426.jpg,1389553,leaf,real,72
train/1389553/8fe97016da5ab1ed88942d600796a6fe95c6f61e.jpg,1389553,leaf,real,72
train/1389553/037c346294e535da96b82b9adda52e4a413ef8bc.jpg,1389553,leaf,real,72
train/1389567/15437976789066416a15cac970b35b067bb17a6c.jpg,1389567,flower,real,73
train/1389567/eb6a033f7e927b823fd67be1144644cf2703d06e.jpg,1389567,flower,real,73
train/1389567/437a711edf1bfa7e7ab46a02f4a6916be052d4c2.jpg,1389567,leaf,real,73
train/1389567/f3a63aa92d453ba6604335646613adf68a52ee62.jpg,1389567,flower,real,73
train/1389567/c40586344944adf91c72b4abbcac781f3a148346.jpg,1389567,flower,real,73
train/1389567/64996b873eebda312be387c628450eb5765405a8.jpg,1389567,leaf,real,73
val/1389567/31e3e15de6257ad65e5138f0771b22026593063f.jpg,1389567,leaf,real,73
test/1389567/70d762e23ad57579d4cf3a145ccbab3b96b3253d.jpg,1389567,flower,real,73
train/1389567/bd4c782ea936757368c3e304150b38742070d0ae.jpg,1389567,flower,real,73
train/1389567/6e71eb520cd9235aa2a0c077c1711ac992bcc362.jpg,1389567,leaf,real,73
train/1389567/0cd490590758ec043691485941afe089a4d8bd30.jpg,1389567,leaf,real,73
train/1389567/6dee64a9768eb040de35e891bd242daf8ce9a5c6.jpg,1389567,flower,real,73
train/1389567/e3a746fbfa599527b24177960bd723a2c1a25ec7.jpg,1389567,flower,real,73
train/1389567/2b3596890822f947320425d4565865a43f34da41.jpg,1389567,flower,real,73
train/1389567/5a4c1e208b4e87d287734659dcf4d6365dc76f49.jpg,1389567,flower,real,73
train/1389567/a20d80d5ae45e41518b8baf023df1cf58184de73.jpg,1389567,flower,real,73
test/1389567/97de0c09e966a30bb32735e048ede6d832ca454a.jpg,1389567,leaf,real,73
train/1389567/3ccf3059dadcdeaa4d8a780eb79780ee6898ceff.jpg,1389567,leaf,real,73
train/1389567/681aafc2501779698903ebef4c33ae04ec82da1f.jpg,1389567,leaf,real,73
test/1389567/22fd110b3e8b2e23284f458889166d7eb082305a.jpg,1389567,leaf,real,73
test/1389567/6b334d8368c13c726c01b7d977ebc203a2ac706f.jpg,1389567,flower,real,73
train/1389567/a075c654e55dbbc83d89f82f27a9c641aab91039.jpg,1389567,flower,real,73
train/1389567/0e07531c4f4ad02380594dfa3bf4f798340a33f2.jpg,1389567,leaf,real,73
train/1389567/00e1f2b6b33cdd580a47a71ac0d606b0016a8a4f.jpg,1389567,flower,real,73
train/1389567/da8ed67859dfe19fa2622e35ead16bc54ba9d3ae.jpg,1389567,flower,real,73
train/1389567/649aea7fd8c6290deac568ca3abd4bed11ae4db6.jpg,1389567,leaf,real,73
val/1389567/5bb49f49417c0a06c8b23db7623f29146b42aee9.jpg,1389567,flower,real,73
train/1389567/ee031ad9a3e5b1e6d7c2636734e62f1224d60611.jpg,1389567,flower,real,73
train/1389567/03d4bc9aa787a35897210e61526b2cfbd38698a7.jpg,1389567,flower,real,73
train/1389567/5837a28b7acf1a230952d1ded7c50c7cf47a1daf.jpg,1389567,flower,real,73
test/1389567/9d759267276da581b542764a55cc352ac3de2752.jpg,1389567,flower,real,73
val/1389567/6a56ebd70003437ae30f2ab3da5dcaf0c690f4d1.jpg,1389567,leaf,real,73
train/1389567/d46f8f86511ef446402f8bd66c860bc91e4a6f61.jpg,1389567,flower,real,73
train/1389567/42613bc03bed9d05c4f083cbfb393996d592cff8.jpg,1389567,flower,real,73
train/1389567/c055082f2806c7597b07044bb8aa933893a6e175.jpg,1389567,flower,real,73
test/1389567/cdf400036371b680eb9024167cc4802136e3675c.jpg,1389567,flower,real,73
val/1389567/d18581eb0820d82211d6190451dd625a139181cc.jpg,1389567,flower,real,73
train/1389630/2537243c106f04c87bf7e23baa9f634689ab9171.jpg,1389630,flower,real,74
val/1389630/e8832baf7a478c8c2139e1856bdd28ce9db442aa.jpg,1389630,leaf,real,74
test/1389630/465cdca4f82524a64bc569165b1cdbafddf55a71.jpg,1389630,flower,real,74
train/1389630/1987129632320bb94cb212edbe6998bdea16e23a.jpg,1389630,leaf,real,74
train/1389630/e1e4f0db88d574bdf1f88cf6dbc74b7a496f48d9.jpg,1389630,flower,real,74
train/1389630/51774787b9bf1ad00577f3e45655491aed52dcb3.jpg,1389630,flower,real,74
train/1389630/6d3efae63219ba015f00ac0f490d3640d8a44105.jpg,1389630,flower,real,74
test/1389630/f0379b5032820bd49c1ed40c07ddba9bde670df2.jpg,1389630,flower,real,74
train/1389630/095964b5917244e16c5c522421867141d6e452a2.jpg,1389630,flower,real,74
test/1389630/8bbd7e1e19ef28a7d680e5a33add7763c62dc04b.jpg,1389630,flower,real,74
train/1389630/29b71f8d0fc44c65f203ef6c0b90f79bdc23c6f3.jpg,1389630,leaf,real,74
train/1389630/a1ee954c4cac3ae59c8deec6c33c670cba3e946d.jpg,1389630,flower,real,74
train/1389630/3df339599b3efb632be6a44f934e9e4e74839de5.jpg,1389630,flower,real,74
train/1389630/395bfe93c4449c38a02a0068e4b2d8c8c37e55d3.jpg,1389630,leaf,real,74
train/1389630/0b431cf004077bb009110be3adcc88949bce8809.jpg,1389630,leaf,real,74
train/1389630/472dce114aab370c467c6c8771d2e9727f30a228.jpg,1389630,flower,real,74
train/1389630/141d2b1bac0537babee7c1b4994d903c64fd4286.jpg,1389630,flower,real,74
train/1389630/4dcfd8319e6fcd1bce05fae37538267ca453805d.jpg,1389630,flower,real,74
train/1389630/6bafdc9dbabfc3cb56ae580754ad2f7bcc285e92.jpg,1389630,flower,real,74
val/1389630/9a1e8b5c73a70a49801f83509e2def2328211239.jpg,1389630,flower,real,74
val/1389630/5b11187510ec1c428a6a2ffd8eb74d06efdbfac5.jpg,1389630,flower,real,74
train/1389630/97ae6a6d1d769d6d42060c4d2ab956a2024f24ca.jpg,1389630,flower,real,74
train/1389630/0c29cf6c8c2437bc13fd22b593f9a0d912766dd3.jpg,1389630,flower,real,74
train/1389630/4897fc4ab5d1b196b2e0d5a83cddfb48f858c3c8.jpg,1389630,flower,real,74
train/1389630/c3a8f60e59f001ce42f40df8d4543afd3f914679.jpg,1389630,flower,real,74
train/1389630/2197cd4fa6f7f88c74555ae6865e62a3ddde1ae4.jpg,1389630,flower,real,74
train/1389630/26b12de0cba0ae5022533dc77835e5335f55894d.jpg,1389630,flower,real,74
train/1389630/028661623eff0f6ba03e035bbb752763b1aabd18.jpg,1389630,flower,real,74
train/1389630/ca8db44cce8d752fe743599166982db89331b6b1.jpg,1389630,flower,real,74
train/1389630/c1233cbf9e071e9ed11e770fd5518d90d871ba48.jpg,1389630,leaf,real,74
train/1389630/f74547831eed6657dfa16cee10190cc485da28ff.jpg,1389630,leaf,real,74
test/1389630/b41dbd0e7561b57300599127d41956c36acc7f87.jpg,1389630,flower,real,74
train/1389630/a8fad989fb9a2fdee5b99cf5b98f1a389777c5fb.jpg,1389630,flower,real,74
train/1389630/f9d808e52210959b7f751cbf9273cc53645c2b73.jpg,1389630,leaf,real,74
train/1389630/5364adef23a3b3717ee83ac93ea85f02182429f5.jpg,1389630,flower,real,74
val/1389630/dbac765f68543a93336dd03476075d806dbef8f4.jpg,1389630,flower,real,74
train/1389630/ff88126bfd6d72b7c7fd78908afdaf44a8e73f82.jpg,1389630,flower,real,74
train/1389630/9ca40655b0dc15554ec2a2bf1d61a0fd3e6aff19.jpg,1389630,leaf,real,74
train/1389630/052cd850cc706cfdf1605f9353bf5dd2c1b6c270.jpg,1389630,flower,real,74
train/1389630/06a9590ab5049c1de35c5eddde70a2b7ed5164c5.jpg,1389630,flower,real,74
train/1389630/0025cdc50f177ab11b46c4440755ba74ce7b45e6.jpg,1389630,flower,real,74
train/1389630/d7c40cb2a7d9deea85b00ce8c00f1e10259cc1da.jpg,1389630,flower,real,74
train/1389630/67cd9392b9b8726d18931447a13a728d8abae591.jpg,1389630,leaf,real,74
train/1389630/d826969029b9da79ff7338d657290297ec0ca413.jpg,1389630,flower,real,74
train/1389630/3f16d1fe289a563db7171e2ccc975b996df4654e.jpg,1389630,flower,real,74
train/1389630/eb005af3cdfd8f9f1b9fcea4818be23d25422083.jpg,1389630,flower,real,74
train/1389630/40a511cc3326f2c62f608eff4df39b44bc5a1a8c.jpg,1389630,flower,real,74
test/1389630/501edfb101b82a8400f8bde5218556216e692597.jpg,1389630,flower,real,74
train/1389630/1561f221075122bfb2346882c4c272a6ed3d0af7.jpg,1389630,flower,real,74
train/1389630/8d856fee5b20b5f0a3181fc918744d9949692c30.jpg,1389630,leaf,real,74
val/1389630/858d1eedc01586673513c9c51dbbe894363542e8.jpg,1389630,leaf,real,74
train/1389630/e8ad8594ca509429ecd7f64fa910bf06124a4539.jpg,1389630,leaf,real,74
test/1389630/3db7c3e963bb460e5b721e8adff6dea261c86670.jpg,1389630,flower,real,74
train/1389630/f37b3926e5cdc36fae9192452a527d14342ea660.jpg,1389630,flower,real,74
train/1389630/344a920e276fdf19b91e4b4bc0ed75a18203f857.jpg,1389630,flower,real,74
train/1389630/defba5008eb8de7176e6e9856a1c0bd7337e910c.jpg,1389630,flower,real,74
test/1389630/7649b73f4f13fcc206e7fc541ff5efbffbb8e61a.jpg,1389630,flower,real,74
train/1389630/c4e5ba068d64369fb0b673a25e8c85cd28956c36.jpg,1389630,flower,real,74
train/1389966/f0598edf37fe678f030142469933e4615a4622de.jpg,1389966,leaf,real,75
val/1389966/b97c9fd2365c2ed7ed500cdf58463b4c7187b475.jpg,1389966,flower,real,75
train/1389966/d0bcb5ac34ae168eb6b820c274b7f3f1b3af0d6a.jpg,1389966,flower,real,75
test/1389966/db9db40c738ec33aaaa8db48a7c7f3536ba5ea5f.jpg,1389966,flower,real,75
train/1389966/df4fe0f68cde7578b44a9938b6b82c7ada2a450f.jpg,1389966,flower,real,75
train/1389966/072f1db0fa0cd459d942e36a7ed4aef5afa1a7df.jpg,1389966,flower,real,75
train/1389966/e00e0bb43408db7791a41e2ef0ef236d23aad15f.jpg,1389966,flower,real,75
train/1389966/15f228e6d3b7f2573e51a45fcd78c4fb1aa1d07b.jpg,1389966,flower,real,75
train/1389966/075c6ebb8283a1f573a28fbaedcdb04aa1ac1576.jpg,1389966,flower,real,75
train/1389966/7caf649ac3ddd031df015c824e539cef8722565b.jpg,1389966,flower,real,75
train/1389966/1bbc9eaa6e326232bf6b8ddf122a617cd039546e.jpg,1389966,leaf,real,75
train/1389966/d36527dac352371495b8d53b1f2f03cbd7ceff9c.jpg,1389966,leaf,real,75
train/1389966/92ea251fb54cdefc3c33f22d3e48c2661147dc9a.jpg,1389966,flower,real,75
train/1389966/cc699475d20c2f1defd520255b8e9abf81b9ce27.jpg,1389966,leaf,real,75
val/1389966/269ac75d510a6aa1d53950186576c0035f58855d.jpg,1389966,flower,real,75
train/1389966/9ab8866c9171b228f6ce6a6d841c09a49f16995e.jpg,1389966,flower,real,75
train/1389966/a12a662a070210ce063984eff6a586396a96fecc.jpg,1389966,flower,real,75
train/1389966/117db581b05488f5653d25591851e45953eee651.jpg,1389966,leaf,real,75
train/1389966/eb0ac8d27cc9220f881844e1ac563b33bea8c96c.jpg,1389966,flower,real,75
train/1389966/1717351945b04821aefe34a999424f62bcd07a70.jpg,1389966,leaf,real,75
test/1389966/1e4f01c894d124ef880900ec961dc5a18d818d5c.jpg,1389966,flower,real,75
train/1389966/ff01ede5ce98ef85e3d0cd18d53007bd29d4af02.jpg,1389966,flower,real,75
test/1389966/98592d4959f5793fb671bfac6d43c7eb37a43141.jpg,1389966,flower,real,75
train/1389966/a0bc992efb8470b1f14f3a2318060417ac136542.jpg,1389966,flower,real,75
train/1389966/9f823bf0179c66153200f1b3c71c71ec20eb56c8.jpg,1389966,flower,real,75
train/1389966/921c70b72aac96425082ec65dd89de9767122a4e.jpg,1389966,flower,real,75
train/1389966/0968c0c620691d35542acd9fac95ecfed0e266f4.jpg,1389966,flower,real,75
val/1389966/cd1cb960d23eda9cce63ee32014d255635bdfc55.jpg,1389966,leaf,real,75
train/1389966/0740453610e4aac796d46796b109151c988cc7c5.jpg,1389966,flower,real,75
test/1389966/ba3b71529b1807034f8887794c41eced906cf454.jpg,1389966,flower,real,75
train/1389966/602d9c44728a02eb54bdaab8fd14353a41cc5092.jpg,1389966,flower,real,75
test/1389966/89cd6574816620fa176dee670220c8bec27bdeaa.jpg,1389966,leaf,real,75
train/1389966/d86c4ee591ab1f1dbc29fa3c5cf70a296d0e7f8b.jpg,1389966,flower,real,75
test/1389966/52c0a55ef387b6ca8b8e8ac4ef79c4db764123d8.jpg,1389966,flower,real,75
train/1389966/85a271b2471b29869a5798d5c4f2afadd0b3601e.jpg,1389966,flower,real,75
train/1389966/2c565dc44bf367c3db520adc93564058d9fae869.jpg,1389966,flower,real,75
train/1391110/9c636ad73c74332daafd37cc5ad3621b9f8ee383.jpg,1391110,flower,real,76
train/1391110/639fcbe5b5eced6ba469c8cb1c05af6fb19303d1.jpg,1391110,flower,real,76
train/1391110/4aa5381f089f934f0089b5730211308ae21355a6.jpg,1391110,flower,real,76
train/1391110/ca9f83f85dd4c0c4e70b8f3e5030c909f252da5c.jpg,1391110,leaf,real,76
train/1391110/c0ccfa83e506021312a4b2a96a79ed1796754984.jpg,1391110,flower,real,76
test/1391110/f27182544c912ed274d1b93c08a97871fe10e2f9.jpg,1391110,leaf,real,76
train/1391110/62908ba09edcf050786d70d03545c80d00e1606e.jpg,1391110,leaf,real,76
train/1391110/a2b9f2e6d0df12cc4babf56f546ddd06cdff1adf.jpg,1391110,leaf,real,76
train/1391110/c7d0cedf660303ab05bd3eeec054b7cf37b29996.jpg,1391110,leaf,real,76
train/1391110/11ccc422d5163ede2a65397a15699362dfb42aed.jpg,1391110,flower,real,76
train/1391110/4ce81a3c901c0703d9cea346f8485aa5b0bb70cb.jpg,1391110,flower,real,76
train/1391110/c16ef539e7c5c4e49e2c6f4d8c30d245efebfd46.jpg,1391110,flower,real,76
train/1391110/26a9753c015e4c0e17fdc32ad865cee59d73df9b.jpg,1391110,flower,real,76
train/1391110/fb382bd5b5c508a39bd5e6405de6acef1b454777.jpg,1391110,flower,real,76
train/1391110/1d2d2ecd9270cbf454fc5767e8fc79bae07f5b8f.jpg,1391110,leaf,real,76
train/1391110/e35127e723e81a49ba5e1e78be10d54b6a82f8b9.jpg,1391110,flower,real,76
val/1391110/a53a1c426202f54d4f1904e912619c763116affc.jpg,1391110,flower,real,76
train/1391110/ddfd438c6963a338f811937d8b66fb5eaaf310f6.jpg,1391110,flower,real,76
train/1391110/fe0cb9189e9ad85d546cccf09b43df98aa0813c6.jpg,1391110,leaf,real,76
train/1391110/19648b2adaa219edf08e2c096d2cafbbcb5b97f0.jpg,1391110,leaf,real,76
train/1391110/e1bc0a3319313874c5c506e1c57715566a2e33a2.jpg,1391110,flower,real,76
train/1391110/82a986c5ec0178dbaf3a61d9bd39d4db2811b460.jpg,1391110,leaf,real,76
train/1391110/4b9d77183ddbf15cb58193a4a143226a06e1923c.jpg,1391110,flower,real,76
val/1391110/4be4a5f483649bd684cbe83366676fb738a6b4a0.jpg,1391110,flower,real,76
train/1391110/7986c0d9d2abec95a82b27c91264727d2a7141a6.jpg,1391110,flower,real,76
val/1391110/1ee79b61a2a1f94511450096b23caada16d5e51f.jpg,1391110,flower,real,76
train/1391110/3a9447cd62815facf387c21387f7bf1ea4327dda.jpg,1391110,leaf,real,76
train/1391110/96edd1cdab70fe9077472d02ff893679aaae1b72.jpg,1391110,flower,real,76
test/1391110/36a1894f8df9f960912aac5e81e319ad41edb3ca.jpg,1391110,leaf,real,76
train/1391110/86a3f44b2eb53ffade0cffba084623ef00c9622d.jpg,1391110,flower,real,76
train/1391110/acdca50678ba63fd786ad935cbd64c488e5d482e.jpg,1391110,flower,real,76
train/1391110/8587a4a7fe10a8142bd02e4afff1e9ba67373669.jpg,1391110,leaf,real,76
train/1391110/0a72c8d19268adfe1ae932cb9a1037c3f3350e8f.jpg,1391110,flower,real,76
train/1391110/e82d560e3b56b3ed2a13e61d2f8be6109c6f6782.jpg,1391110,leaf,real,76
train/1391110/f8112f62580c429c047dbdef956a2fe8f2e7eca2.jpg,1391110,leaf,real,76
train/1391110/220ab9980592e9fec35a0fd402f29153413f5889.jpg,1391110,flower,real,76
train/1391110/c245c8835da05380d732f017b0a4e8c42c2e3d84.jpg,1391110,flower,real,76
val/1391110/cfaa8ff0cd9cf7341ce79ecd21ac005da7baf2d0.jpg,1391110,leaf,real,76
train/1391110/aaa8b99df4edb3d7695393abc980c912eb0b6a45.jpg,1391110,flower,real,76
train/1391110/dc508f10e5475e1a0024a6fecb779417fea9b96d.jpg,1391110,leaf,real,76
train/1391110/3dfb59d1fc0afc93461d61534cab89770edc3d41.jpg,1391110,flower,real,76
test/1391110/4d8213b6bd5c3b0a03c137d33105899cf065bea5.jpg,1391110,leaf,real,76
test/1391110/bfe96a2efa3f4240073419fe9f59d2fbbea69a25.jpg,1391110,leaf,real,76
train/1391110/fe5ba76252615f7d605dc47a7edcfae44ce08be1.jpg,1391110,flower,real,76
train/1391110/9c37297e136027fe214288a54d7098b2848318f5.jpg,1391110,flower,real,76
train/1391110/5ef4a5404a6f065cfad2ff0ea49cd236c10da158.jpg,1391110,leaf,real,76
train/1391110/7d948dbeb024eae42241518c6cf7e8dd5cb33666.jpg,1391110,flower,real,76
train/1391110/31924cd9a8785484e46b44bc722ba8fca7f7cf59.jpg,1391110,leaf,real,76
train/1391110/768d57559f032852ba67d91adfbe3f312aa678f8.jpg,1391110,flower,real,76
val/1391110/e28f0870503267bde09a57317c46e36ed65f9710.jpg,1391110,flower,real,76
train/1391113/939cb97b24bc0638e0a069bff56a0d7a39594bb6.jpg,1391113,leaf,real,77
test/1391113/a56d8f3100c32e5b1ef97a675b0674819977cc8e.jpg,1391113,leaf,real,77
train/1391113/afa03eff6e1283b4122508420b585f30ddaa11b0.jpg,1391113,leaf,real,77
train/1391113/99f5af79548161653056ff64bed8e11cabd420d9.jpg,1391113,leaf,real,77
train/1391113/a4e202ba1fba6e465bf4ce77515ee2b5e13039a4.jpg,1391113,leaf,real,77
test/1391113/211dc6810c8899be9476cee10580abc70dfd52c4.jpg,1391113,leaf,real,77
train/1391113/4cb7c5322b35062212c82a5fc554a933ec3f0d09.jpg,1391113,leaf,real,77
train/1391113/d6f042ae217d3e08104136d90743dff9010b8fb2.jpg,1391113,leaf,real,77
val/1391113/4fd146854e71d01ac9ef5950e11ffecfee2073f4.jpg,1391113,flower,real,77
train/1391113/a57b6b8a889ca5b8bc22280cad520e383a529b6c.jpg,1391113,leaf,real,77
train/1391113/ecd158d4c9989925461621d65e1c9282824e7f46.jpg,1391113,flower,real,77
train/1391113/0cfb31ce800eaec62663cd00c8d97d73e5083ea6.jpg,1391113,leaf,real,77
train/1391113/76a1992d09a19ac92b8c66f3e051aca7a6f10b7c.jpg,1391113,flower,real,77
train/1391113/d5408c8cb8af612c5a559076616aec008f07ba7c.jpg,1391113,flower,real,77
train/1391113/5f3a9854cc55ff051dac6a1a44751b9d3f9981d2.jpg,1391113,flower,real,77
train/1391113/c03e5e7f6132ab97559640337d04ad4aead0859c.jpg,1391113,flower,real,77
train/1391190/c691d2f049ae927792a10565a794809be07cba3c.jpg,1391190,flower,real,78
train/1391190/3501c1f31c5f236f24f08839a3eecf2f25d3f29c.jpg,1391190,leaf,real,78
train/1391190/9dd89175d4ac59152cbc5828faf5bceccf286ca7.jpg,1391190,leaf,real,78
train/1391190/c98842a6941d93d5335757b216088d66bbda0e29.jpg,1391190,leaf,real,78
train/1391190/afca05cf538b12c0ef243f71cba54f7afd050461.jpg,1391190,flower,real,78
test/1391190/82c429b2646aef0b28389453a09f6fe1ca184056.jpg,1391190,leaf,real,78
train/1391190/c95d826f86b26d6900764fea85a5e264f2b2608e.jpg,1391190,flower,real,78
train/1391190/ba422de34c962fa2247ef9880cdcff284d28ae2c.jpg,1391190,leaf,real,78
train/1391190/dfe067b0e327c8ab0de51c742546d9bf583622b9.jpg,1391190,leaf,real,78
train/1391190/fe58a1b2a13ff2d87b13573de127198591cb9e17.jpg,1391190,flower,real,78
train/1391190/466ccfe6d4d1e09c037ec4313299577bf37b7246.jpg,1391190,leaf,real,78
val/1391190/241b38a658bf187341e939f0e554d498851714d0.jpg,1391190,flower,real,78
train/1391190/0dd6ac7d2af77d8475f5847bd49673cabf1e11eb.jpg,1391190,flower,real,78
train/1391190/2063c8680bc300874b28fc2faded2b5fba215687.jpg,1391190,flower,real,78
train/1391190/b05c71eb5f1319861c958716056cabaf8395be3e.jpg,1391190,flower,real,78
val/1391190/254c9b01d96edb9bd06d38279fd57a06e4bbfc73.jpg,1391190,leaf,real,78
train/1391190/4664a3cb86413fce28e1e1a41aa487b8eeec9f7f.jpg,1391190,flower,real,78
train/1391190/4616194b7b1a7d224dd1e7c2ff17d0451d878a21.jpg,1391190,flower,real,78
train/1391193/a7be0951e5f77c3cf3789a9c89e3de1ab024b2c0.jpg,1391193,flower,real,79
train/1391193/e476465f9a92ce24194280c3add44ea75df7d0c4.jpg,1391193,flower,real,79
train/1391193/2e48f7aa9b24bdfe7df90f9d835f56aa2e3cbb60.jpg,1391193,leaf,real,79
train/1391193/d6a4ac64d7b5db4d9937316028486098561735a1.jpg,1391193,flower,real,79
train/1391193/d34a73ecac5afdfe45cdd5afc0145477cb75565d.jpg,1391193,flower,real,79
train/1391193/c15e838f643067aab7ccc186e44487a8a78a25ae.jpg,1391193,leaf,real,79
train/1391193/266e6d26647140e754d58687b911dc2da5eb79d3.jpg,1391193,leaf,real,79
train/1391193/886521370ee916f1c56d009263b69c0ff5173995.jpg,1391193,leaf,real,79
val/1391193/3056d859f4578547d1105bc80f8c90c79c5b885a.jpg,1391193,flower,real,79
train/1391193/683d8a4d34023d4532fb0cadfdfd3d75db92497f.jpg,1391193,leaf,real,79
test/1391193/af614d7cdccd01c416e26035fd74a7055183a591.jpg,1391193,flower,real,79
train/1391193/ab1b4f433991484efa95502ba01f20b7ef8d2cd9.jpg,1391193,flower,real,79
train/1391193/a92a3ad6b9cb9f47377abb681066b36f1598e475.jpg,1391193,flower,real,79
train/1391193/18fb70b1f1a250e69ceb0eb9f83f453c1240ee1f.jpg,1391193,flower,real,79
train/1391193/49461a48827785f58cf81e260717e4101b0039d8.jpg,1391193,flower,real,79
test/1391193/e9801ea1190e2f91dec472f91b24332732d5d154.jpg,1391193,leaf,real,79
train/1391193/626818248a8f094711b3b8f789aba360eeb330af.jpg,1391193,flower,real,79
test/1391193/2dbafc080a6828f5506165dfe9d0f6dec22f9291.jpg,1391193,leaf,real,79
train/1391193/249fc4835b387b6d2f5f0df7e516eafd57076d05.jpg,1391193,flower,real,79
train/1391193/eae66d472af5038630a73926419670a0ef6e2546.jpg,1391193,flower,real,79
train/1391193/0565cf0a33946f299861c66cd83fd50aedc1a725.jpg,1391193,flower,real,79
train/1391193/2d78c68c5a8509debc20394180ba587b3acb3bd3.jpg,1391193,flower,real,79
train/1391193/5bb899ebc58a9c9e70f4fc1bfba0c3a65fe3e5a4.jpg,1391193,flower,real,79
train/1391193/a6e14b38096fb91f424aebe0ac4e296c96433062.jpg,1391193,leaf,real,79
train/1391193/6b8a0f38736f9dc4f810d5e45cc80ca4b2fa603e.jpg,1391193,flower,real,79
train/1391193/81b27f86adb8c66472faa2a821c9cb9bdd8ee769.jpg,1391193,leaf,real,79
train/1391193/7f13a51c7932243c9c32fbe8e7b004c55b355638.jpg,1391193,flower,real,79
val/1391193/772a4de33b07f93eba6f55e7ff406c97552af160.jpg,1391193,leaf,real,79
train/1391193/f0598c2a29323a3136a5bb15e53d068174cd2f96.jpg,1391193,flower,real,79
test/1391193/67432aff5d18c7a5d5061e45238215639a1a1bc3.jpg,1391193,flower,real,79
train/1391193/6743a4d7db314dbbf7c98d085308788a61d25bb5.jpg,1391193,leaf,real,79
train/1391193/a01b3be40c29cdaf2a993db54ceefc638be676e3.jpg,1391193,flower,real,79
val/1391193/51f7e08472ea9c4a8c7026ccc8372d38a2561bfa.jpg,1391193,flower,real,79
train/1391193/6ecaa5b07533751a3b8fd1443130368af5e533f4.jpg,1391193,flower,real,79
train/1391193/e42868c3e40fb237b068304c06f955ed8ba74416.jpg,1391193,leaf,real,79
train/1391193/4612980a1f23e89f4333bbf38cbbad2d23bfcc3b.jpg,1391193,flower,real,79
val/1391193/58c27bf8a5a493ddb274d4d92a454f168a09b6fe.jpg,1391193,leaf,real,79
train/1391193/152c125510ef5766d1ccd388d6bf131cd9a87ab2.jpg,1391193,leaf,real,79
train/1391193/c1498779dfc3829347a49ab9347a58391011572c.jpg,1391193,flower,real,79
train/1391193/23b1496eb46c1a6c03ad11e3fcd133b44225d3ab.jpg,1391193,flower,real,79
train/1391193/418602ff0a1418de9ae44628d532a9d598bc7233.jpg,1391193,flower,real,79
test/1391193/7cf1a690d2534972e6668e286f888a3c3503b6cf.jpg,1391193,flower,real,79
val/1391193/a39c1b896e113719e92956881f0036e4500778bf.jpg,1391193,flower,real,79
train/1391193/82ea2ce4a2781ded0b47d4b21274f352e4be7450.jpg,1391193,flower,real,79
train/1391193/aa7c2dee32ad7bf8e1fc87b10b0e612a3daaf9ea.jpg,1391193,flower,real,79
val/1391193/17af7059aa9a59a4f922d0614c1f870341aa8b83.jpg,1391193,flower,real,79
train/1391193/a81bfa86b13a2e25bfe2ee3e762c98f8d57511ea.jpg,1391193,flower,real,79
val/1391193/d526ef11581a5e57614ef6181cb175d106eed17c.jpg,1391193,flower,real,79
train/1391193/e008527791a8912cdfdd212d669f1eac07a29ce3.jpg,1391193,flower,real,79
train/1391193/679d1b873b5c6860d8d85411f170d8dc81e8c91a.jpg,1391193,flower,real,79
train/1391193/65c14093d840c64ea1388a5c62a60c20c9cbe53d.jpg,1391193,flower,real,79
train/1391193/fe7f1b6abb05f1c5a4adcbb09feb61c5e1c2cec4.jpg,1391193,leaf,real,79
train/1391193/9767485a780efccf2b4b9a0c14c4c599530ccc64.jpg,1391193,flower,real,79
val/1391193/b58f7b86311e9f1d9d0df2dd58a773a5bfb306d0.jpg,1391193,flower,real,79
train/1391193/9529552257f487ea335f2ea99a61a863fbde64d9.jpg,1391193,flower,real,79
train/1391193/bc85e43bd39ffea211430b2ba9b505ce443adede.jpg,1391193,flower,real,79
test/1391193/b51d4cceb68c71dde36be5e2383d1ad8cc6c8f18.jpg,1391193,flower,real,79
train/1391193/b0a2f76bdbb6c97ae1e5306bb7b0f3da5aeb9c91.jpg,1391193,flower,real,79
train/1391193/f3c91c9fa9474b871be98f7abc08947d43d78c83.jpg,1391193,flower,real,79
train/1391193/b2e5b5513f3b287e9fa661a2706579037fc59844.jpg,1391193,flower,real,79
train/1391193/8f670b3209882d935e7edb73b3374ece1e3db9a4.jpg,1391193,leaf,real,79
train/1391193/55817d7535cfda824baae4acd896abbb2be45963.jpg,1391193,flower,real,79
test/1391193/0120591d93a8e3c123329ac65f1e17d818c04f9d.jpg,1391193,flower,real,79
train/1391193/9d235861e195445092d758d11db2e113e038cf58.jpg,1391193,flower,real,79
train/1391193/a1f107827b33adcba75b37e2861d49478d362efc.jpg,1391193,flower,real,79
train/1391193/c0e6e69832341f67574c064ede2b93492aa30e42.jpg,1391193,flower,real,79
test/1391193/3ddad5ea5bea6574c0356805b7b3ff75111f75ca.jpg,1391193,flower,real,79
train/1391193/e8f3a6af4b488af05a742f45494a7d2d44c3acee.jpg,1391193,leaf,real,79
train/1391193/f34b8cfdcd5c43b82ff6b31f9193c68dc50b7fe8.jpg,1391193,leaf,real,79
train/1391193/884756c009b62cf23e29a70994caafb89c6a4700.jpg,1391193,leaf,real,79
test/1391193/699169c5cc5ee833a7d70d54d969c0db5d41ecd1.jpg,1391193,leaf,real,79
train/1391193/79dcabfb66637885cd6ecf1c048750369d29ec1b.jpg,1391193,flower,real,79
train/1391193/5eeb5063fe29dba3936e6bae164fa1fac8fd45c6.jpg,1391193,flower,real,79
val/1391193/ff6f3d5d45894f1774c3eeb2a6ec6fc641d0a7f5.jpg,1391193,flower,real,79
train/1391193/8540384fc364509d97a38f35f373b1bccd92776b.jpg,1391193,flower,real,79
train/1391193/4213186c044abc34170c518699b9055892cde92a.jpg,1391193,leaf,real,79
train/1391193/59ab2b990eb5f38bf2eb50c6bf5b7c6c32539dcf.jpg,1391193,flower,real,79
train/1391193/39410fdd23e0bb79c7f6532efd6e10fafa5869be.jpg,1391193,flower,real,79
train/1391193/0ac31979cd9fa50cc6362d665cb1ae9ded8c56bc.jpg,1391193,flower,real,79
train/1391193/efb7721e209797b5a3baf90e10fe3f12820d8ea7.jpg,1391193,flower,real,79
train/1391193/d6c7400ae4913ca6d25ab8d19e6595a467cd8edf.jpg,1391193,flower,real,79
train/1391193/a4aa8f5328fcd831d76e72b9b77dacea2b674d1a.jpg,1391193,flower,real,79
train/1391193/6416e12d4ab5e01be17e07d96d23302502b8b2e4.jpg,1391193,flower,real,79
train/1391193/f5506c3cf32679e3481f74841dae691a58695e45.jpg,1391193,leaf,real,79
val/1391193/348ec8a4818d4df40dc065eb85d7a53c1099c8fc.jpg,1391193,leaf,real,79
val/1391235/bea4c2ecee995dcac7273dd8b6b7535bbb81319d.jpg,1391235,leaf,real,80
train/1391235/cf34a41cecebbb403119bbb9b2d44e53ce8c7e6b.jpg,1391235,flower,real,80
train/1391235/fbb39b427c92355f734bb292b5246d9b752d1d8b.jpg,1391235,flower,real,80
train/1391235/f1798a291fae5d122bebe0ef1f6a0a484ffdca52.jpg,1391235,flower,real,80
train/1391235/68357863d81fab1b7b9a310d2e10fb5c1e671cad.jpg,1391235,flower,real,80
train/1391235/44b013e0ee0934d3439eb6604146d1596f5657b6.jpg,1391235,flower,real,80
train/1391235/b177558a106f7b6b38dceebd39f58181758afc04.jpg,1391235,flower,real,80
train/1391235/41a39fec3bd95c71b48709aad8db2c2210a9ef86.jpg,1391235,flower,real,80
train/1391235/1717bdf56bc0af2cc56c1c1c6b0aea0f69ddd879.jpg,1391235,flower,real,80
train/1391235/6afe85efd6fceb1af1aa357d79ea44181214feea.jpg,1391235,flower,real,80
train/1391235/f1da50bfeb3a2bff0297709b61e3e777c3629bce.jpg,1391235,flower,real,80
train/1391235/a6ee74dfe47d9fbdd6026a7d645c6a806971190e.jpg,1391235,leaf,real,80
train/1391235/70937f900e0de81b11dc7f89c3fa3cb753952290.jpg,1391235,flower,real,80
train/1391235/f5bdaab18b52ba7419d0272d12c318209287058e.jpg,1391235,flower,real,80
train/1391235/c54525bd4a79c8e76834498b3d2655e417cb04b2.jpg,1391235,flower,real,80
train/1391235/bf1bf93c8f98d77b250e8799c0059f8135da3708.jpg,1391235,flower,real,80
train/1391235/24d0d82a05c107d550571f7b7d222d44e42218e2.jpg,1391235,flower,real,80
val/1391235/8071e1f755129e48d29bfe63515af2b4f26e28ba.jpg,1391235,flower,real,80
train/1391235/946912133b9e7fa5b9b4bbfe961022f6de806405.jpg,1391235,flower,real,80
train/1391235/b3c593e38408cc15e66b7b061c9acbc7632cf327.jpg,1391235,flower,real,80
train/1391235/e110b8bbc14172f99f6a8cee9725fe03863ec8b4.jpg,1391235,leaf,real,80
train/1391235/a455c7749fbaecaeb1dbb125e2797863979039ab.jpg,1391235,flower,real,80
train/1391235/5a98ef248ace77644ae6445e5f8aa379cb84eff1.jpg,1391235,leaf,real,80
train/1391235/484a9deae2f912865da3b234891738f7e27b370f.jpg,1391235,flower,real,80
train/1391235/b1926d2b3f60a0fcf7c57713202d1968701fb989.jpg,1391235,flower,real,80
train/1391235/137b5a858e59a3a273aea99baf9a15b2f2092d39.jpg,1391235,flower,real,80
val/1391235/53f25f0e53c26497a81d4014689fc068fb083950.jpg,1391235,leaf,real,80
train/1391235/d301123487b5ff595459b87f44235936a95e6386.jpg,1391235,flower,real,80
train/1391235/11432b3defbbebd55cf7c302630177cf5c50cc26.jpg,1391235,flower,real,80
val/1391235/8024242306911bdce9df65f42dd4cbb2294ff4d3.jpg,1391235,leaf,real,80
train/1391235/f09337b5457d9f594bddc8a341196f2df955c943.jpg,1391235,leaf,real,80
val/1391235/0874ab22fa0b87d0ead6caf6a1502afac7cc8835.jpg,1391235,flower,real,80
train/1391235/78048bf9e430ce00fd3f4252eb17cf44f1edb4fe.jpg,1391235,flower,real,80
train/1391235/f1996c20a7043b07b515626ea7d75f65b4f26a6f.jpg,1391235,flower,real,80
test/1391235/f376d3944d0772dc4ef93ba322b54bb35d75e92b.jpg,1391235,leaf,real,80
train/1391235/c666661761cc2ed4ae6a8b2555fab4410f343d86.jpg,1391235,flower,real,80
train/1391235/a40a53914aec0a70567dcca99542969f1fdfe923.jpg,1391235,flower,real,80
train/1391235/90979b102d77ef8638b1f66ff1cd15b5eb134f94.jpg,1391235,flower,real,80
train/1391235/48d37d9b16b3c52dcc697f87f8b1aaa03c5f0d26.jpg,1391235,flower,real,80
train/1391235/02e2e9357d0ce9581dfabb663a42d95d0c41e6b2.jpg,1391235,flower,real,80
val/1391235/d6930a0d53f8a46313f5bbec3a00c8ac4e810411.jpg,1391235,flower,real,80
train/1391235/31ed4c57e314c900238fa1c762d7b5e02110e6d9.jpg,1391235,leaf,real,80
val/1391235/f2dbb86ab5c87ad2bf54c871105674d05e60eabe.jpg,1391235,flower,real,80
train/1391235/4d849cef32a6b514d5536cdc3c5ddc42d734733d.jpg,1391235,flower,real,80
train/1391235/9dd9d6a916e1c6e67e4af7bc82adda3e2d752f5b.jpg,1391235,flower,real,80
test/1391235/116896e035f68001ac2a1df17845e2e5fdfc2d23.jpg,1391235,leaf,real,80
train/1391235/7fc4055d31df1e7ce5219d3c8e2eb56df5b46a35.jpg,1391235,flower,real,80
train/1391235/a509c0818c70b4080bacb8ac258642d9fda81d7a.jpg,1391235,flower,real,80
train/1391235/5d3476682173733ab70b3f6d4edeb30ae3539aed.jpg,1391235,flower,real,80
train/1391235/48963413a5dbacc1d1f4b6af50b6da29ec7f6ed8.jpg,1391235,flower,real,80
train/1391235/c326fe4b42b2bb669522b34a5abf6aebe83a8602.jpg,1391235,flower,real,80
train/1391235/78c205f72f16271eb08d20defa549c4270dcb70d.jpg,1391235,leaf,real,80
val/1391235/5b2fae352cb21fd7015f319fae248260bb3c383c.jpg,1391235,flower,real,80
train/1391235/00ee2e3cc1fe36505017aa1c573a80f2d69133b1.jpg,1391235,flower,real,80
test/1391235/c4ebb4d0170789d0e5482e4defd3125aad134280.jpg,1391235,flower,real,80
train/1391235/b9e25117ff1cf38be3c4975d47178375cb0ec0c9.jpg,1391235,flower,real,80
train/1391235/f2b0957d82b9c6343d4385ed5bd5d4fa328dfb9f.jpg,1391235,flower,real,80
train/1391235/0720aae6aea16994beba415d872c5654a821d150.jpg,1391235,flower,real,80
test/1391235/53e059cd7387f47b6289f6ffb428e59db58b6a33.jpg,1391235,flower,real,80
train/1391235/94c9e54cf647ec7a68ff74b5f148b3b9133fb530.jpg,1391235,flower,real,80
train/1391235/6bb185d447b4943de21a7a8b79bbd5e252f41a3c.jpg,1391235,flower,real,80
test/1391235/678de5b920d700f6785740a5587dca1a96a458f7.jpg,1391235,leaf,real,80
test/1391235/fa172cb16b702cb933b6fe05ab31cbeea1f928f9.jpg,1391235,flower,real,80
train/1391235/a939e6417d2e0d4a0271d77175b19d38eea32c0c.jpg,1391235,flower,real,80
train/1391235/8f1bd14c8c3b8a8596b10f3af4f00409cc6d832b.jpg,1391235,flower,real,80
train/1391235/3651078a30d4e2d7d32eeed82514d59618b3e8aa.jpg,1391235,flower,real,80
train/1391235/c5a3a729cb0e656a0dc56bdb842e07437b7adb50.jpg,1391235,flower,real,80
val/1391235/1b9354af55c1deafe84669bbbc17c17374a10090.jpg,1391235,flower,real,80
train/1391235/8526ae4bb5c345608ab100d7590cbafe971c9b87.jpg,1391235,flower,real,80
val/1391235/12d7b180752393e86822c1fff68df8f8a19189fe.jpg,1391235,flower,real,80
train/1391235/4c6763974b8dbb5cfb33c20938ae9506d3bfff10.jpg,1391235,flower,real,80
train/1391235/11bcdd9ac5ba94570416b6270df3154e38313fb2.jpg,1391235,flower,real,80
train/1391235/277ee2c1b2eec504438cedba74418e83ace3f736.jpg,1391235,flower,real,80
train/1391235/1713a5ad002004db45c950e345cc708db46391aa.jpg,1391235,flower,real,80
train/1391235/638d6ccde596035d5c2ff1f2d48dd1e6dc221e82.jpg,1391235,flower,real,80
train/1391235/c85e2742c5620777bccc409b89d30111737f8a65.jpg,1391235,flower,real,80
train/1391250/5cca69af93d068d24e0c8a5c380ab91be96144f7.jpg,1391250,flower,real,81
train/1391250/b47a2f3a54af8b8b56901d1000e1e2b346011e60.jpg,1391250,leaf,real,81
train/1391250/406d91538176f03dbb5625e8ef114225a8da85ba.jpg,1391250,flower,real,81
train/1391250/6c44a97a7ceaf4182bf1b3f7ea6c6ac6753569cb.jpg,1391250,flower,real,81
train/1391250/a50c9ff213f212b5b18071cbed0308c92d43cee8.jpg,1391250,flower,real,81
train/1391250/9dbd2f6a0c923a22d29ef50fc194f634cf89d3c2.jpg,1391250,leaf,real,81
test/1391250/68d750b3a300df266b7f33dc4fa1d48f5e1c2110.jpg,1391250,flower,real,81
test/1391250/f8f62281c6143b11cddba983e3e7c5b96a70fc1c.jpg,1391250,leaf,real,81
train/1391250/e0750869e71c5a27a597b160357733d79913b65b.jpg,1391250,flower,real,81
test/1391250/b317de35750e049698162363bc62017e185d5000.jpg,1391250,flower,real,81
train/1391250/f3d14b9805d253af48eaa7d17f8b2dcb71747c66.jpg,1391250,flower,real,81
train/1391250/0d86a59b9b9704ecf00b1b3df1b535d02a4249e0.jpg,1391250,flower,real,81
train/1391250/10ed4763019ae01a54162508f3b86aaa8e7f1e8b.jpg,1391250,leaf,real,81
test/1391250/82b1daa0beb4c8188660740a46952269c29d854d.jpg,1391250,flower,real,81
train/1391250/7ee5f43d2f1b7ab9f49ac8bc54ab2977792071fd.jpg,1391250,flower,real,81
test/1391250/52019d8854e028ce4a7df7c0c844e969996346f0.jpg,1391250,flower,real,81
train/1391250/94743097fbc81229c96e259b81f91f65443ac6bd.jpg,1391250,leaf,real,81
train/1391250/35428c7e538a42d4176abc15a9c474ea666ed62b.jpg,1391250,flower,real,81
train/1391250/c8c224c8263dc7a3e71699569464f8157cd7522c.jpg,1391250,leaf,real,81
val/1391250/c2d0a55717939d3f543c09cc1bdfda4f3fd676c2.jpg,1391250,flower,real,81
val/1391250/c2f942ccaaaa330cc4a4b72985db434960b5c4ee.jpg,1391250,flower,real,81
train/1391250/97c907323b07ba7939fc62f1a65b364e1a5ec813.jpg,1391250,flower,real,81
train/1391250/84a4e9319c03a7b404b96b58bcd61f7179c25fdf.jpg,1391250,flower,real,81
train/1391250/3e1820f748a191325112e18ea6fc60fb7d29ad42.jpg,1391250,flower,real,81
train/1391250/e8e4ad365fee1c2466c5bab41d4e6cebfe5d89b2.jpg,1391250,flower,real,81
train/1391250/ec48443f0db8d064b3c4b254c6bbd5f3fa756251.jpg,1391250,leaf,real,81
train/1391250/2b327a0f44d80127241728573bf299f6719f9447.jpg,1391250,flower,real,81
val/1391250/edbbf7dc1961f2db69855f961a03dd79a4c3aa27.jpg,1391250,flower,real,81
train/1391250/7004539689a8bfd78e2b9cccaf8f9f3478d10f15.jpg,1391250,leaf,real,81
train/1391250/f52aa4f558be7f456e600f14a3b76fb542c8d950.jpg,1391250,flower,real,81
val/1391250/db66ff3dba8f2a9eb9b459c2c0714e00dd5eaa10.jpg,1391250,flower,real,81
test/1391250/29f31e3c3cd59ba8ee651875a904311b9dd772cf.jpg,1391250,flower,real,81
train/1391250/2bffdbfd94b56b1afd85fbcbe4cfe2338400721d.jpg,1391250,flower,real,81
val/1391250/47fad454bb29c34687cf1ab3ee6b456201ea0725.jpg,1391250,flower,real,81
train/1391648/a5b783022b01dc994f38ecf6b64064b7143738a6.jpg,1391648,leaf,real,82
train/1391648/a7707b284cd4ed1d5ab4075add51efa7f2937960.jpg,1391648,leaf,real,82
train/1391648/c5a5a6dd8832916b9dc739d8c9fc8ee1cde3d844.jpg,1391648,leaf,real,82
train/1391648/9923fe5a0b50b33b811d2f4a74f8cbeb3a6c103e.jpg,1391648,flower,real,82
test/1391648/9379fb8c5b9475bb2abb1d151f41c2574af7a18d.jpg,1391648,leaf,real,82
val/1391648/d019b6773a551ecaed1423cda88fa0dd280269a0.jpg,1391648,leaf,real,82
test/1391648/15cdb3254be382bfa43c636716a2ea386adb4b44.jpg,1391648,leaf,real,82
train/1391648/a071ad079fb9c2848c2ed105f327276b646d2a47.jpg,1391648,flower,real,82
train/1391648/4d88dc5751fa2cf819aa01d502d505cf8ac5384e.jpg,1391648,flower,real,82
train/1391648/f5a38802df33683034b7f5eac3f6989d484a7a6d.jpg,1391648,flower,real,82
train/1391648/358db7cff8b4abd0c4dd4e955cc0a3c3e543265a.jpg,1391648,leaf,real,82
train/1391648/9535831371a12c424ec3db91b1f9465a6a8ad8a4.jpg,1391648,flower,real,82
val/1391648/3d59978524f5ff19fe92f8da8bee0adaf14446e7.jpg,1391648,leaf,real,82
val/1391648/f597e48bfe9b3e77f664a46b137d5858ec681f15.jpg,1391648,flower,real,82
train/1391648/977939bc8202b0868094c1bffba39eb2a36acd6e.jpg,1391648,flower,real,82
train/1391648/741b9aee2826529aacb86b2df5355cb01633de19.jpg,1391648,leaf,real,82
train/1391648/09e076281ffb451cd73a16c4fb4aaf9604de3a3d.jpg,1391648,flower,real,82
train/1391648/ca89acd7841719ad60f39bd2cf774c310818d3af.jpg,1391648,leaf,real,82
train/1391648/104ce1bca59958b7c43ea5fa63b2bf05728b5c35.jpg,1391648,leaf,real,82
train/1391648/6e8a114610a62fcf8fc7a656467815edc1b9d917.jpg,1391648,flower,real,82
train/1391648/9ad39696da8f5eee1c232547daa3ea6947e1f2c0.jpg,1391648,flower,real,82
train/1391648/07e50e34b9e382c0fbc1879e457fd9c7d03ffdbf.jpg,1391648,flower,real,82
val/1391648/fe8c6d19a81ed227dfdf41c7116eff0b4634322b.jpg,1391648,flower,real,82
train/1391648/030e7d5d7fd0150a3cb1b03cd956fdafc46582fd.jpg,1391648,leaf,real,82
test/1391648/ffca8a69be4957d61d9c550073760c769f914997.jpg,1391648,flower,real,82
train/1391648/940dbf5e61b322596b572580c7e90e370fd7f209.jpg,1391648,leaf,real,82
train/1391648/2a100f72166993434c5840535514327b287b6611.jpg,1391648,flower,real,82
train/1391648/3aef4190cbaf942f59b5d96d4fca37884f6ac592.jpg,1391648,leaf,real,82
train/1391648/8b205289f57fc63db77986ad5acb4887370fc9ec.jpg,1391648,flower,real,82
train/1391648/8ed907c75af76097d41e8f256cd4eaf0962759d8.jpg,1391648,flower,real,82
train/1391648/4b9d1a826da543fb8d480052d0eebaeb2b473198.jpg,1391648,flower,real,82
train/1391648/3207fe29166b7b62a109e0a0d012564b03eb34aa.jpg,1391648,flower,real,82
train/1391648/1588bd6da1d5f45a9d6c16e92afc77eb54c480e0.jpg,1391648,leaf,real,82
train/1391648/de0a98f294954861c572913df4f491f7a175cea5.jpg,1391648,leaf,real,82
val/1391648/001d9e2db4c5ebdcacddd3c6080453714ad1168f.jpg,1391648,flower,real,82
test/1391648/8f9e3e42221205b772aa02b2cea6c6451285f6c5.jpg,1391648,flower,real,82
train/1391648/57e2f76ef967327d55faca1ba39d887ccd4ecbbe.jpg,1391648,flower,real,82
val/1391868/22d32162df9a93e0e54229359e93172fd8247535.jpg,1391868,leaf,real,83
test/1391868/18dd4eb9e83cabf05670d3b51d5ca9f7aae13860.jpg,1391868,leaf,real,83
test/1391868/715dbcd9ef31eb4e1edfa2d7fcf70a51182f0639.jpg,1391868,leaf,real,83
val/1391868/5a8bc2ef1bfcf34f4cf1adb711f24dbc0a95e4f4.jpg,1391868,leaf,real,83
test/1391868/797b15fb82fea93738120207315836fe0970ed3a.jpg,1391868,leaf,real,83
train/1391868/8a4968ef8392946f5f947475b14f8b032b8ac9f2.jpg,1391868,leaf,real,83
train/1391868/e62abe86ef843bbd95b64f5beaf43fadca22e9c3.jpg,1391868,leaf,real,83
val/1391868/9f1c4dc5ce9f2612c153dfa7a522b1ec5153cd87.jpg,1391868,leaf,real,83
train/1391868/cdc6da330daff912e51de803604987505a9f8f0c.jpg,1391868,leaf,real,83
train/1391868/9f844f095b18663e1b15e435bf45975520a19599.jpg,1391868,leaf,real,83
train/1391868/50bc3e09962dd034d9405a86db2830d810e9037b.jpg,1391868,leaf,real,83
train/1391868/1b96ba8be1f41d78e659b06cc388840484e050c5.jpg,1391868,flower,real,83
train/1391868/9f3be380da55452de29f5558a3385abb724fad25.jpg,1391868,leaf,real,83
train/1391868/e68098be3d92af00cabaa1876a4b0989f597ac28.jpg,1391868,leaf,real,83
train/1391868/6933aeadaff67c594915b6835add313820c4ec84.jpg,1391868,leaf,real,83
train/1391868/caea6e860459977a5b58a4990a54ffac62b6f45a.jpg,1391868,leaf,real,83
train/1391868/d585e04faf5e6c37331f97fa54caee6dd2602bba.jpg,1391868,leaf,real,83
train/1391868/ac1137261f2df72427731fe3dcd2f1101aa11ced.jpg,1391868,leaf,real,83
train/1391868/463635bdb49af6f3b9e91f2cc53ea7bc41eb3c03.jpg,1391868,leaf,real,83
train/1391868/6938f3a585a45bd671cef0fdff05b2153d277715.jpg,1391868,leaf,real,83
train/1391868/1f5ffdb21b64731a4caed4c5aae533e88f4a086e.jpg,1391868,leaf,real,83
train/1391868/26f4e12f8541f02422ce739fe2cb07ec200c8847.jpg,1391868,leaf,real,83
train/1391868/dc93f7b9f969c2528cf4b71c7911af660bd15dbd.jpg,1391868,flower,real,83
train/1391868/a293441f82d9e4953986fbe96c8d7f3631bac20c.jpg,1391868,leaf,real,83
train/1391868/7e9fa7ebd4b331263740e4803b48a413e1768571.jpg,1391868,leaf,real,83
train/1391868/9a3547e3dfdbb43f556932b98f4d95ac6305b6c1.jpg,1391868,flower,real,83
train/1391868/9b487546af269542137d3de8fe84a5ae56c1a3f4.jpg,1391868,leaf,real,83
train/1391868/30dcdbad7347dd382be9c867642aaa13d73d0bda.jpg,1391868,leaf,real,83
train/1391868/b66af0ba553d48519724ecb8642f6bf01e13b545.jpg,1391868,leaf,real,83
train/1391868/c2fe90805ab93a8e35e55f0e54cc6737503679db.jpg,1391868,leaf,real,83
val/1391868/c1ec197d24de19303826ef932fb4535c3a14edb9.jpg,1391868,leaf,real,83
train/1391868/5b87f1bdbe0182fc4489dd1b42780e6bf403b713.jpg,1391868,leaf,real,83
train/1391868/0b47ae1af44e18a94adaaad368342a3cd0693081.jpg,1391868,leaf,real,83
train/1391868/c7513d0df283016a4c773e47ef1c4a08e332ba9c.jpg,1391868,leaf,real,83
test/1391868/3549b30b1e5aebcdcce694894235b2b78045d2ce.jpg,1391868,leaf,real,83
train/1391868/0133d117d3b758d7bbf15c9c465c7b23d66565cc.jpg,1391868,leaf,real,83
train/1391868/3ac667d4dffef5652bdb8bdb88929ee33b3a18c7.jpg,1391868,leaf,real,83
train/1391868/d13b546358d4973948d068614e36ca9325f7e61d.jpg,1391868,flower,real,83
train/1391868/198f024df6998856f5a1a4235151ecf5d58668cf.jpg,1391868,leaf,real,83
train/1391868/1775bc3d320d036b58aa98a6b06869bb88434a84.jpg,1391868,leaf,real,83
train/1391868/94f86268286f3ea46f48e18373da078d01b4b2bb.jpg,1391868,leaf,real,83
train/1391868/774cbff58f9bafd6ef6d7eeebd1d104414478152.jpg,1391868,leaf,real,83
train/1391868/16664070b760c584e46283144135ed7e5a5341c7.jpg,1391868,leaf,real,83
train/1391868/b35ebebcb645f08de4c25b4fe8738a87fe06330c.jpg,1391868,leaf,real,83
train/1391868/cfe7f8713b8e582ab33195a746c4d35f365edbb2.jpg,1391868,leaf,real,83
train/1391868/3f90e8fc0be91fe30a7e281c60aa9e7f0970b8d9.jpg,1391868,leaf,real,83
train/1391868/efb02e3caa8cb7a17addc36613a23361b0db9e71.jpg,1391868,leaf,real,83
test/1391868/034da24732536fdfdc235998c3cb7683452b5aca.jpg,1391868,flower,real,83
train/1391868/9fd2c450f642a4b73b0a00b4a2463f4e38975961.jpg,1391868,leaf,real,83
test/1391868/39a92e2b3e3599e344dfd1e2069c7d992e6638a2.jpg,1391868,leaf,real,83
train/1391868/b941bad206111fc8f34f8545e6a2083bf618e98e.jpg,1391868,leaf,real,83
train/1391868/106f3376b8994185f3bbc2afaddb0f6708695c2b.jpg,1391868,leaf,real,83
train/1391868/a7f327b27907d02d7ce7a84e39d9b7e07d3cb20d.jpg,1391868,leaf,real,83
train/1391868/05c3acda4914e421a6a7161a77fff9314f7b9a75.jpg,1391868,leaf,real,83
val/1391868/3e21e4536eef1c7c7b6c763649464696746663cf.jpg,1391868,leaf,real,83
train/1391868/1e8e4a317d6ae0f4abf62b25ea2c9891cacad2b2.jpg,1391868,leaf,real,83
test/1391868/443c6d647ca76b25e918717e6f137db7ea2bb55a.jpg,1391868,leaf,real,83
train/1391868/f80c02b3cb66a4955c56eb4f03b60e94a879f259.jpg,1391868,leaf,real,83
train/1391868/7be9f11f2cf55709af615795935ff0d75f0555c9.jpg,1391868,leaf,real,83
train/1391868/ac7a09bb971a022ebeeb9498038917ea58fd204f.jpg,1391868,flower,real,83
train/1391868/fc2b9fc07bc8518504d2efee4ff3d238659a0004.jpg,1391868,leaf,real,83
val/1391868/8d056c0eeb84ae1efffd28c3695b57783ee99f9e.jpg,1391868,leaf,real,83
test/1391868/46d6a830f158ce5aa42ad06c4a7242e329cf707c.jpg,1391868,leaf,real,83
train/1391868/40131e40eb7adb5a4c02d62ed5ac1c769c0c82b5.jpg,1391868,leaf,real,83
train/1391868/01a2a994b95ae92b9ffc8299ec8e2d93884e6158.jpg,1391868,leaf,real,83
test/1391868/432e42e425fc2793ddf5eef709fe91cd5c3f9102.jpg,1391868,leaf,real,83
train/1391868/e0cd4a9b3b7cf6971b74a107fb54b2293099dbc6.jpg,1391868,leaf,real,83
train/1391868/e266d660e19aa1746876fdab4320e85990b5b55a.jpg,1391868,leaf,real,83
train/1391868/36fbb8099f1d61ad749d1c7413948ff81a0dd15a.jpg,1391868,leaf,real,83
train/1391868/55636a7a6bb5b272c623819720a302e01286d5ba.jpg,1391868,leaf,real,83
train/1391868/ef0ac1e4622c7f0984a089c92cb419f736999c6d.jpg,1391868,leaf,real,83
train/1391868/715ac618136a84758530bfa1ba6c80433dd5b2b9.jpg,1391868,flower,real,83
train/1391868/c28f655fa17939c53bbe0c809fb0a84d76a1e5a2.jpg,1391868,leaf,real,83
train/1391868/b7cfe22d5616611e350b745f74a6f51bcd3a4fe7.jpg,1391868,leaf,real,83
val/1391868/ab52f0a95ef6d10552969e5b4ddd051d9afbeea2.jpg,1391868,leaf,real,83
train/1391868/c7e67b59c1c02f36c1a31ac1e1045f70ff24b50d.jpg,1391868,leaf,real,83
train/1391967/892c3300727b6821a6a007800007bbcc9a3f05e0.jpg,1391967,flower,real,84
train/1391967/1c51ce127361c45f2faa5e96e15d283d58326588.jpg,1391967,leaf,real,84
train/1391967/e42cc60402f17558f34cedc5fca2c25ee1894a06.jpg,1391967,flower,real,84
test/1391967/872b5ca391afe542570c8be5b576772c96912198.jpg,1391967,flower,real,84
train/1391967/89bff58d535f8e17918430c4468651c00eff4fe2.jpg,1391967,leaf,real,84
train/1391967/f9cad08c027d09272b384fa7b27c286afd9ba3da.jpg,1391967,leaf,real,84
train/1391967/50544a2599e97e993c15bef103cd3cd7234a7fd2.jpg,1391967,leaf,real,84
test/1391967/4842e52a32e7aa0144ec410913cb806a99cb9cc8.jpg,1391967,flower,real,84
train/1391967/0ce2bb7356a63b5bcc46c36949ba7f0c892ac068.jpg,1391967,flower,real,84
train/1391967/95840e7d9598c16eb41ccb3bc3b4bd6609da54ac.jpg,1391967,flower,real,84
train/1391967/1be42d50b022efbecb47c0e6520e2a8586d2e1fc.jpg,1391967,flower,real,84
train/1391967/a471ac61734674eaebd9ba09f1caa58ab74c78fc.jpg,1391967,flower,real,84
train/1391967/24dc0b6842d832377e27480dc897915bea0a20f1.jpg,1391967,flower,real,84
train/1391967/9449fa51a9227d761c16d6a325c2940d5896e32a.jpg,1391967,flower,real,84
test/1391967/6ccd2cabf687413aa7b50879a875cd9b6f6408d3.jpg,1391967,flower,real,84
train/1391967/adb377081073841c9888ae33fb20dc05cbce7403.jpg,1391967,flower,real,84
train/1391967/4caa4a06b3cc477ec635df3646bf7a31d25b3497.jpg,1391967,leaf,real,84
val/1391967/f2e9fe3d82b30fec2dc372d78a4752f0539e9be7.jpg,1391967,leaf,real,84
train/1392093/4e82e0bd7e152e568bf3a0bd872dcd6242051bda.jpg,1392093,flower,real,85
val/1392093/77e06aa42e866666e0dd41cbece5954072e5add8.jpg,1392093,flower,real,85
train/1392093/1c43ee4c0bfd7b8fa846a82145b21b97623a8793.jpg,1392093,leaf,real,85
train/1392093/898f18431414e4cdc5f24e8cae45987b3d8d384b.jpg,1392093,flower,real,85
train/1392093/23ca062d66e4c578ab2bc2846965307fbeddc4cc.jpg,1392093,leaf,real,85
val/1392093/bbb81af48ab3de367fe11586677c8bf34ee9012f.jpg,1392093,flower,real,85
train/1392093/05d44ca5847ed3331ac97bec1506661d67bd3161.jpg,1392093,leaf,real,85
test/1392093/f9685d21300e4a67dd37c8d8cbf1a29ef92f7613.jpg,1392093,flower,real,85
train/1392093/bdcb0d5997424fd709ce927334334edb5366998a.jpg,1392093,leaf,real,85
train/1392093/1327409d4fd4a1114b715a8fbc335f84caf3bf0e.jpg,1392093,leaf,real,85
train/1392093/20383f261f469db154b248bc56754cf740310e68.jpg,1392093,leaf,real,85
train/1392093/fe6491d9e0a5c177ea15a93410322306179737be.jpg,1392093,flower,real,85
train/1392093/a170f640ccc52e8d55d2103faa7771a85ac274cd.jpg,1392093,leaf,real,85
train/1392093/810c8cadf3fae57525579834dc0f2bb621b014e8.jpg,1392093,leaf,real,85
train/1392093/81f6ea2e7f035bf67f925bf8455659eb68f312a7.jpg,1392093,leaf,real,85
train/1392093/c7e432c1ce5bae22df8f156502b4de7b601cd91f.jpg,1392093,leaf,real,85
train/1392093/f0b1c14646d376f35c1334e4190dfcd5a16e6668.jpg,1392093,leaf,real,85
train/1392093/27ec7138a944067ba6b2dad081d543c3e89e9935.jpg,1392093,leaf,real,85
train/1392093/02c7421c2b7baf27fee9481c8087ac7ccfa3f08b.jpg,1392093,leaf,real,85
test/1392093/468b665e1df589adbbb7334b53b6d620a682fee7.jpg,1392093,leaf,real,85
val/1392093/c686e73675f24684593e0c3e2a8cdb5c2b68f1c5.jpg,1392093,leaf,real,85
test/1392093/34da43b03930906073618e722c5bc3ba1ac349a9.jpg,1392093,leaf,real,85
test/1392093/7f27bc05e77cbfda1b0bfe29c23af788b55375d6.jpg,1392093,flower,real,85
train/1392093/b4a8eb0f28eafd9df91217d72235ba3cc9dfcb5d.jpg,1392093,flower,real,85
train/1392093/d03f51da2c436fb8c6bdb4e4c8166291b766199b.jpg,1392093,flower,real,85
train/1392093/ce43d38e8e298008f9becc5febee6611a453b856.jpg,1392093,leaf,real,85
train/1392093/a600ba5ce533d23d5e98ecc56cbccbd29c9a8a3f.jpg,1392093,flower,real,85
train/1392096/7916c44a80261965f2a478879cdefb9c760b6cdd.jpg,1392096,leaf,real,86
train/1392096/3cb7f007931bbdcea26ed318f679aec39d0d2b7f.jpg,1392096,leaf,real,86
train/1392096/2c0a59ffb6ed886ee050c8d5d5e7ed94149566db.jpg,1392096,leaf,real,86
train/1392096/d2121c4ca8983bd6bbe155cc8f47e16738de76fd.jpg,1392096,leaf,real,86
train/1392096/9b10142af2270daaf72f52317eb78e60f9f724e2.jpg,1392096,flower,real,86
train/1392096/5e064581ce824c95e2de29f25deaa6c8784ca9a6.jpg,1392096,flower,real,86
test/1392096/809cb1631e02945b2c77201bb031965dc0ff86f5.jpg,1392096,flower,real,86
train/1392096/b059efa0dc80fc0a29ff94325212941d2b5fecbd.jpg,1392096,flower,real,86
train/1392096/81725c41a16187438a1cd865ec01d393b13e1099.jpg,1392096,leaf,real,86
train/1392096/057f6e0b42cc9216519c2dfc9bf5c1a5215e6229.jpg,1392096,flower,real,86
train/1392096/015cbfdd459927210fe94fa286a67e4d90a260be.jpg,1392096,flower,real,86
train/1392096/2984d6297a5ff60eae2a29e8d3cf60c0d8a5f308.jpg,1392096,flower,real,86
train/1392096/844a5308f8d1b1e8a8b837e1a0ee9528753f3af1.jpg,1392096,flower,real,86
test/1392096/c98661674262ddb97e2b20f9f9425e2068c6574a.jpg,1392096,flower,real,86
train/1392096/c5d28fbe3490825c8238cdc64c8b4faba6371a9f.jpg,1392096,flower,real,86
val/1392096/ba4d667381a20a8ae25ea2429b2edea4e7f9a887.jpg,1392096,flower,real,86
train/1392096/e5e8ab6918efe1e97906f3f1d573efff48c6517b.jpg,1392096,flower,real,86
train/1392096/845f643fb3693fb1d22f6197641489390510ba51.jpg,1392096,leaf,real,86
train/1392096/cd0f8ebfa634ab98afe32a0f325434dd49f4a5c5.jpg,1392096,leaf,real,86
train/1392096/4088df147207a8ec1ff4e287c4fe0abb5dea0311.jpg,1392096,flower,real,86
test/1392096/3520acaded75ed9f1eca93d717efa08e18cb7769.jpg,1392096,flower,real,86
train/1392096/f5b12e1d55b67da54a9afecab6c564dee785f00f.jpg,1392096,flower,real,86
train/1392096/fa3ed77797652e4e3115030d3f3ae889679960e5.jpg,1392096,flower,real,86
train/1392096/58ad392118baa97e4d41896d473bca7af5dc8100.jpg,1392096,leaf,real,86
train/1392096/5ec23533426f6be036b75457e4c074c702dc0e95.jpg,1392096,leaf,real,86
train/1392096/632c06bda91127bec8fd2a6c9586c1a86c3ad51d.jpg,1392096,leaf,real,86
test/1392096/cdd90db9b778da17837e402d516391fbcfeb9032.jpg,1392096,flower,real,86
train/1392096/5e180572283f1b67135a3f90c5f47028de6c6836.jpg,1392096,leaf,real,86
train/1392096/050064bbe8b8f16814d568e4c108b6c6950d0172.jpg,1392096,flower,real,86
train/1392096/d8f57a21eb0ac69463d04f0d106c56b2b9a70130.jpg,1392096,leaf,real,86
train/1392096/0a51e8deb4fbc14b3cf6e454f190f9a0d6b50787.jpg,1392096,leaf,real,86
train/1392096/8589aea30e8a2726479c3b16f812a1613769f688.jpg,1392096,flower,real,86
train/1392096/2b8995434ecf2525b8c00400cf190c9b6d89431a.jpg,1392096,flower,real,86
test/1392096/e56af367c8a368d9eeedba6366444ee85e92b768.jpg,1392096,flower,real,86
train/1392096/1cdcd09e54fa3046845a4f1c5df8c2ce807c1d62.jpg,1392096,leaf,real,86
val/1392096/35c6a1d0d01ebacf0891d04cca26533a9db56828.jpg,1392096,flower,real,86
val/1392096/a087a8622f375a6fafcc21b1846da2e475dd8583.jpg,1392096,flower,real,86
val/1392096/fc5005c0b3199d72f6fc4ae114a6747ea6675f71.jpg,1392096,flower,real,86
train/1392096/cb2b80dc142270074dcb8b42e2241ed2b0e1b2f4.jpg,1392096,flower,real,86
train/1392096/36dc89782e1c6de1f5d17e9cbca95fec8ca1b94b.jpg,1392096,flower,real,86
val/1392096/d1bd64d7b407397f83aa30dfe5e514f1de8773d3.jpg,1392096,flower,real,86
train/1392096/85f78811e2b0d504a247ea16267ce63cabc34d3d.jpg,1392096,flower,real,86
train/1392096/0112d83cf2c7d14f6632370489be6fb90627c60c.jpg,1392096,leaf,real,86
train/1392096/d51218d5a6c3423c77f18e0f67b0bf9772b6566f.jpg,1392096,leaf,real,86
test/1392096/a703424dada7e02a50b1b1c2109ffb78833a500d.jpg,1392096,flower,real,86
train/1392096/76ddd4ccaba40fe28ce1f1cccab4535e34cdb3fc.jpg,1392096,leaf,real,86
train/1392096/f4a48ee9c71fe7aa2c6f911c6d684f0628e783e5.jpg,1392096,leaf,real,86
test/1392096/b890320da9c4d72762c21ac112e3d93d266af171.jpg,1392096,flower,real,86
train/1392096/68c7b60669d79f6c84b898ba39585af39c16e425.jpg,1392096,flower,real,86
train/1392096/b40eb08f0081e8f92892f8b696e04dbfffad5697.jpg,1392096,leaf,real,86
train/1392096/e00b5033cc5c6cd70fde729da8988bb2d2bbff68.jpg,1392096,flower,real,86
train/1392096/e6b79ff2213058f7933ffbe9a2764b86c32a522e.jpg,1392096,flower,real,86
train/1392096/62e9b32470311615d6b759dcce6dd78af96398cb.jpg,1392096,flower,real,86
train/1392096/aced5606443a52164b69251ace303ac1f6160b85.jpg,1392096,leaf,real,86
train/1392096/e5ebfb9033e19b77600b72c2534ea4d4bad738c4.jpg,1392096,flower,real,86
train/1392096/056505f8055f038906f0911d9e3f055b6309f5e8.jpg,1392096,leaf,real,86
train/1392361/7a582dbb560a57ce749621c53ef9f90412f20073.jpg,1392361,leaf,real,87
test/1392361/d548acdea6ad1443def7b3c1d527b255d26a6a52.jpg,1392361,leaf,real,87
train/1392361/c5bc7488395f218edc09c403f7233bd8f0f571a8.jpg,1392361,leaf,real,87
train/1392361/1993bd9df280f97982c6158cc0efe4be6786f522.jpg,1392361,flower,real,87
train/1392361/76d230f418eb6ea6357446ee5d5bf9cff22ae135.jpg,1392361,leaf,real,87
train/1392361/17af73ff3ebefe9710d3beb43c7f429a99832651.jpg,1392361,leaf,real,87
train/1392361/3630213dfdf74d58ce8f942c0d9c131eee20cff3.jpg,1392361,leaf,real,87
train/1392361/a543aa0862c2a8de906713629c0a7da2e9793ea1.jpg,1392361,leaf,real,87
train/1392361/d99bb03507345d3e1c054c1b587336bfd7a71196.jpg,1392361,flower,real,87
train/1392361/cafda8e234697fc2b4863e3915b76d7899f535c6.jpg,1392361,flower,real,87
val/1392361/7d38133580b17eb3badd23e096b8500d71aac04d.jpg,1392361,flower,real,87
val/1392361/0a8e75799abbed57023e67347b6afedd34440348.jpg,1392361,leaf,real,87
train/1392361/fc9974bea8e578df4a9fa1622704eba5590a0719.jpg,1392361,leaf,real,87
train/1392361/fdff1f46cbe61dea726fff04f9e17edf555d802e.jpg,1392361,leaf,real,87
train/1392361/0fd64fc115d10cd8882bf8cd72e36f8ee448190f.jpg,1392361,leaf,real,87
train/1392361/3c31d14b0e67d55bfe0aa1912bb2d3b22dc729cf.jpg,1392361,leaf,real,87
train/1392361/3464f79033d7cb01d2a70409a1efd037f7730f89.jpg,1392361,flower,real,87
train/1392361/73e0a7f8b938837869eb0856a0ee98e3443d4d41.jpg,1392361,flower,real,87
val/1392361/80e427bd01a2f7a6e716035fb7da1156821ba1b6.jpg,1392361,leaf,real,87
test/1392361/5b879149c6b6d50c6c37f9e996544bb20d9bd30a.jpg,1392361,leaf,real,87
train/1392361/d8dbecc94a42af04f4504a7fde118c54af0e9fec.jpg,1392361,flower,real,87
train/1392361/3d4b8822ec48b19fd95a0dec49ea5b067b4f49fc.jpg,1392361,leaf,real,87
train/1392361/76e868a6c98a0c291d67babe07af7fc079663c39.jpg,1392361,leaf,real,87
train/1392361/151d4d9708aa3fa13e706a493b1a871e8deaa9f6.jpg,1392361,flower,real,87
train/1392361/a0076b6662cc6eb8608878ea488ec1b526ad20b0.jpg,1392361,leaf,real,87
train/1392361/602d132581c180dc68f2322fbb7c04d72d50b190.jpg,1392361,flower,real,87
train/1392361/81c780c82e8cfd3b1f2dc3203dcfc1c39c629234.jpg,1392361,flower,real,87
train/1392361/3b3e49334d853f6b6d071eca7ea4f19948799934.jpg,1392361,flower,real,87
train/1392361/951cea91f57940ee6adf2951aee74e170998080b.jpg,1392361,leaf,real,87
train/1392361/606cb2b736b2ff027787d4746dcf1cee9af2ce4b.jpg,1392361,flower,real,87
train/1392361/342dbf1ef8026ced49db416e5dfd26c561fb20c5.jpg,1392361,leaf,real,87
train/1392361/e8e88953ae898f367a08c8ac7756fe49adddaf6f.jpg,1392361,leaf,real,87
train/1392361/009960ec232fee21a25d4051563e27452105b0b0.jpg,1392361,leaf,real,87
val/1392361/706b0b66a55f587bdbc78279a057610d145e85ea.jpg,1392361,leaf,real,87
train/1392361/f4cd863d7894f73866c14258b2818c8fe9f3cef2.jpg,1392361,leaf,real,87
val/1392361/0c37cc3b2423c7053b91349a53a851647cb5ba50.jpg,1392361,flower,real,87
train/1392361/e45e4ffff8599485a4ed4b6fdb269b091fa6b087.jpg,1392361,flower,real,87
train/1392361/012a03a0cda037b405308a4ee84c66725e492624.jpg,1392361,flower,real,87
train/1392361/91957298e73d8ed5025ad2cac255a8a4be981a09.jpg,1392361,flower,real,87
test/1392361/054ac1f0735d5edc01bb3b01862586a37e875455.jpg,1392361,flower,real,87
train/1392361/777519465dbde83c05fbf01bc1d3d1f70b329322.jpg,1392361,flower,real,87
train/1392361/54f2c829105cda70d0d323e8080b9bb002b136f1.jpg,1392361,leaf,real,87
train/1392361/2d0469cb92eab03ecb568c0b7a82122105959eda.jpg,1392361,leaf,real,87
train/1392361/87c5760a0d9f195f182e24937a794dbe3cdd7526.jpg,1392361,leaf,real,87
train/1392361/b4224f9164aa62ec19715db1962ed7d8e3522305.jpg,1392361,flower,real,87
train/1392361/efbde2877e9ed486dab54f55647e3e509b657f35.jpg,1392361,leaf,real,87
train/1392361/d12f43fd9ffa25d92ec964b8b96976622dd9b1fb.jpg,1392361,leaf,real,87
train/1392361/c6e600d8ffc3629e0929540711da855cb74d6be6.jpg,1392361,leaf,real,87
train/1392361/3f3159915260b79660ca1df03bfcb5e18f6224c7.jpg,1392361,leaf,real,87
train/1392653/de26f45e1334bdd11d40351290aa580826c04ed6.jpg,1392653,flower,real,88
train/1392653/a41ea2ec9a755845d698a29cdc1faa6cf01966f8.jpg,1392653,flower,real,88
train/1392653/30db6697c97285f6cb80b97e979038bb46760d5a.jpg,1392653,leaf,real,88
val/1392653/db035e746df68ad06b4e73eb8b6eec24b55d8187.jpg,1392653,flower,real,88
test/1392653/277b49ee84e4c1a21ecd5f38e4ede47785715a8b.jpg,1392653,flower,real,88
train/1392653/7e0f824bc43ca59daafb1f586608a4476891a87d.jpg,1392653,flower,real,88
train/1392653/af2dbf19f5286beaf6d08bf54c5ad30ae85890d9.jpg,1392653,flower,real,88
test/1392653/e93c43f33a5ddb5d4c5372752d15e044e71115d7.jpg,1392653,flower,real,88
train/1392653/7a50dd617c1604626cc49046a7d4507ee927d05d.jpg,1392653,flower,real,88
train/1392653/a1adec29cedf8ae12e276dd0dc4e52322d0ad6e2.jpg,1392653,flower,real,88
val/1392653/bbd4368184f4ed5c5c9a5c12d3ddc1d9b2617465.jpg,1392653,flower,real,88
train/1392653/056bffcb6de7dd2809ed2163bcc5657a255358eb.jpg,1392653,flower,real,88
train/1392653/60a508491c666d822f017e56caeca016081add6a.jpg,1392653,leaf,real,88
test/1392653/467cad0e29022acce7d7782c3e6e29ff9df5b4a8.jpg,1392653,leaf,real,88
train/1392653/fcbe407de985110119543f1ed81f685d35676ba5.jpg,1392653,flower,real,88
test/1392653/500c42d974bf9a07ab37e4e9deaa7889de0298e9.jpg,1392653,flower,real,88
train/1392653/ef839f55f18f03a964509db9248e78091b9af1f9.jpg,1392653,flower,real,88
train/1392653/69bb1436139485f2db230bda9ff49d87140d4d23.jpg,1392653,leaf,real,88
train/1392653/8f3feb4e1b3bf03711738249472db950f1bb900b.jpg,1392653,leaf,real,88
train/1392653/5e739602e1f598a3999ed5c8e17b975335e82beb.jpg,1392653,flower,real,88
train/1392653/f2940d4048c69d6f23ceccd17e96c801dbddfcdd.jpg,1392653,leaf,real,88
train/1392653/f1d2567fc2eae4c7216a903a81cb9fd74a755988.jpg,1392653,leaf,real,88
train/1392653/07ae527ccc67d42e311a72316c30b0ef5387fd54.jpg,1392653,flower,real,88
train/1392653/b79205b7814a85670186b4d09a492e66de864ad0.jpg,1392653,flower,real,88
train/1392653/700a6584432397a6a8ed2309b74e3a3a9384f3d3.jpg,1392653,leaf,real,88
test/1392654/3f20297530e200a7c1b293b6a56d9e3aca9f8984.jpg,1392654,leaf,real,89
train/1392654/cd67836b7221aff29e56812d10cad85f0e293745.jpg,1392654,flower,real,89
train/1392654/421d3d474d875f3675078bccfa3214b8285bcfbe.jpg,1392654,flower,real,89
train/1392654/c041b3bdbaf72e11d6636c386b9298452fb5f017.jpg,1392654,flower,real,89
train/1392654/c70ba9152d61477e509dc699bfe62abb316f65fb.jpg,1392654,flower,real,89
train/1392654/4105ed3b2c59ea34aded75698637473f0a1d27dc.jpg,1392654,flower,real,89
train/1392654/86b4c11a7fe083d168eca59ec38265fcfd4357b5.jpg,1392654,flower,real,89
train/1392654/7a46836e2959e15a7276ccc72765bc6d4a1f917c.jpg,1392654,flower,real,89
train/1392654/f5c99ff468079e3e55eb0971a493ba64b51e3454.jpg,1392654,flower,real,89
train/1392654/a53996409a1d2da39f810abca6540047e8ae11e1.jpg,1392654,flower,real,89
train/1392654/77f5bb2e91c3f059af35e3e10309d759644badca.jpg,1392654,flower,real,89
train/1392654/483241f4477a9137efda7b0a1d2d8e3696a0a372.jpg,1392654,flower,real,89
train/1392654/fcdf1c1687a44217dead2b63cb2bb4e84fd02812.jpg,1392654,flower,real,89
train/1392654/f7d2bcda0a5addbf9ae1c03604bf6cfb4bc5997b.jpg,1392654,flower,real,89
train/1392654/6cbe9c397c7a582c28fa14fb3c5ed998a33564d4.jpg,1392654,flower,real,89
train/1392654/7d64216bf920afff4a183501c475634dcbba8449.jpg,1392654,flower,real,89
train/1392654/a7200f3f0f6378cc43d5a3d431179a5fcc866958.jpg,1392654,flower,real,89
train/1392654/a4b6036b98c8f0bc254d2c5ff5e1248f5e217c41.jpg,1392654,flower,real,89
val/1392654/b8dbc1d805f735e16d40a90347faac56178ec898.jpg,1392654,flower,real,89
train/1392654/7b6d270fa8099f1138cb17ac83eaa4ad83cb9850.jpg,1392654,flower,real,89
train/1392654/f13ffcf0523fc79f05675d63aa2ce3c4434b2db0.jpg,1392654,leaf,real,89
train/1392654/86104ec37c190802f060305d52c6bcf0b7b30515.jpg,1392654,flower,real,89
train/1392654/7eb7146b2bd8c18a4b5cb2b218f1ac4cdd2bedab.jpg,1392654,leaf,real,89
train/1392654/00a47f37dfb6032f3a03df8527222e5878e96aec.jpg,1392654,leaf,real,89
train/1392654/2d5ebc2e894d575eca321008094e219fe537e13a.jpg,1392654,flower,real,89
train/1392654/6bb60c7d6aa1c508b5c05d0614e1a4780e7ec98b.jpg,1392654,flower,real,89
train/1392654/0190e3616b123985417d02d379f630d97ba4ca70.jpg,1392654,flower,real,89
train/1392654/952c7845e72343befcfd0208f0c8d06c811d60bb.jpg,1392654,flower,real,89
train/1392654/f98ad7ef3ac1e8fa9f627e59328ba5d40e4f55f2.jpg,1392654,leaf,real,89
train/1392654/09cc4e0e44f524398605686dc31a675e695a218d.jpg,1392654,leaf,real,89
test/1392654/c03ab3f9b91057e281d24c3751cd6ca205f3b3d6.jpg,1392654,flower,real,89
val/1392654/d9d51e6c9d59f66af0cba99da093dcc0c26d2b2f.jpg,1392654,flower,real,89
train/1392654/22a98a4d324b1d7b5ca63a56417563ba7bf1f8b9.jpg,1392654,flower,real,89
val/1392654/40018a1f2ccf57c400522127c26644dc310b2098.jpg,1392654,flower,real,89
test/1392654/5ffd236851e69f80743652914756771bc9f226da.jpg,1392654,leaf,real,89
val/1392654/4f7c5a77011475ae94e6abdc664c335838b7cbad.jpg,1392654,leaf,real,89
train/1392654/645eace8241a738cb66b71b43e117a8ef9dac4e1.jpg,1392654,leaf,real,89
train/1392654/0ac6c6298d3bec29a87bfb69efc7d2768dc7d8ce.jpg,1392654,flower,real,89
test/1392654/8585028fa68ed7c717a507e731772ed5ba431d21.jpg,1392654,flower,real,89
train/1392654/ce59c61de8c5f8df3bc344b8bcea1e4a1617a23e.jpg,1392654,flower,real,89
val/1392654/7300426870f10f1c2c58e54143b29c4e88456189.jpg,1392654,leaf,real,89
train/1392654/63094612052713a9f95b42afac0b41ec0d8cf780.jpg,1392654,flower,real,89
train/1392654/e98e6c4886707fbbd7e80c558ff28c8f3e89881d.jpg,1392654,flower,real,89
train/1392654/49115ed423346969c4a37f54cf7c4034f9b7cfdc.jpg,1392654,leaf,real,89
train/1392654/657c8b6acfdf87841c5e93a4be412df094b1ea89.jpg,1392654,leaf,real,89
train/1392654/ce4e30c98ce17ea4ed1c67c5ebab299f08e71e23.jpg,1392654,leaf,real,89
train/1392654/d5d7937eac1c33c6723e53c535f19a401c972f5e.jpg,1392654,leaf,real,89
train/1392654/086f98651f2dd9a862411835ddabf8ddd775039c.jpg,1392654,leaf,real,89
train/1392654/a146fb4768726f7e343b8f0415745bfff1b1cdd6.jpg,1392654,leaf,real,89
val/1392654/5aeb356f532151a92087d06692aaf1eb9bb94b85.jpg,1392654,flower,real,89
train/1392654/12e909efaff134bc1912666ad3dc2ad8e32c7cbe.jpg,1392654,leaf,real,89
train/1392654/182aeb843dfc722bb346ab9cefa54680a0598458.jpg,1392654,flower,real,89
train/1392654/6a252d9113c0a5856a95d42641a50b3e56399243.jpg,1392654,leaf,real,89
val/1392654/51a85f13c0bfed5a62c7c172764a63b9b8a106d5.jpg,1392654,leaf,real,89
train/1392654/7d22bba4ee7a54e925cd83850eb49ccef81cec6d.jpg,1392654,flower,real,89
train/1392654/13d68bbd761dfdeb20ff58bc871fe533f9d503eb.jpg,1392654,flower,real,89
train/1392654/8fae234ccfb3d2f4ec35c70f6ab6544a7313d034.jpg,1392654,flower,real,89
train/1392654/d20fe905eaa3a3862fdaaab90ef785457fe57b28.jpg,1392654,leaf,real,89
train/1392654/e0e007e83c1080c589d18cc8bd8fd4b2e4b81868.jpg,1392654,leaf,real,89
train/1392654/956389f67038f1aeb107b92d717f287bd8b670fa.jpg,1392654,flower,real,89
val/1392654/5198fd44b48f587205f9693b99539af811a27124.jpg,1392654,flower,real,89
train/1392654/28fc2c2b66b0e5e6c0f4349c622d1b47c5dc32cf.jpg,1392654,leaf,real,89
train/1392654/ba9c78d5fd94e4bfb20de6014fc90639de5a590a.jpg,1392654,leaf,real,89
train/1392654/1e7463890f87c20bd3d4af711e5ec7cc12639d55.jpg,1392654,leaf,real,89
test/1392654/e01c782e3144e787a4ba16ca60d76a8478f6042d.jpg,1392654,flower,real,89
test/1392654/9e5eb0c23ac48ec3b51ce65e3f46810515f30a08.jpg,1392654,flower,real,89
train/1392654/ce7af0682bfcf77e01eca144c49ba6cda95855d2.jpg,1392654,flower,real,89
train/1392654/3b299da69da162f423aca393f89e3b6c9c4a5041.jpg,1392654,leaf,real,89
train/1392654/7ada5a7c05a96b0b8547e8fbcd40f895dbf3b5d7.jpg,1392654,flower,real,89
test/1392654/2afffd93ba034111ccf9e8b6665eb8c951a5dc71.jpg,1392654,leaf,real,89
train/1392654/bbb9e73cb92d3906523bec86603c14b20680678f.jpg,1392654,flower,real,89
train/1392658/4e3995cd3bde82d8d991e8bc11cbbbb0990bb409.jpg,1392658,flower,real,90
val/1392658/fd8af89605937aba743d3e9830a13ec3498f963c.jpg,1392658,flower,real,90
train/1392658/ac2ee894a89a0214550b62f92b4a7d94209a7a29.jpg,1392658,flower,real,90
train/1392658/2c66bd9ee1285867cd913ea58c7333f242a9a119.jpg,1392658,flower,real,90
train/1392658/b1f877d10c87c5d59877a947f5a2ac37856dba94.jpg,1392658,flower,real,90
train/1392658/b448a95c4d0f576433fd90f02315cf3c076426a0.jpg,1392658,flower,real,90
train/1392658/6ff97e7f5fb2b0a543cd2bde9e3e1a34160608ec.jpg,1392658,flower,real,90
train/1392658/a0350f3ed8a0227749ec69d853c3c070beba42cd.jpg,1392658,flower,real,90
train/1392658/20957c7d7f857565dd67f3286d1d09c0b4e0cbe1.jpg,1392658,leaf,real,90
train/1392658/ab3c6870cfd428db5c2a7f564fbc8144237bd56c.jpg,1392658,flower,real,90
train/1392658/6325be10f2e7b39c55a378282e5c500cdbbfdb3d.jpg,1392658,flower,real,90
train/1392658/2cbec7a0a5e5fbca8564fb961141ef4afb917fcc.jpg,1392658,flower,real,90
train/1392658/d0e6f6249ba326d53464387f963db7e5f824095d.jpg,1392658,flower,real,90
train/1392658/c88c1fc47c90bd61f0f78bcbf1afea90e0189938.jpg,1392658,flower,real,90
val/1392658/d8a65e2d71111ecb75933798b7a99f0cdad4ab88.jpg,1392658,flower,real,90
train/1392658/c963ec098f0315fdbaa3866dd878640893198ab8.jpg,1392658,flower,real,90
test/1392658/4ea590c81d88c356d37441cb260ddac7b37ebe6d.jpg,1392658,leaf,real,90
val/1392658/9655dff8eff9b8077bb6126c210e421a3cbfe19c.jpg,1392658,flower,real,90
train/1392658/dfe86b05036b44abf4d9c7cdcb6aab4aaa444fc0.jpg,1392658,flower,real,90
train/1392658/997c930fa14251b5f1c16d8bd8b230bddf94a7fb.jpg,1392658,flower,real,90
train/1392658/f22559d5132463201667f393df69b1e869d86e39.jpg,1392658,flower,real,90
train/1392658/e2e0f1b44908d830bb9d168210c240fcb658b74f.jpg,1392658,leaf,real,90
train/1392658/f53f5923d547bf79fc589749fb8221308339b837.jpg,1392658,flower,real,90
test/1392658/a36dcbce83f573681e01c9c567dcd9b5c534b2a7.jpg,1392658,flower,real,90
train/1392658/b6b8a153f831b4c4a2c5ac9804ed85cd3dfffe88.jpg,1392658,flower,real,90
train/1392658/df7a0f5ac90593085fc11ac9138db654ba3a294d.jpg,1392658,flower,real,90
train/1392658/6569aa4c66aee59c417774305bab38f5bc4211ae.jpg,1392658,flower,real,90
train/1392658/3d7525729449a2eb55817d33613028247bca4455.jpg,1392658,flower,real,90
train/1392658/cc9a153d1119f703038e57c33c0cef193982c266.jpg,1392658,leaf,real,90
train/1392658/5defa18fd77ebc2a8917f3d6b3e3b02837702b3e.jpg,1392658,flower,real,90
test/1392658/26eb6a8716b1485f9e7a9a30ddcd32562a963b47.jpg,1392658,flower,real,90
train/1392658/573a25f920b1173dce434b6af34f5ba094dd8f3f.jpg,1392658,flower,real,90
train/1392658/3a49f05e25160731e173e12718241e358c6f5129.jpg,1392658,flower,real,90
train/1392658/a9173bd14aa61be51d16f3a46a2d9ff6b99435d8.jpg,1392658,flower,real,90
train/1392658/a50567507c7a49e56cdfde05dfab0555507a67f5.jpg,1392658,flower,real,90
train/1392658/abc6cf633e3d506a85f4d2407657cc948dc5ac22.jpg,1392658,flower,real,90
train/1392658/56415f21bf24581e7d4cefd61d161c3e09c969a5.jpg,1392658,flower,real,90
val/1392658/512be149eb2087c0bc3dac468930a6e3bc453f19.jpg,1392658,flower,real,90
val/1392658/ee4816a17fbce44d6ad2f5add1a73ea712693a66.jpg,1392658,flower,real,90
train/1392658/3bdfa430314e63fc17012bc85130b31067efadf7.jpg,1392658,flower,real,90
train/1392658/4d2316565cdb083cd63e385e786e2aeb9ee29fea.jpg,1392658,flower,real,90
train/1392658/39d6cd8eba56b1967fe89a5665dfb901fe995d2a.jpg,1392658,flower,real,90
train/1392658/f4dffda72dd9829770b028d97c2687d70394aa32.jpg,1392658,flower,real,90
val/1392658/77d51f377e56f1bd1f579a1dd7bcb0d591b86509.jpg,1392658,flower,real,90
train/1392658/644dd9fce16ec512530a89ee301fe63326f02bbb.jpg,1392658,leaf,real,90
train/1392658/6c30992f9cf8c7520526bc23b2c518408a60ed64.jpg,1392658,leaf,real,90
train/1392658/4a93f5ed301ccb69919d9df596d822b75e9427aa.jpg,1392658,leaf,real,90
train/1392658/4619ad603ea2a82c14cd396d11a83c8a6c53bc58.jpg,1392658,flower,real,90
train/1392658/7f288babe0532f201a647a1205717e0156fe193c.jpg,1392658,flower,real,90
test/1392658/f63056f370423c75ec9d0590419b6649f871a78e.jpg,1392658,flower,real,90
train/1392658/db801f262a5dba730957f06e529af6af6fc82984.jpg,1392658,flower,real,90
train/1392658/5f082f3a4e22c2da53549c2b1359458be8d2c23d.jpg,1392658,leaf,real,90
train/1392658/e4cd2216ac6a2a477e16a7f11930bb6873db831d.jpg,1392658,flower,real,90
test/1392658/6468794aa668bac6c2142eac5c518f4983fa9d00.jpg,1392658,leaf,real,90
train/1392658/9271b9306c436c35f27283889c936c47992b7b02.jpg,1392658,flower,real,90
train/1392658/72b296b6d5e098a4b0bfc6965fefc435b81f1170.jpg,1392658,flower,real,90
train/1392658/83c6c7aad4824c1c1c77e45e229da5e07e2342b5.jpg,1392658,flower,real,90
test/1392658/89e96f2c8ed0c0e1f3726c930c091b437eb6469d.jpg,1392658,leaf,real,90
train/1392658/5d668fd4d0dd78534b78f951d4b801401c3fc001.jpg,1392658,leaf,real,90
train/1392658/c9df7ea08c58c369a6218eac00d337a5e7d5cfec.jpg,1392658,flower,real,90
train/1392658/0e6e9046aa866a07c4b360b5a4b51f1b92e6f29d.jpg,1392658,flower,real,90
train/1392658/2f40521177bcc97554adfcb821b1ab8709fab1b5.jpg,1392658,leaf,real,90
val/1392658/66c06ee4e4fd35c5a58b4d0b97dffcb2053a41d3.jpg,1392658,leaf,real,90
train/1392658/c938a55bfb736cf8d1758abfe1a1f5ecbafe266d.jpg,1392658,flower,real,90
train/1392658/1f5b58756ecd9870d8404ce85cc25c4562c25a5b.jpg,1392658,leaf,real,90
train/1392658/c322f12f27005a25bb7516a43c9aab847c7ab179.jpg,1392658,flower,real,90
val/1392658/ff8cb7fd774df00a5c10f1eac93958f14c8abd64.jpg,1392658,leaf,real,90
train/1392689/3906682997a32d06b2272ab6ee59205b3c55f0f3.jpg,1392689,leaf,real,91
test/1392689/2a222943282db98704b5aad76cb3401bcd12f402.jpg,1392689,flower,real,91
train/1392689/15d67725b9bf00f5e0e691dd56445f5a088c2ea6.jpg,1392689,flower,real,91
test/1392689/132642298846e72aeeebe413d0c63ee471d8c258.jpg,1392689,flower,real,91
train/1392689/8d562aee15fef9fe67024ff7c845b270d2d303c2.jpg,1392689,flower,real,91
train/1392689/4e39ab0c8c03e5550849eff5d24f31dc60e16fd0.jpg,1392689,flower,real,91
train/1392689/cc7f960c80be6d9fb566356595850c1aadcc4137.jpg,1392689,flower,real,91
train/1392689/de30308800f5f4513de35a3f437b20029495225d.jpg,1392689,flower,real,91
val/1392689/5e4f9fc1660442929f03f5849115a782e9499984.jpg,1392689,flower,real,91
val/1392689/5d0d014c43304d2e61763e11ec0797f02e696507.jpg,1392689,leaf,real,91
train/1392689/a242634c1a9f6e65987d0a277b602f15ce29c4df.jpg,1392689,leaf,real,91
train/1392689/fb0d42c673eb011d05f2cbaa806f3ac943255467.jpg,1392689,flower,real,91
train/1392689/375970c3764b9e71b73f9448f1a4b2b425ae4d91.jpg,1392689,leaf,real,91
train/1392689/e6c8af220878326de5fc5321ad0f9c31b1059578.jpg,1392689,flower,real,91
train/1392689/389d8c7da400d051cedc52f203bd57d7f9fdca5b.jpg,1392689,leaf,real,91
train/1392689/9af5ac28042c6502831a7c84d4cfeca4b989d7be.jpg,1392689,flower,real,91
train/1392689/d3c9c079912dcdb018acfc6cfa17733cdd17388b.jpg,1392689,flower,real,91
test/1392689/9f7cf302d7f7f7a2c34edf3f0e93d33149dc8008.jpg,1392689,leaf,real,91
test/1392689/d64eb4bc14943224eda112e04b416c3424cbf1ad.jpg,1392689,flower,real,91
train/1392689/6fa6f9fa1f5de3f946beaee267f816cc9ad908cd.jpg,1392689,leaf,real,91
train/1392689/a426fc2e86905ddbaf38d6aff1a6cfab45bc32ba.jpg,1392689,leaf,real,91
train/1392689/51bc36efc1e9c3d0add73004ad29fcf3bd23806b.jpg,1392689,flower,real,91
train/1392689/3fa5b35997cc91d4568d76deb2a0a9de307393c9.jpg,1392689,leaf,real,91
train/1392689/6032c8d24ba8ce6adad3e7ff61b1233de9f61fa7.jpg,1392689,leaf,real,91
train/1392689/309095bc6fc3e34079d59a5a2e2f7cf455459a6a.jpg,1392689,flower,real,91
train/1392689/54c0203ba425825d4dbb96226e97142f73916b5e.jpg,1392689,flower,real,91
train/1392689/754b22163ac95da3d88e2a6f579bc0a0726f8dcb.jpg,1392689,leaf,real,91
test/1392689/f6be549de400bbdbf0e2a374498505d43b3936d2.jpg,1392689,leaf,real,91
train/1392689/04220644d7190a2ff88e4ae4e8d0b2afb31cfaa1.jpg,1392689,leaf,real,91
train/1392689/ed386302a394b4a89225315f6df60c5ed8ebd478.jpg,1392689,flower,real,91
train/1392689/b33211c8218f394c0a726e2c299528e00b3ebb16.jpg,1392689,flower,real,91
train/1392689/fbf5508fd50ad21760ed6c077a0db475e257afb6.jpg,1392689,flower,real,91
train/1392689/df1d1d17c8757280ee785111f67ad6076105d9b4.jpg,1392689,leaf,real,91
train/1392689/9a6a3f514778eff2ba60e034f82070b324fb138c.jpg,1392689,leaf,real,91
train/1392689/c6f2cff5fb08cdf3de223db03ae7d22abfd8a57d.jpg,1392689,flower,real,91
train/1392689/02b9d70c6d143c3fa03089e770ccd1701828cb14.jpg,1392689,flower,real,91
train/1392689/9907f102aab863f85839ed7f00419f7f8b40f56f.jpg,1392689,leaf,real,91
train/1392689/a1419cca36fc94fff5a1ffb1809a71d0cd983a47.jpg,1392689,leaf,real,91
train/1392689/549fa560fb7bdc9fbf1e0a8e0bb6cbcf0a7c411c.jpg,1392689,flower,real,91
train/1392689/8ef21e50c33c0a7715f451764dc0ff65fd0fc56b.jpg,1392689,flower,real,91
train/1392689/07df25eda9f2187f3f264accaf8a6a3fe60db01b.jpg,1392689,flower,real,91
train/1392689/5d3d5392fcc7b03ec37cea79a6c7e61fd0edfe87.jpg,1392689,flower,real,91
train/1392689/ba212ca6409a906c3478f846d7b8ebfe69a73d3f.jpg,1392689,leaf,real,91
train/1392689/592ee316b2ac0b3441ea2475fa48ab456df85503.jpg,1392689,leaf,real,91
train/1392689/9001eac8adba31550f0d3980e26e114eb30fc655.jpg,1392689,leaf,real,91
val/1392689/330004b5dc1bccda1223069a301ac0b2046dd405.jpg,1392689,flower,real,91
train/1392689/01c405e1313377a24c2cbacebf22fd42aca643ce.jpg,1392689,flower,real,91
train/1392689/4ede8065864783214e86281a7d5a54340a0dc64c.jpg,1392689,flower,real,91
train/1392689/c359cd8ffe6e76d14b3649d2f56ad2c42d43e2d1.jpg,1392689,flower,real,91
train/1392689/b2fde01d27645a89753085befb7c42b1e4d38549.jpg,1392689,flower,real,91
val/1392689/1a613dcbb105a804ab35030189290611cc0a36ec.jpg,1392689,flower,real,91
train/1392689/a18cb9b78e0876a443e3eef1976b27bf5ed4f722.jpg,1392689,leaf,real,91
train/1392689/500cd379cfa8586a77bb5f7f18a3dca492e67e5f.jpg,1392689,leaf,real,91
train/1392689/d3a7e2657e3a888149f8e854cd56d068af3cf5fd.jpg,1392689,leaf,real,91
train/1392689/f1b26c01ffc819f2f655898484c4b8100785b51d.jpg,1392689,leaf,real,91
train/1392689/ea2bff89cb101d9beccea8b99639e9dff32fd8da.jpg,1392689,leaf,real,91
train/1392689/052b286b9819c4c0f382edb7f6ad50442dfe4381.jpg,1392689,leaf,real,91
val/1392689/9fe44c39beaee0d82fc23d21f78ea2ab8ad41d46.jpg,1392689,leaf,real,91
train/1392689/597d421792f496c0def3f9d164e585191cdd2d22.jpg,1392689,flower,real,91
train/1392689/c079e4a37a416ef82bf135c4f5eeb28f5b1fcb07.jpg,1392689,leaf,real,91
val/1392689/b58a9751cc29e53d584596c35d049a77e533a68a.jpg,1392689,flower,real,91
train/1392689/b82406cb0e8d7c1d34c0f38687eeac5712cf87df.jpg,1392689,leaf,real,91
test/1392689/969c1b5d47ccbabda3b5de99afa54173a7b8657b.jpg,1392689,leaf,real,91
train/1392689/0486806a31eb69588f47242d07d24cf311c2de9a.jpg,1392689,flower,real,91
train/1392689/f9b058659e0a6cc4bfd8170d5436757d4ebfd80a.jpg,1392689,flower,real,91
train/1392689/9b92407f64141e1c8648fe1ac63eab5590b49c84.jpg,1392689,flower,real,91
train/1392689/94a1d74753560929e04aa5b8f5406f7611cc1533.jpg,1392689,flower,real,91
val/1392689/5194b83cf94711acebba58c71f18f201cda7380b.jpg,1392689,flower,real,91
val/1392689/4a317fdde08e69f3b1972ad4b2ed310f478a3476.jpg,1392689,flower,real,91
train/1392689/85af1f0e3a1790b5ae0abe7aa66c397b770f4bcf.jpg,1392689,flower,real,91
train/1392689/a87263eb372ac38573072c720687075ca75950a1.jpg,1392689,leaf,real,91
train/1392689/e0e2d701a0f7d617f405efdd59476e8ffeb1d5d5.jpg,1392689,leaf,real,91
train/1392690/aa3b37ca488de957bee1d1e499b0c387011ece9c.jpg,1392690,flower,real,92
val/1392690/2ba74bc8d25a4395a273a05f2a228c7596671ee2.jpg,1392690,flower,real,92
train/1392690/15ec6c1d21bfca8a328b1ebdbb787ff724960dc3.jpg,1392690,flower,real,92
train/1392690/9fe27a7609b4b20538ff1bea8cec80109072c3fc.jpg,1392690,flower,real,92
train/1392690/fb52fe5ef2ccf9c7e351e98b0f98189fda02dfab.jpg,1392690,leaf,real,92
train/1392690/a3cc3d42fac49ec1fd6ba9aa88cdd901770ca32d.jpg,1392690,flower,real,92
train/1392690/47415b0a13e3c208e07752ee2179ca0c86147614.jpg,1392690,leaf,real,92
train/1392690/38f7f423ec2a5c1c345b3095df2de66be20109fb.jpg,1392690,flower,real,92
val/1392690/0125cb164e17b02b8bf5070e44106d22a6ae9fcc.jpg,1392690,flower,real,92
train/1392690/a6e5a64f77b358ca5ea7851a36addb1c863cfcb4.jpg,1392690,leaf,real,92
train/1392690/eded978b7ce181d3814922d2782f2bc21628d7b1.jpg,1392690,leaf,real,92
val/1392690/250f4270c81d61d878ad6e2fe0df63291ca0c6f9.jpg,1392690,flower,real,92
train/1392690/81e4eecd57df8a4d50f7fbb397460bf35969b4ca.jpg,1392690,flower,real,92
train/1392690/9a1262e4fd5e1660ae8cf9229e35639b715c09df.jpg,1392690,leaf,real,92
train/1392690/c170d0e489524a18da61336b13433eef984266e0.jpg,1392690,flower,real,92
train/1392690/e70576fc5650f9e15a5f648ea8fd7d2a067e7921.jpg,1392690,flower,real,92
train/1392690/a4d27b0b57930880fcae4181be99ce12796bcae8.jpg,1392690,flower,real,92
train/1392690/851b3a2eb75aa76d9c1117c881fe0c8d5bf3a1b6.jpg,1392690,leaf,real,92
train/1392690/0f5a877824cf0cf2efc128d93c095633e2ec3c2d.jpg,1392690,leaf,real,92
test/1392690/9f9d395c57f249c9545355e21f9ad374d4bacc99.jpg,1392690,flower,real,92
train/1392690/bc9eef9959b48a659073620dd91c266093bdb1be.jpg,1392690,flower,real,92
train/1392690/a4c451b94eda1180c9b58b81e1db48cb02720413.jpg,1392690,flower,real,92
train/1392690/dc72645d73c405661f3245b1c11c73dfebf14df6.jpg,1392690,flower,real,92
train/1393245/fb3229b961d1e237675a4dc857792dae29db2e40.jpg,1393245,leaf,real,93
train/1393245/13e3971ef39a8e367154ae896c0f4d5b3518e999.jpg,1393245,flower,real,93
train/1393245/68bb57ad5b76b48c9eab90b7840e9914c0ec3314.jpg,1393245,flower,real,93
test/1393245/ad7940784f04c7efd753d1940e52c5ed1654f80d.jpg,1393245,leaf,real,93
train/1393245/efbfee0996e2455000800f01464abb11f2f1a513.jpg,1393245,leaf,real,93
train/1393245/c5475dade6f3f9cdb132a84a23550d52679c9fc8.jpg,1393245,leaf,real,93
test/1393245/8a59f8cf65ef49a7f160e4f12046c9a14e2bec32.jpg,1393245,flower,real,93
train/1393245/908994a779e8f0ebc5b9da9714cffc18c43e20f8.jpg,1393245,leaf,real,93
train/1393245/1786b693b78e0bfece7058051aebc40a19bf96eb.jpg,1393245,leaf,real,93
train/1393245/bdd06efedc52a4aad7819f9dbacd0e646dceb2bd.jpg,1393245,leaf,real,93
train/1393245/538781a1b19c64d23bd87cc7574efd4f651f2914.jpg,1393245,leaf,real,93
train/1393245/d0786c6c2b947abfac809ffaf7515005af249f71.jpg,1393245,leaf,real,93
train/1393245/54e49cc20222fbb67a5403aa49e697d628b8a38e.jpg,1393245,leaf,real,93
train/1393245/a8b02c8be7b7efd90aba389fbfefdfa6a2889c75.jpg,1393245,leaf,real,93
val/1393245/00f9934d684b2d217b2c30fae619d9b16386ee1e.jpg,1393245,flower,real,93
train/1393245/e4798d3ee63c89831b9d335f047d73989476b0d0.jpg,1393245,flower,real,93
test/1393245/76eb72009f3132ac520fd69eaca6247237cd74fb.jpg,1393245,flower,real,93
train/1393245/b241d1b8119e9e81e28dacb0a94863fc88cc49c4.jpg,1393245,leaf,real,93
train/1393245/7f7910d41c036976e7a746704e3a88f3d5db3c2a.jpg,1393245,leaf,real,93
train/1393245/5df9b7f07cffb712cbdb0278d0d392ac41c0800d.jpg,1393245,flower,real,93
test/1393253/5d9e94932ca69b0d9b8900429215880b5ffafb8f.jpg,1393253,flower,real,94
val/1393253/b99cbbb6800d96ebbb6c767740b41111a21e2185.jpg,1393253,flower,real,94
train/1393253/4c2048b26584c550419b1c17b4746a419159d13f.jpg,1393253,flower,real,94
test/1393253/77ad88b26d4227ca5b478248a09957670c5f79b8.jpg,1393253,leaf,real,94
test/1393253/5b606ab2db9f5277f7e99e9d83843bf451e3ebda.jpg,1393253,leaf,real,94
train/1393253/0563237790a8ffbbeb3761e58df3208b57903fc8.jpg,1393253,flower,real,94
train/1393253/88c48fd96dd4d3d60331b9424accb7ec56562f6d.jpg,1393253,flower,real,94
val/1393253/5cef807a1c6524a15d9397bceeb9056479bc91b8.jpg,1393253,flower,real,94
train/1393253/2ac2fb90d911a98505b8ef5f8144cbca7ab9bf19.jpg,1393253,leaf,real,94
train/1393253/aa8bbe408aec9b5694fa9e9072ca40a2b2c1b287.jpg,1393253,flower,real,94
train/1393253/0d7c4dd04f468bb068383dc155b8472f23158239.jpg,1393253,leaf,real,94
train/1393253/f8bb979fb4021f79b67e5537a5ec0d6095a826ac.jpg,1393253,flower,real,94
train/1393253/8feb762a2baa2749baaabcbd39a59911b2ad1b5f.jpg,1393253,flower,real,94
train/1393253/e9a09e3afb5695c58e9ffdf685ba5f39bd539813.jpg,1393253,leaf,real,94
train/1393253/ac324ce1413c18b42dd1ec457f72d539ffa90f72.jpg,1393253,leaf,real,94
train/1393253/896f386b6f939b5705042b2fe8b6f80b20fa6cb9.jpg,1393253,flower,real,94
train/1393253/0af69d16f7f2e2c3defa276a81c15149d4f489a3.jpg,1393253,leaf,real,94
train/1393253/e1c94a036165bdd4f80f09149e36f0e5a454cc3a.jpg,1393253,flower,real,94
test/1393253/18f0071cacaac0444655fed00badb0845edfd5e5.jpg,1393253,flower,real,94
train/1393254/fa126d56bfdb7576ee7afddd9b6744f37cc850a0.jpg,1393254,leaf,real,95
test/1393254/a7e771b62fce254e47d4210b0f1fe10a5efe55bd.jpg,1393254,flower,real,95
train/1393254/aaa2d38ba2db1f83ac3f0ec50d6ada6c997d9cf1.jpg,1393254,leaf,real,95
train/1393254/dbbb86f3a91e120687a4c787a2c0c6b4e7e39104.jpg,1393254,flower,real,95
train/1393254/7ae2eb151e18047f376306a0576089a4e217ba81.jpg,1393254,flower,real,95
train/1393254/545b9f654e23037ca549d9ef863e0e272fdd1845.jpg,1393254,leaf,real,95
train/1393254/0b19dd04af9faeefe8d8f94d20ea0085367c8703.jpg,1393254,leaf,real,95
train/1393254/d280a4df38c2e9220745bab7a3c98d0e18da77a5.jpg,1393254,flower,real,95
train/1393254/7bc302316ea1e1b283057878fc99cef80deea239.jpg,1393254,leaf,real,95
train/1393254/f3683ad1b5a3e35ee5de179390df932e3431eba5.jpg,1393254,flower,real,95
train/1393254/c89b9a6d4afd9283bcf06a31f39d178094ecf8b9.jpg,1393254,flower,real,95
train/1393254/a592a48422328c0b088ffd1e86dace86cd0f82a9.jpg,1393254,flower,real,95
train/1393254/eb6cf3352a64ee698ce6c2ec53985576105051a1.jpg,1393254,flower,real,95
test/1393254/2f0ce03dc4d8a859b88a9d3ad2f7d30e67925752.jpg,1393254,flower,real,95
train/1393254/b1abd264a15c8f41625a721dcac68499e18f873c.jpg,1393254,flower,real,95
train/1393254/507e294d60e1cf9d1e766785573998fcee2ef48f.jpg,1393254,flower,real,95
train/1393254/2e8e1cff50ce9644226a17630f281356a3b1d197.jpg,1393254,flower,real,95
train/1393254/227414c7e71d5d3a4530784c17807fd3cc401345.jpg,1393254,flower,real,95
train/1393254/7fb92042c8f0127df774de7e9b6a353fbdbd01c7.jpg,1393254,flower,real,95
test/1393254/902d7f1e71c37f18f4ec3756d96dc4e1db32ff9a.jpg,1393254,flower,real,95
train/1393254/89f8585270bb4b4bd8ad20668df6aa87e98cf8f5.jpg,1393254,leaf,real,95
train/1393254/09e6bbd01da198d22b75149db077baee2f2e9484.jpg,1393254,flower,real,95
train/1393254/3e0a15434324225709a11cb198814aa7854b04ad.jpg,1393254,leaf,real,95
train/1393254/f2b8f5efb00adb823acd055bb6273ae6ece16120.jpg,1393254,leaf,real,95
train/1393254/3f3f4b22849fec652d7bc7ceeeed613e25cffda6.jpg,1393254,flower,real,95
train/1393254/990f924f12823ee13d44c04d51b6990e7179df03.jpg,1393254,leaf,real,95
train/1393254/bf7c77c9bdecac45be1e0f6b37d7214a9d4e61b3.jpg,1393254,leaf,real,95
train/1393254/a0fef12d7c8cc120c0258d22a66a4add666ca373.jpg,1393254,leaf,real,95
train/1393254/a0586f0a73f0d57f26de816c66f4ce2cadc533c6.jpg,1393254,flower,real,95
train/1393254/792968a0d7feee10c47c0639f9718472024c8d03.jpg,1393254,flower,real,95
test/1393254/5d058aee2a731ecfb10511d98644f69e8fb2d65c.jpg,1393254,flower,real,95
train/1393254/f7b65d12d819d5adaacdd455b4607a1a5f07e201.jpg,1393254,flower,real,95
train/1393254/68eae73928c3e0e831ea7323ccb723c506aaac51.jpg,1393254,leaf,real,95
train/1393254/a5195b522328632995171f6ad90d3f5e5209db24.jpg,1393254,flower,real,95
train/1393254/27c67ae55ad5bec614de59280a945fe3e56db859.jpg,1393254,leaf,real,95
val/1393254/22f256657258d69312a67834e383cdb1c4b41bc0.jpg,1393254,flower,real,95
train/1393254/49bffb169f9736d182619fc51ceb0738848b4591.jpg,1393254,flower,real,95
train/1393254/1ead70f4e319ffedc21370a940a6da365ff99145.jpg,1393254,flower,real,95
test/1393254/7d6c7ed5de3222a88e733a7dec3a00900feff8d3.jpg,1393254,flower,real,95
train/1393254/7cafc32b461c9d11955f6a5a05905067e14f92ad.jpg,1393254,flower,real,95
train/1393254/f0af712a6883a257d108d922d0ecf756517dd857.jpg,1393254,leaf,real,95
train/1393254/752d23604d2582e58bc01928391b6b803351cc9a.jpg,1393254,flower,real,95
val/1393254/7d0cedf54e0601abe623ced4abb807fa740927ff.jpg,1393254,flower,real,95
val/1393254/282abeaf7fb4ea292938ceeaab2f292c2d98c180.jpg,1393254,flower,real,95
train/1393254/509cc7f76b9b44ab9ea89f7a79e97e56c3be94f5.jpg,1393254,flower,real,95
train/1393254/e40ddebe42a6c14b989862c3ee01376b460ec85c.jpg,1393254,leaf,real,95
train/1393254/0ff2af6ded38a37d8b0fcd4ccc6ddf455a428615.jpg,1393254,flower,real,95
train/1393254/62d865281c96948a0e9a563b24dfb0c720e44451.jpg,1393254,flower,real,95
train/1393254/dc8fb26dbce15ab95a115c2d02188da7f7707066.jpg,1393254,flower,real,95
train/1393254/79e152847c0edde3635b91415ea1de5fcf045e35.jpg,1393254,flower,real,95
val/1393254/84fe9c85eb2fc671e36762941069a8592afeb806.jpg,1393254,flower,real,95
train/1393254/5e22640624f61f25c6d08c493e828fee25af67ea.jpg,1393254,flower,real,95
train/1393254/e51a934b487b4103c1d54693d362bedeba184dea.jpg,1393254,leaf,real,95
train/1393254/f6724c9561ced2cf34dd4f8963c2786769df78b4.jpg,1393254,leaf,real,95
train/1393254/715895031041ea4f4280f2c00bcefaa6f8a1b138.jpg,1393254,flower,real,95
train/1393254/6e44aee643b564a744d64ab650bf4a3fdc7ced29.jpg,1393254,flower,real,95
train/1393254/2fa5ee30c266fd068b81f7f4ff5ba3004709eb2a.jpg,1393254,flower,real,95
train/1393257/a91c622d467ae37aa7284abe35a42a6ecf8ccc31.jpg,1393257,flower,real,96
train/1393257/174a252c8cf8bc51d9da20291a1a37e47cd44b39.jpg,1393257,flower,real,96
train/1393257/c7779e7901b132e24121a4aa468d136f1dc16cc0.jpg,1393257,flower,real,96
val/1393257/d3f25d8c2187eb224753255e5fd91881b4cbc7e9.jpg,1393257,flower,real,96
train/1393257/b7a4138efa0118336297edf70b3e7329d577921a.jpg,1393257,flower,real,96
train/1393257/956f565c0a1fb7fb75f6c4b41deab0a6fa6e87b6.jpg,1393257,flower,real,96
train/1393257/61206b73a74ea0fdb1743bddcc870695868e9b96.jpg,1393257,flower,real,96
train/1393257/84fc9e3fb0848710112c304b46e1bd2e8addfcae.jpg,1393257,flower,real,96
train/1393257/4f678d8fff52503c81f5f40ea06589ca018c5088.jpg,1393257,flower,real,96
train/1393257/5fd22b601b80dac6ecc295955f91f9e798a06de2.jpg,1393257,flower,real,96
train/1393257/8fa8106ae8881a43fa69b4a1f682c8f68c1bad6d.jpg,1393257,flower,real,96
train/1393257/9cf860799690e3232b4fd8735acf0e70d94c7aed.jpg,1393257,leaf,real,96
val/1393257/ed5c8cbd9b69d5b409bc5bae96047ef50b5cd47d.jpg,1393257,flower,real,96
train/1393257/922875a068e36f7eafd0ca316a412b4f03ea5348.jpg,1393257,flower,real,96
train/1393257/a284a29ccbd66d8f6afacbf14d9ff4247eb8696d.jpg,1393257,leaf,real,96
train/1393257/8fc9964414bb2c06161cbe90d00eff329a1166ba.jpg,1393257,leaf,real,96
train/1393257/fa593530c2c96d0e84595608a9616f5366865c36.jpg,1393257,flower,real,96
train/1393257/0882779bd23caba20ee676d139c8e7e55df2caa8.jpg,1393257,flower,real,96
test/1393257/a114f7e7f5c46b121fcab502f258be1d6e27312b.jpg,1393257,flower,real,96
train/1393257/3291d32a4d82c4ac3961fae8b64ab45c9aec1963.jpg,1393257,flower,real,96
train/1393257/ad00067cc1c28fdf5d0c856957db622e99d5e96b.jpg,1393257,leaf,real,96
train/1393257/9f9b6e35908e96673ab242e4dd14a69238f07e48.jpg,1393257,flower,real,96
train/1393257/8cf3612923e2da0dbc6c623afc29545400ed43cd.jpg,1393257,flower,real,96
train/1393257/8d5ea056accca60b0ee138ae27163f5e89921d92.jpg,1393257,flower,real,96
train/1393257/171415bd52cef780c2b1dfd8c041ac1a3795ccbb.jpg,1393257,flower,real,96
train/1393257/1b56d1c4342c207fce36bc01ea95289cdffbc6d9.jpg,1393257,flower,real,96
train/1393257/2851edac2cb06db5247d39cabe7bf5d9cb62aeca.jpg,1393257,flower,real,96
train/1393257/4968c5e018bff28d6d1c9c5241fd4908942a05ed.jpg,1393257,flower,real,96
train/1393257/9470a1b6ef938e5b63e2e297fb867721ddd30d9e.jpg,1393257,leaf,real,96
train/1393257/7764d751744cc0e5c6f79637493d2f1bb2a889b4.jpg,1393257,flower,real,96
val/1393257/94532d7f2344c3e034c1d63d3e89a645d34b3eaa.jpg,1393257,flower,real,96
train/1393257/fc9c7e6482e5617db208d0e7ca956d0fa6b02526.jpg,1393257,flower,real,96
train/1393257/332f0afc979962a7e57171bae750783ec893309c.jpg,1393257,flower,real,96
test/1393257/65f1a590e856737c97a8d95c1997324d2c62f023.jpg,1393257,flower,real,96
train/1393257/18d5daad0118f1832fe3d5f419215244dae6498c.jpg,1393257,leaf,real,96
train/1393257/9bdca04d2d45c63f9d6ae2a30e156cd2ceaea4d3.jpg,1393257,flower,real,96
train/1393257/6ae502c3232a97cb224a5271fd9815d872d6225e.jpg,1393257,flower,real,96
test/1393257/ab578ac9bfcee9d2051c08388a296fd70dbdb872.jpg,1393257,flower,real,96
train/1393257/c322fba8c3e597d8ff1445d03950bd396522bcf2.jpg,1393257,flower,real,96
train/1393257/1eef1b0580214dcf6dbbdc687ed156742787cd64.jpg,1393257,flower,real,96
train/1393257/c8d59567d180dce023d5c712d8afd713e43aeea2.jpg,1393257,flower,real,96
train/1393257/dd877b38bc82decd25285846c2168ff404ed2fc0.jpg,1393257,flower,real,96
val/1393257/04abe967d1ff02d4c7b279cf1eef64f330b8bcbe.jpg,1393257,flower,real,96
train/1393257/31f4c9c1cbad31ad1b04d0191a8432e7b8696ce9.jpg,1393257,flower,real,96
test/1393257/e5f512c0fdf1efadee21ea3b93166b87d9829ee6.jpg,1393257,leaf,real,96
train/1393257/953264f30e687e936f207de6726a8842dbd9b497.jpg,1393257,flower,real,96
val/1393418/072967370789ce28bad85d7cb338b20a00fbfe0f.jpg,1393418,flower,real,97
train/1393418/2d775ccb5c4fee215444fa52a35bd6f2971f19fd.jpg,1393418,leaf,real,97
test/1393418/a0e858624f762fa21df6da16a8c9cd3085eb8b12.jpg,1393418,flower,real,97
train/1393418/da525e5cd3fefae3e794fb0adf7325bcb42eb5cb.jpg,1393418,flower,real,97
train/1393418/beaf0a84db261ea21ea148a8cf358c0d4bc31a25.jpg,1393418,flower,real,97
val/1393418/3f3b933aa2df7aceb7c79f9cfabede7d8001fa1d.jpg,1393418,flower,real,97
train/1393418/3b4a9509c30741ca2c8ba7d11d3e8e56632f40d6.jpg,1393418,flower,real,97
train/1393418/11b3b982145f9472ed2f61178de821789f2d2122.jpg,1393418,flower,real,97
train/1393418/ae8392e7c7a2c5912d249a851717751421e381ba.jpg,1393418,flower,real,97
train/1393418/df59707395e96d24e3c4853611d0d365a35e69b1.jpg,1393418,flower,real,97
train/1393418/c8b0d1aa7015b15bc3a4dc72bf2b6cba278eac6b.jpg,1393418,flower,real,97
train/1393418/c9df7ec6bfb454aec7f960813a72a89c29102104.jpg,1393418,flower,real,97
train/1393418/30fec57787858031450bc436dceba02d734fc6ae.jpg,1393418,flower,real,97
train/1393418/2f4f98a0c631b3e69592fa9184732870f9c37d14.jpg,1393418,flower,real,97
train/1393418/de12dd38dcae6223f33acc22288a74f9b9af9e22.jpg,1393418,flower,real,97
train/1393418/7321393a152b474c0d34e27e30c1d254e975ab98.jpg,1393418,flower,real,97
train/1393418/47f45e7e95c8934554e2c5ef570764ce9d093add.jpg,1393418,flower,real,97
train/1393418/ea8260302c6894e4ae6c6e28f14c26f057d26b8d.jpg,1393418,flower,real,97
train/1393418/2b7177533dc490462c48900123a661ddfd9ec226.jpg,1393418,flower,real,97
train/1393418/20615b92ba65e940b3af242daebc69bf1f29e1eb.jpg,1393418,flower,real,97
train/1393418/656ba13be3e4a991312de2d6ee13f1be097f7274.jpg,1393418,flower,real,97
test/1393418/5bf637a4ea72946dbf674ffd666f0b784fee280d.jpg,1393418,flower,real,97
train/1393418/c40b4386d711cb057294432f75c46f13fad6c2ca.jpg,1393418,flower,real,97
train/1393418/6c43c855a9d318d84e484e4f9e1960a508033c46.jpg,1393418,flower,real,97
train/1393418/1e193e9ad183a51656f4a6933a35359080838209.jpg,1393418,flower,real,97
test/1393418/40e9cb3df997e399a2d572ec976d98c117c3f0a5.jpg,1393418,flower,real,97
train/1393418/01e88b6957797c340ae9379b3f21e529e6485a18.jpg,1393418,flower,real,97
test/1393418/25bd7dd6d7487e0d4e5f0d0abd6edc49ed549126.jpg,1393418,flower,real,97
train/1393418/71f6d2d013a6e1e3bdc76c23fa7d1a97be2568e7.jpg,1393418,flower,real,97
train/1393418/1f40972a9fda5fd465d21f6712d2905b68738fab.jpg,1393418,leaf,real,97
train/1393418/f86ffd995e31347d88c4827bcc759fb6adf5b3a4.jpg,1393418,leaf,real,97
train/1393418/f2ff77a713654dfa91788724b00e230aa0a0bf80.jpg,1393418,flower,real,97
train/1393418/179720aceab186f0e9b83d605202277858a821aa.jpg,1393418,flower,real,97
train/1393418/fc802b9b350d2f913c3fb0c27e01b9ddf266e9bc.jpg,1393418,flower,real,97
train/1393418/b93ed254d74c062879a6efe78cec8a08e968e063.jpg,1393418,flower,real,97
train/1393418/5c6bef20573b8f9be829152e4e30e3fb267277bd.jpg,1393418,flower,real,97
test/1393418/ee6d937531c4d160110d908f11b0642f3ce1895f.jpg,1393418,flower,real,97
train/1393418/fb6291730d12bf14ba565194efae0042c87048e3.jpg,1393418,flower,real,97
val/1393418/3418ad9c48e26dbf889f2af7ce9182b0a4e99aba.jpg,1393418,flower,real,97
train/1393418/97b854ed854c27d6f87d5c402e1f015ca83ba79f.jpg,1393418,flower,real,97
train/1393418/7181d309a20d8ae5dc43d8aff75c9c272c91baf0.jpg,1393418,flower,real,97
train/1393418/7b81916257b9541a09e23a2e639ac96748a5a3f2.jpg,1393418,flower,real,97
train/1393418/05f1f215f581c27739720dd45a5b36287771cb86.jpg,1393418,flower,real,97
train/1393418/9070e268c50dbb4d90d21d5f5d62ac370982f434.jpg,1393418,leaf,real,97
train/1393418/bc71478717345a60be2d603005d0c191348a9d71.jpg,1393418,leaf,real,97
train/1393418/3d1120d385b9a79e025a566b2ac7c3d24f9a6a58.jpg,1393418,flower,real,97
train/1393418/9835c58b4fc8dceff090d49aff1dd56e07bcfe10.jpg,1393418,flower,real,97
train/1393418/4c8d6d8576602454091a565e726cf09b5803ebd2.jpg,1393418,flower,real,97
train/1393418/52aec994ab994b7fc12049fa28459f772492dda3.jpg,1393418,flower,real,97
val/1393418/e3d646eb1e0d966d593276ba8abffacdecba0612.jpg,1393418,flower,real,97
train/1393418/8c408f197fbd400eba6846ca1074675713e409cd.jpg,1393418,leaf,real,97
train/1393418/1b0daef05edaa853b4dd7defefeddd3beb97ae30.jpg,1393418,leaf,real,97
train/1393418/0f42e4aff4f9dc58e134283ed4bc2163c9afd80e.jpg,1393418,flower,real,97
train/1393418/e007e8aa1ab44cea49bf98b4dca60e643d8066ee.jpg,1393418,flower,real,97
train/1393418/8ec97886fb6f49bf613bef69fb24ad7aa284b680.jpg,1393418,flower,real,97
train/1393418/d25bcafb4000ab5d0b6c14a79f20d6c11920df30.jpg,1393418,flower,real,97
train/1393418/e225ddb256173ee0537196d2a50f89192aa72caf.jpg,1393418,leaf,real,97
train/1393418/c7cc0b7b69e54d9eb773d57917dd1d96360d9f65.jpg,1393418,flower,real,97
train/1393418/868717c1584a566ce40e5abd1ee9ce19187fb0d4.jpg,1393418,flower,real,97
train/1393418/0bca420f57179049bbd872dddabae2fb96cc3fb9.jpg,1393418,leaf,real,97
val/1393418/251120bbca90743f0d85e4cb558a6e4e4556f754.jpg,1393418,flower,real,97
train/1393418/e5749fb1ada08ef7607064eae788a2e3848df1d1.jpg,1393418,flower,real,97
train/1393418/35131f3ac10f5f30999c1f146b0cf1e81424c547.jpg,1393418,flower,real,97
test/1393418/e24dd4516d5421b356dae3086640f3779c1c9bb2.jpg,1393418,flower,real,97
val/1393418/f8808a7b8b2b90ef9fef135154813b8cb4eaa403.jpg,1393418,flower,real,97
train/1393418/38a5bc357cfd2c6c885d92292d5d423b00e12323.jpg,1393418,flower,real,97
train/1393418/931953fca974d24e9886ee952cd1d360536f78a3.jpg,1393418,flower,real,97
val/1393418/88ee5d2b6ffbf7e2377cdbc092ea07ff9cf63fd0.jpg,1393418,leaf,real,97
train/1393418/03177b9df3f180d0e28464162b583ba40e4c878d.jpg,1393418,flower,real,97
train/1393418/2635f0d06c7d5598aac55aaa33633228f1af4c2d.jpg,1393418,flower,real,97
train/1393418/dc9e3af502241c8b7970aff5e8cd7212d3930d3b.jpg,1393418,flower,real,97
train/1393418/e71e40f98d1c3cecdddd9c70f4caf5f03e4c5ac6.jpg,1393418,flower,real,97
train/1393418/c4d8ad4cb1fd54818a501a970b73b7bd5302da5d.jpg,1393418,flower,real,97
train/1393654/2e3c76d63a239aa6be26ca948c1763dd67875652.jpg,1393654,flower,real,98
train/1393654/715f910f09fa0a18718ea8df7a61d78def03cfa3.jpg,1393654,flower,real,98
train/1393654/a969dce085ae99d01cf109b9c9c3da9e28ae2fb6.jpg,1393654,leaf,real,98
train/1393654/730d6ada9aa4c351ccfe47aeae4e9be7396715e5.jpg,1393654,flower,real,98
train/1393654/470937e197cb3ba46bfa4154d19f022c58c4774b.jpg,1393654,flower,real,98
train/1393654/64f3d924ead5554b57e90c1c4d37734d1ca981e0.jpg,1393654,leaf,real,98
train/1393654/edb4a4c06aaf1613ee8410f674c5142602b79ad4.jpg,1393654,leaf,real,98
train/1393654/450922a7d0a91abe19aa8b76fa713dab2da9fab1.jpg,1393654,leaf,real,98
train/1393654/318a89baf21d2ce30044723079fdddf81a681f2f.jpg,1393654,leaf,real,98
train/1393654/a19c281553391c474f2f8a37abb44bf3cd9f9f81.jpg,1393654,flower,real,98
val/1393654/ad17aea9e089d6654f5ef9c3d1ef5c48ab9b1579.jpg,1393654,leaf,real,98
val/1393654/82b493604ab8ef1ea3fe1a857184bf553df32c7a.jpg,1393654,leaf,real,98
train/1393654/f7179f3ee298ea0bcf53cad81cf765eb806f47a2.jpg,1393654,flower,real,98
train/1393654/1ea7063fb2a0f6842be3afc3ba5ae0355912c6ec.jpg,1393654,leaf,real,98
train/1393654/756811d4acbec11eb28b61ff9c378fb49a6a8d81.jpg,1393654,flower,real,98
train/1393654/4941e2f41a4045081883e07ea36fefce810e898b.jpg,1393654,leaf,real,98
train/1393654/751e233ecfc2c56f03434de49cfd243d142ef22d.jpg,1393654,leaf,real,98
val/1393654/f6835bd55ed7c743e553af9903bb6316edd9f47e.jpg,1393654,leaf,real,98
val/1393654/548d4de35904c7ab942daff75a2678b89369ab31.jpg,1393654,flower,real,98
train/1393654/0fdc91d302d0965905367d46b227548aa34aeb9c.jpg,1393654,flower,real,98
train/1393654/e30fc3578ba6a7866d508a76d12a34b92ca30634.jpg,1393654,flower,real,98
train/1393654/17eae9361a227c8c1fa9d336b0693dfb71cf81c1.jpg,1393654,flower,real,98
test/1393654/80650b412738e5847fee58bf433d00e92de31077.jpg,1393654,flower,real,98
train/1393654/44584214e857c7cedfe78c9aaf1ef225e7355654.jpg,1393654,flower,real,98
train/1393654/3f41e58ff1c9145c4032a8f8fafa795a3680917a.jpg,1393654,flower,real,98
train/1393654/aff587af6b89dd0ea9d181388a5e2cf50a69486c.jpg,1393654,flower,real,98
train/1393654/334bfe50565c8322327cb7a4e3cd4beed68a6cf0.jpg,1393654,flower,real,98
val/1393654/ebe9cb7da7f2593ffb97b8df4e9e605cc0de8026.jpg,1393654,flower,real,98
train/1393654/02ab490322a54dba71b25f96715a18053707e333.jpg,1393654,leaf,real,98
train/1393654/d0fc2b9ef2d508eb38fed6326a08000037364d06.jpg,1393654,flower,real,98
train/1393654/8d509707c8551ef1a2c6dc9f51d3c70534b4dc86.jpg,1393654,flower,real,98
train/1393654/95635fdcaa07b694c39933fbf5e383d5b577b4b0.jpg,1393654,leaf,real,98
val/1393654/b46c0cb57add8b3bd1d6fe79527b82eb65660db7.jpg,1393654,leaf,real,98
train/1393654/b5ec0abebff8aeedfa7a44f13841e1d6e5d2b7e1.jpg,1393654,flower,real,98
train/1393654/9ac2a8249e19df693f5d4520aa7ee4e46e899e4a.jpg,1393654,flower,real,98
train/1393654/2a99d4639a972fefb9e6985a9a2c629229940977.jpg,1393654,flower,real,98
train/1393654/899f5cd8e5cde7f090f1436ad72cb548361d88a4.jpg,1393654,leaf,real,98
train/1393654/0a3144f40f14cbeaf3fa34423ce93e22f21bbddf.jpg,1393654,leaf,real,98
val/1393654/53d924b9f0d35f59a44768677b2eae9ac2181d52.jpg,1393654,flower,real,98
train/1393654/a6d8c26961895c11b46ee91e26fc945057d324c6.jpg,1393654,leaf,real,98
train/1393654/cb5dea8197985475f91967283149fa6b9b045a85.jpg,1393654,flower,real,98
test/1393654/c7da39bc47966e2b01fea87946aad608a951a795.jpg,1393654,leaf,real,98
train/1393654/28871da13ece56f361da5d265a1bad6cbad0e2d7.jpg,1393654,flower,real,98
train/1393654/ed16a2836f8adbbb33d4979bcf7a8ab7a5059317.jpg,1393654,leaf,real,98
train/1393654/1c041fb6efd706689cf528c7c6b293237dcdd55a.jpg,1393654,leaf,real,98
train/1393654/39cd5608b108adad5192073f2cd4bd12d4d50e3d.jpg,1393654,leaf,real,98
test/1393654/3428bb88a92aa7ec37f6c9490eb0de2942c714d2.jpg,1393654,leaf,real,98
train/1393654/d714becdd18e333d7b43e1cef5ecf328c55ca021.jpg,1393654,leaf,real,98
train/1393654/ba11ad7d98a98675b916087ae9d53a8df290080e.jpg,1393654,leaf,real,98
train/1393654/0e11f1231f7aff495f60212bf7d1eb0cb66af63d.jpg,1393654,flower,real,98
train/1393654/cbe7e89a39e999e3a19c222d29578312cbaf6092.jpg,1393654,flower,real,98
train/1393654/495e2021915b1d5557c4a7c15f88966a1be9647f.jpg,1393654,flower,real,98
train/1393654/1a86838fa6c7df20c728121514ff0d85b6ed2705.jpg,1393654,leaf,real,98
train/1393654/112aa1e4f7720ae091c1f965f67608cf06bb5b9b.jpg,1393654,flower,real,98
train/1393654/e9444fd245d3008ece1e88330a866e937f7b0e97.jpg,1393654,leaf,real,98
train/1393654/d501ce03a6620b5c1dc116af6be06e44950dd95a.jpg,1393654,leaf,real,98
train/1393654/c18ec2ebc8a415e6105b3bfdad3d52bc977044ce.jpg,1393654,leaf,real,98
test/1393654/6d702e5cb2cd4e43db616072a8b0e98ec481a973.jpg,1393654,flower,real,98
val/1393654/f0747101feea773cb70e6aaceb6898d9915b6d7c.jpg,1393654,leaf,real,98
train/1393654/8245641adfff9110ff16ad85ebfde6797288947e.jpg,1393654,leaf,real,98
train/1393654/76ecb75afd7fd4a02319aeea7bdca71d68899ff5.jpg,1393654,flower,real,98
test/1393654/36b76017c3450632f2a4be1ae62dd9bd8295590d.jpg,1393654,flower,real,98
test/1393654/841b692eb912015fef7c5ddadea04dd934c27bd3.jpg,1393654,flower,real,98
train/1393654/fba3cd7f83569a37ec0b113d53138508c4e79539.jpg,1393654,leaf,real,98
train/1393654/d15146ff6f91da84bc65bee35b117d6ed6b37fdf.jpg,1393654,flower,real,98
train/1393654/0798a5f97677e0878e275ad7f918dd2ca7ce740a.jpg,1393654,flower,real,98
val/1393654/b0382cd4d42e9a56c52d8892cb64149ccd4cd1cc.jpg,1393654,flower,real,98
test/1393654/24fbe5c22d8244e4d56231149f765944a47df20e.jpg,1393654,leaf,real,98
train/1393654/8148efe6542f9222e4dad018a37dd23287b4cee0.jpg,1393654,leaf,real,98
val/1393654/9856b65afe06d11d4c1de5dacc6e320d8e004509.jpg,1393654,flower,real,98
train/1393654/7639aac55a2c87ebfa375997391bff96293d4e0f.jpg,1393654,flower,real,98
train/1393654/397115110824c1b32757dddd2a81b219b59520f9.jpg,1393654,leaf,real,98
test/1393789/6463cfaf40e7343605db516f9ee1a370a1ec3f2e.jpg,1393789,flower,real,99
train/1393789/885da28122e5ff95ceeab83ec0c6c0f67f1af674.jpg,1393789,leaf,real,99
train/1393789/f5e13789a5f96b69f0ea7fd7885a8e076f3f3357.jpg,1393789,flower,real,99
train/1393789/2a5612083a9b26a186a154d30495f588f0329dc8.jpg,1393789,leaf,real,99
val/1393789/a2d1a996e5b71abae130e9623987f2fb01888a7b.jpg,1393789,flower,real,99
train/1393789/377773a91bb5db7aebeedf5e0abf22738dbaa11b.jpg,1393789,flower,real,99
train/1393789/03904cf2a86bb0dac61b1fd2eb899b424dcc56f7.jpg,1393789,flower,real,99
train/1393789/6dcd78d40a9bc278b4d90197b2de7f9ea6bd86f4.jpg,1393789,flower,real,99
train/1393789/091c16068c1d4e77eb4d580bd7d8aa78a8949993.jpg,1393789,flower,real,99
train/1393789/41f192f6eb28b9f017ffd4a88d90728754fc264d.jpg,1393789,flower,real,99
train/1393789/efb9bab1cebfd4ca4a264c9756ae602f87b8f4c4.jpg,1393789,flower,real,99
train/1393789/b9ae11883e9170162887821619b6503b5b78acb2.jpg,1393789,flower,real,99
train/1393789/a6d96912f4f7620398afc5c7d64a6fa980caa2eb.jpg,1393789,flower,real,99
test/1393789/c5061d7d90bba22ff06eb8700a5a577306e6f7d1.jpg,1393789,flower,real,99
train/1393789/82361d0b99cb5989d8afeef25764c9a02e4a82b7.jpg,1393789,flower,real,99
train/1393789/d64dc52160c4a7d849999d421dcec7abaa94c150.jpg,1393789,flower,real,99
train/1393789/a5bc95002320518c1d417ddf1789249a037983ea.jpg,1393789,flower,real,99
train/1393789/55870d4fe96181175751f56f23bcb36d280c0984.jpg,1393789,flower,real,99
test/1393789/3801a36d7219eb7e799b4757f363f720b860c892.jpg,1393789,flower,real,99
test/1393789/382496bbe6910465b04512415031616fe9aaffbc.jpg,1393789,flower,real,99
train/1393789/9f8d1da187fad917bf7bf9eeacba5dc4bef745c9.jpg,1393789,flower,real,99
train/1393789/41c9949256ecbaee95cd433e746ccdd44eeb3052.jpg,1393789,flower,real,99
train/1393789/bb8b5a7fdc0b4c15c2c7818f42ff19465d8d4a15.jpg,1393789,flower,real,99
train/1393789/677f22c7b3a4c0a19112a0d99a3aaa1d35601c42.jpg,1393789,flower,real,99
train/1393789/3b103d36ff965c0c9dae420e5587f1b8e1cd33cf.jpg,1393789,flower,real,99
train/1393789/7af838230bec05082bdee6c2e1528251a604d1d2.jpg,1393789,flower,real,99
train/1393789/83617083d55ae98cba8b83dfb8a9cdbec11e6eeb.jpg,1393789,flower,real,99
train/1393789/7ac901a28f1d1d0a2ec244e1b72b26b5f41491eb.jpg,1393789,flower,real,99
train/1393789/dc90fd8c43bfe1164c4171aed66bf0fab8f55eda.jpg,1393789,flower,real,99
train/1393789/8df50472c9763c087065335cba1b657b883449df.jpg,1393789,flower,real,99
val/1393789/e847731df7d6780e3bde5c902f595d55e10e634b.jpg,1393789,leaf,real,99
train/1393789/7c4736ada6cef0b5118874841a349021543e8e70.jpg,1393789,flower,real,99
train/1393789/924198f7b535f901dba6d43ee4441607c58d4482.jpg,1393789,flower,real,99
val/1393789/46bc8fdbbbca2e5560e482e4f1a3566bac35dca6.jpg,1393789,flower,real,99
train/1393789/1e0bd353816a22c58cad723fcc7de9d5cab05b01.jpg,1393789,flower,real,99
train/1393789/bcbb91fd5e662e43d2b108148e5dac08b5e5c763.jpg,1393789,flower,real,99
train/1393789/2af483f859c4da22faa9a96a4f7a64d398a09507.jpg,1393789,leaf,real,99
train/1393789/ded66477dda41754373985be8d95373ecbc0445c.jpg,1393789,flower,real,99
train/1393789/8f98a507179ebc784344eb99efe4859dec8a1731.jpg,1393789,flower,real,99
train/1393789/8c8c9ebb3d418c2f6ee0ba9adcb6caabc6cdbcb7.jpg,1393789,leaf,real,99
train/1393789/0c3be3541496e22c1846740e49d2b3399e4b0f4e.jpg,1393789,leaf,real,99
train/1393789/35c6ed5754bddc5232c3726ce9b824680ef72d4d.jpg,1393789,flower,real,99
val/1393789/e4aaf816cf621d6bded00ab678e3851536ebb7f0.jpg,1393789,flower,real,99
test/1393789/17e74114027df3c7723024d72cd19c289618bcab.jpg,1393789,flower,real,99
test/1393789/86775475c20f4b39b57e00555c84987d25248f88.jpg,1393789,flower,real,99
test/1393789/13fc1870966ef894c3021a21c41952e89e62b077.jpg,1393789,flower,real,99
train/1393789/342c22ad64df16b9798f4728fc59b09e9f194ac4.jpg,1393789,flower,real,99
train/1393789/e75280270bd54a6aae57ace708f4586aa3451653.jpg,1393789,flower,real,99
train/1393789/41b4f3420439ba3bb8c809f07def40534724a4a7.jpg,1393789,flower,real,99
train/1393789/1e9b60bd49779699bbd4fc10dfe5f7e7ca0f2e9f.jpg,1393789,flower,real,99
train/1393789/5424e29fca4d68d2472701ea274e79528d880026.jpg,1393789,flower,real,99
train/1393789/8a2a1cf995fd08dbc9df48c54f5f8f16300fbea8.jpg,1393789,flower,real,99
train/1393789/8ba89ed5ef215e4a9e94fa43e712af8c44e0a408.jpg,1393789,flower,real,99
train/1393789/94ea6b0544da48f36d900731b2c632607fffae8e.jpg,1393789,flower,real,99
train/1393789/ae5321885d4e34736aae54293072dac7761ebf49.jpg,1393789,flower,real,99
train/1393789/0c061d0cbf9cf50a2c1792cc98be518d5f0ada56.jpg,1393789,flower,real,99
train/1393823/a19ad39cedda9ceaef2484b16c8c59d18b366d58.jpg,1393823,leaf,real,100
train/1393823/6fec23af6d893c718042df87d2dc15d7e94fac21.jpg,1393823,leaf,real,100
train/1393823/52b43bc60203e321788a35393ec865602aa7e490.jpg,1393823,flower,real,100
train/1393823/fe5b6cc604735e1369156952c92f3a6c4ac85a2a.jpg,1393823,flower,real,100
train/1393823/4fe8d24f526b801c8ab6bdda1d5fb4fab671df41.jpg,1393823,leaf,real,100
train/1393823/67ce8c9b9dd64028b1fd7b01fb7061bc6a9b7d51.jpg,1393823,leaf,real,100
train/1393823/87fb6623c1e3a74b5181a9619a82aac1030abd05.jpg,1393823,flower,real,100
train/1393823/7ec3ad527b3161e094e346ca839b88076e4aa188.jpg,1393823,flower,real,100
train/1393823/63b8d629f61d0d2486047f83d1d6a0b14f5d7631.jpg,1393823,leaf,real,100
train/1393823/2389ba0d698fd8bea7f32a387c0f9162c4eca241.jpg,1393823,leaf,real,100
train/1393823/8bdbb2a631a728b72b2df03e67280daeabdb92a3.jpg,1393823,leaf,real,100
train/1393823/8a0efa0bffd39b4b5c7ba1c7c6546d1e740f644d.jpg,1393823,leaf,real,100
train/1393823/14e7667e8addad72dd44297ebe6fe1b6b6eca78e.jpg,1393823,leaf,real,100
train/1393823/99f415e331e2d2848b6fb814283df1943c4f4af6.jpg,1393823,leaf,real,100
train/1393823/cea3f1bb7e6021438ea0a572dd196081f916a893.jpg,1393823,leaf,real,100
train/1393823/e496a73936c30f094bd81fac78f622102937a8ca.jpg,1393823,leaf,real,100
val/1393823/87dcc2db4fe79adc732576cf1210ed6f5ab8e86e.jpg,1393823,leaf,real,100
train/1393823/f29b543642338249997ce9054647c7dc8e5d710c.jpg,1393823,leaf,real,100
train/1393823/f478430b4750484b18ffd725f1fbd3a7c535f15e.jpg,1393823,leaf,real,100
val/1393823/6609e2992235cc7388461ec48eb72d07587ffbb0.jpg,1393823,leaf,real,100
val/1393823/d63ce563119bbd8665be59d927ef463aec4f735e.jpg,1393823,leaf,real,100
train/1393823/d558216b5e420df6990e97dbb31cc072ddcdc874.jpg,1393823,leaf,real,100
train/1393823/e3b50079ea196be5be3135d6e2b4791e8ece95b6.jpg,1393823,leaf,real,100
test/1393823/9b652d4dabb8c10d5792236e56addaf2ee40ec7f.jpg,1393823,leaf,real,100
train/1393823/3549cd93fc49a7bfdc6a77bc3f0498700602ec46.jpg,1393823,flower,real,100
test/1393823/226f4a2be409247700704c5732616ea31c50333a.jpg,1393823,leaf,real,100
train/1393823/d9f3db62ed9beb9e2528e50f009f47ced5888fc0.jpg,1393823,leaf,real,100
train/1393823/0670939b20c16abe74887c1dc9d930837f5ecf88.jpg,1393823,leaf,real,100
train/1393823/d62c47377a469f74c4602b72f20cdf98207c8d5c.jpg,1393823,leaf,real,100
train/1393823/f7721d5c26b7f11a4925ed7eefcf68ea87eaeed7.jpg,1393823,leaf,real,100
train/1393823/7320928b35061080a04b0072e9bf2b609ba7a6d9.jpg,1393823,leaf,real,100
train/1393823/1b2f7b2a1f20c98311b491b7760a9bf2f973a140.jpg,1393823,flower,real,100
test/1393823/104629b88968cffb759b08414ff86448addee46d.jpg,1393823,leaf,real,100
test/1393823/f2778457aed75d81961b6a712240978849fdd261.jpg,1393823,flower,real,100
train/1393850/e23074232da3750e5cc107974f3ade43d6da59b6.jpg,1393850,flower,real,101
train/1393850/6e36cac26c02fd838fe4a90fb7c732bebadda4bf.jpg,1393850,flower,real,101
train/1393850/4fe36029636c6f46199bc3cf5c8fb58d1edd10dc.jpg,1393850,flower,real,101
test/1393850/f24ad395d1de53e7265dc7e9a5523c29f7f7d66e.jpg,1393850,flower,real,101
train/1393850/ab65056f5d51e16db05b0d943f5ec57ac26fa54c.jpg,1393850,flower,real,101
train/1393850/ddfe8672a3ebcdbb7575b6c5cd2f06b704bcf2bd.jpg,1393850,flower,real,101
train/1393850/5f496aaccc4f10dd87c01033817f5a8d67ba56e6.jpg,1393850,flower,real,101
train/1393850/133eaefbc296b974b9b8e5dbb939aa7a7cea6ec1.jpg,1393850,flower,real,101
train/1393850/d3c89f0090bce22cf4f8a80055bba794d81ea0ad.jpg,1393850,flower,real,101
train/1393850/b17f99a5dff80b55c5936e26f491bebdf325b423.jpg,1393850,flower,real,101
val/1393850/9fc1c6c80dab3e938f761e2e81dc80fe98319495.jpg,1393850,flower,real,101
train/1393850/a8c4076254313b11a3550c372954c41997891dba.jpg,1393850,flower,real,101
train/1393850/ba425dd2f18348495ba4c99f361f38b241eee77c.jpg,1393850,flower,real,101
train/1393850/f0db5eca5adbbdfad104d4729a1a6a79c06c9425.jpg,1393850,flower,real,101
train/1393850/d4182ee0ebd8b391bc152740459b480557fbe595.jpg,1393850,flower,real,101
train/1393850/bf7143576969cd816717adec6ff373b0fa557e44.jpg,1393850,flower,real,101
test/1393850/f736d3ab45f90fcdab1c1fe737beeb026540b9d0.jpg,1393850,flower,real,101
train/1393850/2028dc076bd8b9c748517ce1f2b2600ac144ac66.jpg,1393850,flower,real,101
train/1393850/4f7efc76acae2c51b1d41efd7651b1e5ad99154c.jpg,1393850,flower,real,101
train/1393850/acf88accd1d314161e3db3f1fcedcfda21873b70.jpg,1393850,flower,real,101
train/1393850/db967c85512142b6029f421d588b98721dc11d88.jpg,1393850,leaf,real,101
train/1393850/b2930eda160fcc4bbd149d6c98f906d228a546b1.jpg,1393850,flower,real,101
train/1393850/7d78d179df7307e4eda801d57676d1aa75ccc528.jpg,1393850,flower,real,101
train/1393850/327e84244279df77a92b6025e8158effa57d948c.jpg,1393850,flower,real,101
train/1393850/5df171b2df499abcd7574db4ceb30fa1aeaefbce.jpg,1393850,flower,real,101
val/1393850/3ec73a7730c0ddcbb2bbd7ced676a2ac69885de3.jpg,1393850,flower,real,101
train/1393850/7408f0727f2690a29f67b1c4011e800e5279fe2d.jpg,1393850,flower,real,101
train/1393850/b0cadc0fbcb0ad9bf6253479b3216e29bf58590a.jpg,1393850,flower,real,101
train/1393850/e1139d715389465419df5e58994e843299572c25.jpg,1393850,flower,real,101
train/1393850/efaabcafb7d7b98aa4b2f00b52e5431e0d1e7814.jpg,1393850,leaf,real,101
val/1393850/b5bc33f85c724846be1579ee794ba56f50fe76f9.jpg,1393850,flower,real,101
train/1393850/5a5a90372c30ba83b96e928deeb0adbecd931002.jpg,1393850,flower,real,101
train/1393850/a6890a7ff4618d3005807155ef8aa3495b558b8c.jpg,1393850,flower,real,101
train/1393850/c3b7159ab23192741e91e598c8197ed4b8abd0c1.jpg,1393850,leaf,real,101
train/1393850/4c8c6c7989b038a7efa8d5b2254570dfe7e19822.jpg,1393850,flower,real,101
train/1393850/b05ff0defc718c07c812d6067265b4865f2fa8f6.jpg,1393850,flower,real,101
train/1393850/48a48fae98961c7a23067e7ed84122d6f4e9143e.jpg,1393850,leaf,real,101
val/1393850/2705eaffa969c2d2f757fccefc1ed1975b609d80.jpg,1393850,flower,real,101
train/1393850/5876d95b7a9782a4540dd07e9193ad3528facce6.jpg,1393850,flower,real,101
train/1393850/42e335b1b55ab1fafb31ca6c69497b49610ce04d.jpg,1393850,flower,real,101
train/1393850/3a20cd7bc85b489829c39629fac2c1d2a7fc27bd.jpg,1393850,flower,real,101
test/1393850/f65d58a8c113e1f4936ecca16615ae59c492c8a8.jpg,1393850,flower,real,101
train/1393850/fc4918585b95b517e2ca5d97cbe433e4455f3d16.jpg,1393850,flower,real,101
train/1393850/8e076e0d58b29503ddf66848d03179885ab4dda0.jpg,1393850,flower,real,101
train/1393850/4cc3ba4ea6cde97d1c3479b9388330decc3516ce.jpg,1393850,leaf,real,101
test/1393850/33e90a397892d04dded4de3b94bee261116c1f1b.jpg,1393850,flower,real,101
train/1393850/a7d4f6909d77a5ed67c7ddde951856585f0f13c1.jpg,1393850,flower,real,101
val/1393850/b539288ec8700da58acf2a510d92554fbaaf6c4f.jpg,1393850,flower,real,101
train/1393850/5ce7270e633509fe1f5016dee9a27c13376e8111.jpg,1393850,flower,real,101
val/1393850/d313526c97adf2fa2fce4fc306942d412b2443b0.jpg,1393850,flower,real,101
train/1393850/cc38bdaa7ce5c27516aa83344c7a83e5c454b4cc.jpg,1393850,flower,real,101
train/1393850/e98bae156439929fe7c8c4c18962d5e197353050.jpg,1393850,flower,real,101
train/1393850/5f3cfed7cb317aa5d80ef028ecee7593f764e92e.jpg,1393850,leaf,real,101
train/1393850/9132351d9cdaff3b41affe7aefa3f3ef76b47da5.jpg,1393850,flower,real,101
train/1393850/4eb845af82f0912a8bed04fdb8d8487762a5246a.jpg,1393850,flower,real,101
test/1393850/e9e5e9eb1c06789dfc7d0383f82fa0e2262b6413.jpg,1393850,flower,real,101
train/1393933/82fbf25109ae2240e1451743d945a68d3443d94b.jpg,1393933,flower,real,102
train/1393933/5dd4ab9e3f01062df9e07c740e9828dc875e79e1.jpg,1393933,flower,real,102
train/1393933/55e98861acdd80414ae933c315899c17c38de8af.jpg,1393933,flower,real,102
train/1393933/5446116b3b03907f3cf03990c354a6a133c247cf.jpg,1393933,leaf,real,102
train/1393933/5fd8b995e8d5005a3f29a4bb44be6ac2e3741060.jpg,1393933,flower,real,102
train/1393933/72f7e22dcd718d0539f9db57701003dbb32a4fab.jpg,1393933,flower,real,102
train/1393933/264b895342c00505850fd1d3bdc92e5726eea5c6.jpg,1393933,flower,real,102
test/1393933/fbf9b8faf4393c87444b243bb008d5d6bd25c31e.jpg,1393933,flower,real,102
test/1393933/ea93007d0df5b7d6ff028db5bb285535aa069787.jpg,1393933,flower,real,102
val/1393933/9cac5e00a3a4da6ef7f426255c07bfa6524dd604.jpg,1393933,flower,real,102
train/1393933/a4e1e1a69948ed9923c00b82f66e2d9b4472e65c.jpg,1393933,flower,real,102
test/1393933/0d1cf78885245ab4b16c0ae10cbcf5ab3c83f757.jpg,1393933,flower,real,102
train/1393933/3e8085075955335e3be5e5ee63d0b902071607d2.jpg,1393933,flower,real,102
train/1393933/41f2bef4bc2ae5ca742aff8f70be6aaba1c357ee.jpg,1393933,flower,real,102
train/1393933/83e88b423501db499a5c9b60bb952f8e582e7a1e.jpg,1393933,flower,real,102
test/1393933/3b8f9af5609d40ca7cd1fb1671d202cd2fac0304.jpg,1393933,leaf,real,102
train/1393933/1618141dde76ffca86dcf8d159ffec643b17d566.jpg,1393933,flower,real,102
train/1393933/cba1d3300b663e35c876c425b71d504a694acd7c.jpg,1393933,flower,real,102
train/1393933/db9068b58c6b6229c53baeb19b3fde50ceb4f60a.jpg,1393933,flower,real,102
train/1393933/f3ec2fd73d50440c4f6fa0e262c21d0afb79170b.jpg,1393933,leaf,real,102
train/1393933/94e5ed12a5c404d792d5476d80ad9480f8242f2b.jpg,1393933,flower,real,102
train/1393933/bff256f2cdcda66f27b8de5e10b4078f1387387d.jpg,1393933,flower,real,102
train/1393933/8c361afd319efd4ee126140f5847aaf55003d444.jpg,1393933,flower,real,102
train/1393933/2be0e6c35863ffe3a9c1128f982a758af67b4aa6.jpg,1393933,flower,real,102
train/1393933/7a75027c55ed88e455ec47c56f85e63274dbbff8.jpg,1393933,flower,real,102
train/1393933/fbbe7beb3457a3d0783c8e1411ed0ff723a5e1c6.jpg,1393933,flower,real,102
val/1393933/9a64a4569109a9c18e67897605dd0b04336f2847.jpg,1393933,flower,real,102
train/1393933/a42c802a1f4c808e300ec82d34cf985dad0ecbba.jpg,1393933,flower,real,102
train/1393933/56b636f8a4bd6eab9585546e9ec411739c3b739f.jpg,1393933,flower,real,102
train/1393933/8ca37bd6b6e4980c73bbe1a0399fb499825d1283.jpg,1393933,flower,real,102
train/1393933/083081b58c5df91a2d82084bd080dbae9aaaf73a.jpg,1393933,flower,real,102
val/1393933/8d43bc15a96619fb726233140644e8ef5b4175be.jpg,1393933,flower,real,102
train/1393933/83c3670e9adc6249d8cdceb79c90aca8a85896fd.jpg,1393933,flower,real,102
train/1393933/c44e19d081597aec3149c9ec81f22cecd6c1ebf3.jpg,1393933,flower,real,102
train/1393933/5e8145d5ea2bc9777313c9f9871a1e320c18662e.jpg,1393933,flower,real,102
train/1393933/753c05eec024bc0ff9fe5f51746dc60c040358f7.jpg,1393933,flower,real,102
train/1393933/e13558a8c6085ab63ccab23fb47eb5091734cf4d.jpg,1393933,leaf,real,102
train/1393933/0fe459fe4c00a5e86acb7aeb43e61ce6b0fcbd57.jpg,1393933,flower,real,102
train/1393933/c2c737f6dd3f5d2c52807d8374ff11548d53624b.jpg,1393933,flower,real,102
train/1393933/c4422798d7d5578ff588a8d35b4707f524c3b701.jpg,1393933,flower,real,102
train/1393933/122066da0a54c119ea9d19c655fc1b0b8e689114.jpg,1393933,flower,real,102
test/1393933/920878f99336b930c1b86a1e52ac0a7fef9af85b.jpg,1393933,flower,real,102
train/1393933/372132009e4f647898c709dcd3f740e66d167183.jpg,1393933,leaf,real,102
val/1393933/5f0c6466155ce6b9ec0950e0a1336734abf07a36.jpg,1393933,flower,real,102
train/1393933/3739e5ec824a3b612557681cff2efd409d785768.jpg,1393933,flower,real,102
train/1393933/1c42ed5edac6edeeb17086e200daf68a7da10e61.jpg,1393933,flower,real,102
val/1393933/508dc6e30a8ecffc4d0727283c70f2f459477341.jpg,1393933,flower,real,102
train/1393933/051e256c759838b649f0320126ff19e5ead71c4b.jpg,1393933,flower,real,102
val/1393933/3a3b1bc08f5ee524bbd1b2040a1d85ec3325d69a.jpg,1393933,flower,real,102
train/1393933/f9a2b31309fe35a66d182144cb1538beac844f50.jpg,1393933,flower,real,102
train/1393933/037398f83192dfb8fb02eb58a2d1ab98dd32e45d.jpg,1393933,flower,real,102
train/1393933/dfd3dd331cd0d0d1a63a1c2951bc50e8bfb5a808.jpg,1393933,flower,real,102
val/1393933/51abae1029e24c91024384c807e45a67bdd4edbe.jpg,1393933,flower,real,102
train/1393933/ef864f5608bc4251d2e043eda8b6757fc3645800.jpg,1393933,flower,real,102
train/1393933/ad509dad1011c598d1d59e9e969de3fe3cd99f56.jpg,1393933,flower,real,102
train/1393933/6a17b90fe61c182417964119d915c561d94add2d.jpg,1393933,flower,real,102
train/1393933/32ede6031a48308a1f791a8be8a3fb59dbbc33a2.jpg,1393933,flower,real,102
train/1393933/653cc5152501720b5ae35f9cf7e1db24779ebdfe.jpg,1393933,flower,real,102
train/1393933/d38ec09b93461fa0f0a14f00289aee4f888cc4ca.jpg,1393933,flower,real,102
train/1393933/25f629c05cfba0e1187b65ffeb5c932ba29c4686.jpg,1393933,flower,real,102
train/1393933/f9f50d8883bee09acba1d553c2fec7cb816b3077.jpg,1393933,flower,real,102
train/1393933/20e5beeb29009408a12d3f893876c2875026af08.jpg,1393933,flower,real,102
val/1393933/4e7b5b2f7ae120f21075e0ac6ac545c3cd04cea4.jpg,1393933,flower,real,102
test/1393933/df45ebf58b1e0feab4e10c477e194a86d10f5a13.jpg,1393933,flower,real,102
train/1393933/32f5a78c7db43c5a1909a527dffb3af0c11c681a.jpg,1393933,flower,real,102
train/1393933/d398f31d60d749654fe50410ade387b0c189c298.jpg,1393933,flower,real,102
test/1393933/ff5cf019e844210d77604d093fb94781339d1ff0.jpg,1393933,leaf,real,102
train/1393933/0f7800665cc9a99150964a3cfd4a2aabc6b32664.jpg,1393933,flower,real,102
train/1393933/965586e5ccba79f8382c6525ca708b07a8be4107.jpg,1393933,flower,real,102
train/1393933/7e20d751c6d6ff9818db749c561dee935a65576f.jpg,1393933,flower,real,102
test/1393933/a21f2310b1465fe03c02929a71ddfba874bf61b0.jpg,1393933,flower,real,102
train/1393933/9ea1a43432b33b0730c6b19a25ade2636d6eef68.jpg,1393933,flower,real,102
test/1393933/ee56a47222524114edf7aa48f40a681dd0d63aba.jpg,1393933,flower,real,102
train/1393933/539d76d750e66837dfee74e9c2a9ecb97a28cf70.jpg,1393933,flower,real,102
train/1393933/9400f331dbba465f720b4a61f0d5231e86b03119.jpg,1393933,flower,real,102
test/1393933/66fb41a7a533d6ab11d4268ce7ac1707b128ef70.jpg,1393933,flower,real,102
test/1393933/417da43e1dcf8c5c131a464f2c768cb660e098db.jpg,1393933,flower,real,102
train/1393933/67b307da634e18a0c5f6bffeafbff9f3fee9e1d1.jpg,1393933,flower,real,102
train/1393933/20f7bf8d12960b70b5ec9d6837ae6f4563f583cb.jpg,1393933,flower,real,102
train/1393933/f32666e1efbffc8862575bd9612ca5da8fef0714.jpg,1393933,flower,real,102
train/1393933/57fce55fbe50a689628a3ade1672d3144bdc05d6.jpg,1393933,leaf,real,102
train/1393933/f496a2ef841e84297c75c276312049a00464bf08.jpg,1393933,flower,real,102
train/1393933/f6682a36c690048675843a3468c63cc58da0806b.jpg,1393933,flower,real,102
train/1393933/5b2914108a067d0235c3bde548868fc8735da133.jpg,1393933,flower,real,102
train/1393933/0d0c1eea6b12b0e9188c3dedb998a3963e4e1a65.jpg,1393933,flower,real,102
train/1393933/172d759e76cb8331cc4e49c617cf21beea8f6fba.jpg,1393933,flower,real,102
val/1393933/cc2e9273cd7cff855cb0959511a46c45468af1c7.jpg,1393933,flower,real,102
train/1393980/5ea56dc1b508a2465250cfeec71fd2281cbd060c.jpg,1393980,flower,real,103
val/1393980/ea01ee391e0ee14438f0ba2a3878e16eefd17424.jpg,1393980,flower,real,103
train/1393980/32c47b25db29016f3e1fd09035453ba22ce450e1.jpg,1393980,flower,real,103
train/1393980/e5524496a2268dd92802fb92592f05cc38318c2b.jpg,1393980,leaf,real,103
train/1393980/70a3399893479010d496d0fa65921b744d8df898.jpg,1393980,flower,real,103
train/1393980/f758d52d8f128569f1c97a4fab084c280b98156f.jpg,1393980,flower,real,103
val/1393980/7a386049f8bad3363369c9f1109629a551577e7f.jpg,1393980,flower,real,103
train/1393980/33fa18c47d59e73d8b0902054d8344fdabf1a0f6.jpg,1393980,flower,real,103
train/1393980/b7c0bd3d25000b75b0ed7a92fe4785202b09c51b.jpg,1393980,flower,real,103
train/1393980/d31f63e15ffc34926ac50f4330d8436a6677de0f.jpg,1393980,flower,real,103
val/1393980/ddf1241d7990d1fea2519760e335ad553de4babb.jpg,1393980,leaf,real,103
train/1393980/b9463f0b8f699aabdc94bec20aa8bf0767ed6cab.jpg,1393980,flower,real,103
test/1393980/eb103970a590806daea3a654840cd5b14602c09b.jpg,1393980,flower,real,103
train/1393980/e399d0da5dffdd60520789fe54cca6d1a34b6ba1.jpg,1393980,flower,real,103
train/1393980/1bdb1a5303b2f22f1f34d8d9ddc9a203f6e54a81.jpg,1393980,flower,real,103
test/1393980/1dac7b5a854d360e5f6aa55e0b5f0c4d5c68e1cc.jpg,1393980,flower,real,103
train/1393980/f4e1d8a6f39cbee108e2c2c9b5fd4227dbaba7d2.jpg,1393980,flower,real,103
train/1393980/852cf33083a058604ae16903ecb5b65aea4eaddf.jpg,1393980,flower,real,103
train/1393980/d867d88a38799da2acf6a956c2c00093e5290cfc.jpg,1393980,flower,real,103
train/1393980/50e9ff627fffa78a893ed65b8e9d6ddd7bb386d9.jpg,1393980,flower,real,103
val/1393980/9c6b2b79cbf6dd23fa558ef8443d0ca7fd3459f1.jpg,1393980,leaf,real,103
train/1393980/d8db6c66c56741fa118e67df571357508c02a20c.jpg,1393980,flower,real,103
train/1393980/3bb3b942efd1e2906b8bb60fdac3f930979e6de1.jpg,1393980,flower,real,103
train/1393980/6e8ab6be900a86e42151955eb6004e1378a3c82c.jpg,1393980,flower,real,103
train/1393980/ab7a0b40bfcce4d8692acc7e2f4e11cd0cf10b67.jpg,1393980,flower,real,103
val/1393980/3351031bf4c98cd8a24f0042a95cc153c2c81e2b.jpg,1393980,flower,real,103
val/1393980/5d761a5b3c377cca8f4555509efa492461a7de67.jpg,1393980,flower,real,103
train/1393980/fcd8dfa6c3f5ae5b14c07b1acaebcc7779b5b32f.jpg,1393980,flower,real,103
train/1393980/52532d8d2174c1c44d7d544ea806e376bef68945.jpg,1393980,flower,real,103
train/1393980/d8886da2890390dec151e0e69f6621d81b126013.jpg,1393980,flower,real,103
val/1393980/ecbfcc3b11112cc180a6f8b3ce025b8e7010cd19.jpg,1393980,flower,real,103
train/1393980/88d322f794211ecc077518cd9341eeeae29b92fe.jpg,1393980,flower,real,103
train/1393980/68214056c699410d873948f768de27562271dd83.jpg,1393980,flower,real,103
train/1393980/2f2b9575ce2ef906b2f4d240e4af385ed0c50c01.jpg,1393980,flower,real,103
train/1393980/d54dbed731153b14c3036b13fed175c2081e5719.jpg,1393980,flower,real,103
test/1393980/eccd5b3be89751345e9472dcbea7e8e0e721a8f6.jpg,1393980,flower,real,103
train/1393980/e4c09fc6e0c93b7f4a290b93b792e6023774e677.jpg,1393980,leaf,real,103
train/1393980/4c69ef1d6c59bcdda4f064272a5bb38b0593cbd9.jpg,1393980,flower,real,103
train/1393980/a325cf225cd16022363fb1502610c985458b2e67.jpg,1393980,flower,real,103
train/1393980/bc3ee5311644e308b44f9ac263d8487bb04c6f84.jpg,1393980,flower,real,103
train/1393980/61fd6156846b0026cba0e8889576800d1dc0d525.jpg,1393980,flower,real,103
train/1393980/d19cc577a5c453fef7eb382cac884623dcdfef5e.jpg,1393980,flower,real,103
train/1393980/6272c48424fe68cc002410fc7980ee4ee75096e2.jpg,1393980,leaf,real,103
train/1393980/00010fa3df0c8e3cb250a03bc3fa8def684ef7d0.jpg,1393980,flower,real,103
test/1393980/0fa8666a6bd56ac9fd2201fde39a1d7b64a158c6.jpg,1393980,flower,real,103
train/1393980/1923a7589f8de3cf5161fe405eaf517f0afb04ac.jpg,1393980,flower,real,103
val/1393980/3ecc243dba9f06278753dee8104cc26781818498.jpg,1393980,flower,real,103
train/1393980/df301791d4c2f35b41f35026854fd8a424450fa0.jpg,1393980,flower,real,103
train/1393980/793f7f2e6555596153ab5254cfeb9be573a77487.jpg,1393980,leaf,real,103
test/1393980/8ad5e49eed4725cc9fa5c799325638041c5fac63.jpg,1393980,leaf,real,103
train/1393980/e5d6a14337bb0adb0ec636d0881e59de1f28e640.jpg,1393980,flower,real,103
train/1393980/aa4af97b9ee6ee4f7f3db73ccde54bb1179489f2.jpg,1393980,flower,real,103
train/1393980/51996447900876b3a3f6065f3f7e50c5fa3b5fe3.jpg,1393980,flower,real,103
test/1393980/a21a228a73ec3fc7c5a75e4e8eab93af7edf92a1.jpg,1393980,flower,real,103
train/1393980/46f7e4b11c249a8d894981573ba87f660207eb2c.jpg,1393980,flower,real,103
test/1393980/b85b62ac99a65b70c380284215c2efe2f388a785.jpg,1393980,flower,real,103
test/1393981/ab55f94c7bc38685dd3dbf7b54314f92560420b5.jpg,1393981,flower,real,104
train/1393981/43823d0a9a6ed804bcbdc3ee981f027da13ae873.jpg,1393981,leaf,real,104
train/1393981/d5c937412eb20feb87d55240916559efffc2e45a.jpg,1393981,leaf,real,104
test/1393981/35af9dcd80976ec499792e84ffaed81955f48411.jpg,1393981,flower,real,104
val/1393981/b72189bae1be80a2262e8f6216fe2659654e8a35.jpg,1393981,flower,real,104
test/1393981/d74ef4746a3d23c9fb345657218b8af11ad86d9c.jpg,1393981,flower,real,104
train/1393981/3c5403d288ccacf3072867039652ecbc91fb44c2.jpg,1393981,flower,real,104
val/1393981/9b6bf9ab6b4a107a651ef4f2fa0408403f2effd0.jpg,1393981,flower,real,104
train/1393981/ba90748a0f70b18bb6d82fd46f0f9c33d2a67de2.jpg,1393981,leaf,real,104
train/1393981/7a1e992ace9adc195506fd9fb2ffc046b8faad21.jpg,1393981,flower,real,104
train/1393981/587697ea77824e0cdf0d6ba7183858f3048d2d70.jpg,1393981,flower,real,104
train/1393981/78949351c95144ab2d204a0a9877ccf94c56d437.jpg,1393981,flower,real,104
test/1393981/134903d3cdda3475661ff4f00cc29f3b1f7b7462.jpg,1393981,flower,real,104
train/1393981/93acf5fa6fd053b4f781ee056c70afe94d1717d6.jpg,1393981,flower,real,104
val/1393981/90e5448d425f5511ef1fbf0c7a062c2170f6700e.jpg,1393981,leaf,real,104
train/1393981/65808764169106dfe5d65942b6e0d7dfe2df496c.jpg,1393981,flower,real,104
train/1393981/f85f1448c4f2d6f5b9ab2eece5b3c2081ed9b2d6.jpg,1393981,leaf,real,104
val/1393981/38a364a2e485af88ae42772a15efa6efb4637c9b.jpg,1393981,leaf,real,104
train/1393981/d6f3dde5f37c722a6817928ee01ff5218d8ffb88.jpg,1393981,leaf,real,104
train/1393981/cabbfed76dcdf91d9181e112342d783dd3341d43.jpg,1393981,flower,real,104
train/1393981/7f2a887800c133936d1979abdb223af9f9947b05.jpg,1393981,leaf,real,104
train/1393981/0fc75e3358d87e729e5066625105b4a9d2a02ce7.jpg,1393981,leaf,real,104
train/1393981/fd697201389208f157d1db21c194b21dffc881f7.jpg,1393981,flower,real,104
train/1393981/667c465dbfbea45eb55586a605730700e76ef794.jpg,1393981,flower,real,104
train/1393981/4c3df39096060895db9865e6db5b795cb43e5d95.jpg,1393981,flower,real,104
test/1393981/5b4a7f2d227e2baf3d011227deeadf3b0144ed49.jpg,1393981,leaf,real,104
train/1393981/3479f54180599999dc3e4cb4fe6eeb26bcae6b35.jpg,1393981,flower,real,104
train/1393981/3bfd8227f303234ec36230b37b789b3dc726cd0e.jpg,1393981,flower,real,104
test/1393981/cd0d5e5724bad74bfc7d0b1b32954f5cd35c4c81.jpg,1393981,flower,real,104
train/1393981/87d030c963edb5f856aec3ba44684b4a1104b13e.jpg,1393981,flower,real,104
train/1393981/28d0131eb7100f2bf8faf1d3aa5ea02a7e5b816c.jpg,1393981,flower,real,104
train/1393981/468c2049c27a1ed0d0489f65c4385a4a875b9a3e.jpg,1393981,flower,real,104
train/1393981/e8af38fec333b948d422a2db550f2573e426fda4.jpg,1393981,flower,real,104
test/1393981/719a5e94c77af75dfc0fb354b3cd642368e13fb4.jpg,1393981,flower,real,104
train/1393981/83883231af7e8d9a0459511d44fe9e2d62988f14.jpg,1393981,flower,real,104
train/1393981/74485af842106c58f256a2202d0e912697712981.jpg,1393981,flower,real,104
train/1393981/ed514e61533a13874579e7470cd1bf8fac93270a.jpg,1393981,flower,real,104
train/1393981/8804bbb8ad3c7db17793e3f5ebf651f1ea96dfcc.jpg,1393981,leaf,real,104
train/1393981/56af650cb8fc84463713056968a516883d2ec1ed.jpg,1393981,leaf,real,104
test/1393981/8e34508677266314f80f4d059ac98322469235f6.jpg,1393981,leaf,real,104
train/1393981/72f3deda09ec682eaa791fc0b93ef4bbfcd41a2f.jpg,1393981,flower,real,104
train/1393981/93ea7c4a33b551a02ef3b2b2fbe6ec2d7389f685.jpg,1393981,flower,real,104
train/1393981/7096c4f8a76c1606c78973972328c2da8581c91b.jpg,1393981,leaf,real,104
train/1393981/3856f1309b08ae6a58a808579c52e90f92ccf9b0.jpg,1393981,flower,real,104
train/1393981/24411020f83c6e25fdb8319356dd994a99c578dd.jpg,1393981,flower,real,104
train/1393981/fed277f35474dacc5b0d26e3dcf05a44043255ce.jpg,1393981,flower,real,104
train/1393981/aa58aa9c5270d403ca2a2e90d335a208bd83c489.jpg,1393981,flower,real,104
train/1393981/93c261d81f229b07bce7d9da0dd8e568439517ea.jpg,1393981,leaf,real,104
train/1393981/fc95cae6e2c2cb14620c75a784a87d73d4fb20e7.jpg,1393981,leaf,real,104
test/1393981/6e4480a0c88b194dfff99343dd857b0fbfd497a5.jpg,1393981,leaf,real,104
train/1393981/231951e34464bd107026f300a4b033225bf93253.jpg,1393981,leaf,real,104
train/1393981/c580a8adf0dfbcb42036dfa2ca69dc3d83e094b0.jpg,1393981,flower,real,104
train/1393981/d34b5665fe645995db437eab959dae478b0e4506.jpg,1393981,leaf,real,104
train/1393981/6e13bfc8e5c6ad1a213d0846960b0b0495c9882c.jpg,1393981,flower,real,104
train/1394164/0d1e2e4467ad22a484967b3548404d683f586dc4.jpg,1394164,flower,real,105
train/1394164/4343a71126735a51db3d28a61a74c1ccb7b5b1cc.jpg,1394164,flower,real,105
train/1394164/8563554985459beffb62e76320055d758515c232.jpg,1394164,flower,real,105
val/1394164/85e090d99f74ca8f00e7415c5a66cb6860db05c4.jpg,1394164,flower,real,105
train/1394164/eb941b2204a099f8d981c289db673accd4306ef3.jpg,1394164,flower,real,105
train/1394164/bb891298f0216005017500bc9928fad96b7eec39.jpg,1394164,flower,real,105
train/1394164/ec510e62d73f9abc09a3538f7bce1ee465fe0bc0.jpg,1394164,flower,real,105
train/1394164/517c41261cc6bbacc060973a4a25bbe9d35694f0.jpg,1394164,flower,real,105
train/1394164/1392f12aaa1d7805b159c04f062b161a571dfa26.jpg,1394164,leaf,real,105
train/1394164/0b91095512c3e27c932257753e9e356359146401.jpg,1394164,flower,real,105
train/1394164/7f4fcc01bce13e76e9061d65a857a293d57a91cd.jpg,1394164,flower,real,105
train/1394164/86360bd9dca86573b2b032b7837f9736a083c94f.jpg,1394164,flower,real,105
train/1394164/00802910f4336e60f9993c4aa6f222647f505627.jpg,1394164,flower,real,105
train/1394164/ce2797553bc8e7c57660da62f26aa2a52961b1a1.jpg,1394164,flower,real,105
test/1394164/e3a471714f3bb3ff407ab814513f19ef3451bea2.jpg,1394164,flower,real,105
train/1394164/a912f7eb1600303fd21b1246206828a47665b754.jpg,1394164,flower,real,105
train/1394164/04007952fcbb46e93fdc885e0876fcbfbfd38650.jpg,1394164,flower,real,105
test/1394164/7186f1e5b0a21be767fdad85f876e57dbd888974.jpg,1394164,flower,real,105
train/1394164/3e5b9cc6c726d63cdfaee2cad971461c356a2b78.jpg,1394164,flower,real,105
train/1394164/fc64a795603da4c65017907db5d9ff66bcc3a5ef.jpg,1394164,flower,real,105
train/1394164/8630402e98f526c5ab012ebeec0bdbe19ec9b315.jpg,1394164,flower,real,105
val/1394164/5c3ae628d2010e07be4482c66e620784031bb6e7.jpg,1394164,flower,real,105
train/1394164/2d4d04ea810c023cd7526712e3515a51fda81082.jpg,1394164,flower,real,105
train/1394164/f8f4942cd59d95efbc545c0d7e434755d2fe7aad.jpg,1394164,flower,real,105
train/1394164/805428a7e6d80cc7ff4f80f497172f9852275c41.jpg,1394164,flower,real,105
val/1394164/b99208252fcedfdadcee025b464c7f329dba5bde.jpg,1394164,flower,real,105
train/1394164/ba67b81523e3300c13ce75a69c5cb441c77ab2c0.jpg,1394164,leaf,real,105
val/1394164/74b72b36d58c779c1657f906d9f430ea7e5afe6c.jpg,1394164,leaf,real,105
train/1394164/92a9c84249f5e534c60a0a49a30526d75b6bf0a5.jpg,1394164,flower,real,105
test/1394164/312315d86349da9d4c021bb424b83505675ca75e.jpg,1394164,flower,real,105
train/1394164/a0cd00ca325097bcbeb75aa764575bb433e34b4a.jpg,1394164,flower,real,105
test/1394164/3dc2989097db0c2e14739d7287bd55f732f02bca.jpg,1394164,flower,real,105
train/1394164/88f3f61b815ec814d092c491bc5cc8100816aeed.jpg,1394164,flower,real,105
train/1394164/f6bb6cf0fa7889eb5348b3c58281d966d6cea148.jpg,1394164,flower,real,105
train/1394164/9b6a75e596d74d9d7c2a60d3a9ca52fd6a90d05e.jpg,1394164,flower,real,105
train/1394164/0780bf1bd783c1925bc014ddea7d2f824ffcfca9.jpg,1394164,flower,real,105
val/1394164/2380c07a2cd4a72675b9e27d5ba62f695bc7dc34.jpg,1394164,leaf,real,105
train/1394164/2efbc7283b3a03a4c39e3dc9633e138c2032bb38.jpg,1394164,flower,real,105
train/1394164/7c14baffd931c809043b8bd89b7cac49b49b759b.jpg,1394164,flower,real,105
train/1394164/260c654f2c2b7a4eb355589e9f37b36e8866240c.jpg,1394164,flower,real,105
train/1394164/dbcbf95e521905ef3972ff7a02918d9e5eb750c1.jpg,1394164,flower,real,105
val/1394164/1b66ee35f87fde7fcd41386710e1e4a1a426bacb.jpg,1394164,flower,real,105
train/1394164/17eb76fd2c2f35ef51c2cdcffa8ae13a0ade0df2.jpg,1394164,flower,real,105
train/1394164/f637ff88750550856afbcbdea7bb393ea3cbd274.jpg,1394164,flower,real,105
train/1394164/09e4f12c9c07f49d57705fdecd1a9012363875ee.jpg,1394164,flower,real,105
train/1394164/6ec44c70e8aeeec5c95d37157c1de60ccf1cfaa5.jpg,1394164,flower,real,105
train/1394164/f37f1ddd8c8908f566703fb164f53216e12e2b55.jpg,1394164,flower,real,105
val/1394164/a985e509474d4d209dc65820949fca79f9658ea6.jpg,1394164,flower,real,105
test/1394164/c7a0f9cfaaf3515db1f75720367766eee3f62fbd.jpg,1394164,flower,real,105
train/1394164/14e7e83c34cf02ed4e2ad5f10893d6df00a25f67.jpg,1394164,flower,real,105
train/1394164/4f51d7111c18311ecc47aa7899ac4c029b3af64f.jpg,1394164,leaf,real,105
train/1394164/4861f9800bf5a0dbb49a106093819c2e62bae2fc.jpg,1394164,flower,real,105
train/1394164/94ffb2f159680c0920499a7645dda66e445d4ebb.jpg,1394164,flower,real,105
test/1394164/e136dc5d5a4a237ed0582bbcc61674b9059f6aa3.jpg,1394164,flower,real,105
train/1394164/dbe029477356003af1898efe19fcaa5594b916e5.jpg,1394164,flower,real,105
train/1394164/90a0c1a0fa6172f4c8c9a526eef2f51b8c7c5718.jpg,1394164,flower,real,105
train/1394164/3379f1b842e76bd5daf2d0bf6d7c8ec5911990b1.jpg,1394164,flower,real,105
train/1394164/07788b44671c142b5d0cda6cdad3d10e73fdaac8.jpg,1394164,flower,real,105
train/1394164/fa2413014389d7587355bb416d81203295d5968b.jpg,1394164,flower,real,105
train/1394164/13404ad7edc62854e89b180aa501bf344c95ae0b.jpg,1394164,flower,real,105
test/1394164/c98f8ac6306209ff9ae7fc375d0fd1b44604fa92.jpg,1394164,flower,real,105
train/1394164/f09b5a346176ded484f8ca0eb6cd6e08198bfaee.jpg,1394164,flower,real,105
train/1394164/91308b4e34beec7a4a36dcdcf4827951ea585a0d.jpg,1394164,flower,real,105
train/1394164/6fbfaf27126cb40665507beb4b6399785d628efc.jpg,1394164,flower,real,105
train/1394164/18914a9ee68d7c600a9b352183aae7d09695d33e.jpg,1394164,flower,real,105
train/1394164/44fb3509711033b38571e6eb1fe56b3eb65df8cd.jpg,1394164,flower,real,105
train/1394164/3d3d9b1f5850150bc53127f2e808e42e990d310d.jpg,1394164,flower,real,105
train/1394164/b2e8530d383549b2c97263c6adeac7888b02d07e.jpg,1394164,flower,real,105
train/1394164/24dcdc3945f365df93526d83c5602efe2b1000c5.jpg,1394164,leaf,real,105
val/1394164/7aa09c64d3c1ee0bfa506cb5f68ceb021d631b2e.jpg,1394164,flower,real,105
train/1394164/2bb93237647d0da573f66e542b3b697aa631e454.jpg,1394164,flower,real,105
train/1394164/e6a60f2efc27f51b212b161f910fe37443963db7.jpg,1394164,flower,real,105
train/1394164/cea1526a3459765bd458213a0034d7c483df5572.jpg,1394164,flower,real,105
train/1394164/768fa28b5c5f207db4a8a35d58a3bf5a5b5f4bca.jpg,1394164,flower,real,105
train/1394164/7e98e0f823d39ae11729a6d8d2b5221ca6bba3fe.jpg,1394164,flower,real,105
train/1394164/4f0141b1cafe8d32e29dd634685f55b74b8649d5.jpg,1394164,flower,real,105
train/1394164/0601d3f10a959e660c5f94cf6349e2cebac6c92e.jpg,1394164,flower,real,105
train/1394164/0650002085133f785532a1c1edecf36ba44f0af1.jpg,1394164,flower,real,105
train/1394164/54f93f17ebe4d28f41ea76969c8ccb07e29ac6aa.jpg,1394164,flower,real,105
train/1394164/f6e67fa97a4969227ed87d394d528cd2e4cdb5de.jpg,1394164,flower,real,105
train/1394164/858ba80591ce7a3fd307a5cffd71cb1a61fb08e3.jpg,1394164,flower,real,105
val/1394164/2a4a2d38f935f9c8ef9f1819fb906bcc0dcc8d6b.jpg,1394164,flower,real,105
train/1394164/9bda9d497fa86b55e187f22f5b2c9d725f36bb64.jpg,1394164,leaf,real,105
train/1394164/8703a5041d4927909d0b986173c03322af2b34b1.jpg,1394164,flower,real,105
train/1394164/f16c0a2eb8f22a0502360acf2f42ace73a6233b7.jpg,1394164,flower,real,105
train/1394164/77a8e474110b470af5f9e1bb6e502cfd285f75b8.jpg,1394164,flower,real,105
val/1394164/6ed08d3d02486dc8e6f4550f9ae79b0f4b1349cf.jpg,1394164,flower,real,105
train/1394164/b40d6c9f13c9101e97e926e74f3af4c29a9cb558.jpg,1394164,flower,real,105
test/1394164/6cdb7029d49dc55bd6ecf3734c3c71e557964eab.jpg,1394164,flower,real,105
train/1394164/5286a27c8e5234b8d419d2b9ce7876301162022e.jpg,1394164,flower,real,105
train/1394164/7b8c8d079f89b29c84bd25e56d36b38ef0bd12ac.jpg,1394164,flower,real,105
test/1394164/91ca635ada4f1724cc49a3cfcae5eb2c62924288.jpg,1394164,flower,real,105
train/1394164/8d9e99c4b4eb8cda2c459b984a5c188e0650c531.jpg,1394164,flower,real,105
train/1394164/dd7d306c1a1f305ce25b040b142f41049291f874.jpg,1394164,flower,real,105
train/1394383/088e53e6157ed9e1af493c9bc97cee7a825d0578.jpg,1394383,flower,real,106
train/1394383/7364443aa309ca6fe805847664983cc5c3f947fc.jpg,1394383,flower,real,106
train/1394383/082395d73b4b89abed9a0aefb919c8f6f10465bc.jpg,1394383,flower,real,106
train/1394383/a5428ea217bd0c1a1adfb80d149472eada11885c.jpg,1394383,leaf,real,106
train/1394383/96437264c461a1d383fe7ede230718c1db423efe.jpg,1394383,flower,real,106
train/1394383/faaddf6fca2701e545a352e92e3c67c6bc047c3c.jpg,1394383,flower,real,106
train/1394383/6d5db78cc087b1e31b9067a554332043cda6d6a2.jpg,1394383,flower,real,106
val/1394383/3a58cf6fd85bedac3fba01d081475e9a8d0a3857.jpg,1394383,flower,real,106
train/1394383/31efaee7a6764e8af790f1957a52f5822ddfd823.jpg,1394383,flower,real,106
train/1394383/764a430a1981eb05f943447e780b3f5a6132d29d.jpg,1394383,flower,real,106
train/1394383/3eb2433e97ee431b48a8fe576d8ec965f71bb7b1.jpg,1394383,flower,real,106
train/1394383/7fda7ae89aad750e21f9cb815f6a8873d0bf1f66.jpg,1394383,leaf,real,106
train/1394383/4f8910a1e78d4bc303ec343dd00974d8b824b9eb.jpg,1394383,flower,real,106
train/1394383/c39811cc4ffe526292ee8daee9a060569f95dc7d.jpg,1394383,flower,real,106
val/1394383/63e0d589338fb9e1f621ee6cbbfed81dd8147358.jpg,1394383,flower,real,106
val/1394383/e465143181562623063a241d0ff85f334b258529.jpg,1394383,flower,real,106
train/1394383/9a28744042d2b978b475474edf41f79153391975.jpg,1394383,flower,real,106
test/1394383/0dbf915029a11ada45f09dcb50231839c7742818.jpg,1394383,leaf,real,106
train/1394383/315721174ad7f0f9313973a3330a903ec92ffd7a.jpg,1394383,flower,real,106
train/1394383/b594ea2abbc83da47e644a3b9a2c6f9858d868cf.jpg,1394383,flower,real,106
train/1394383/1a3ac48c47744e0265a0bf1f8dda5c031d317d7f.jpg,1394383,flower,real,106
train/1394383/51ac311af618283e1e145a6904b53c3fe7d66a9e.jpg,1394383,flower,real,106
train/1394383/078741e8d39f53e12a19e15f1406373e806f1c9d.jpg,1394383,flower,real,106
test/1394383/f30c42f28634a953371819875edb99df90ca92b0.jpg,1394383,flower,real,106
train/1394383/84bcb50eef1ee088bf0c45b802719a79fdbb62bf.jpg,1394383,flower,real,106
train/1394383/8e0fd9438d1f976fa3555c4d3794d517a66091ec.jpg,1394383,flower,real,106
train/1394383/85189af90e1c148e98bbd560ea7de8f771f9aaf9.jpg,1394383,flower,real,106
train/1394383/a402e7f4057be395711730026f3de6f43b14266b.jpg,1394383,flower,real,106
val/1394383/f9233cfcc96000ea040a42fa6bdfde63353ec085.jpg,1394383,leaf,real,106
train/1394383/7a56386def6ae9b5e6b3d0c20dda6d2819e38452.jpg,1394383,flower,real,106
train/1394383/192e7ee1e5cc42b97fe9f7fc01a12042d0a94209.jpg,1394383,leaf,real,106
train/1394383/77f80a07997ab9c9314712b3284af4a14018a1bc.jpg,1394383,leaf,real,106
train/1394383/768c1419fe8b88eb24dd143abb72580d4ec0f0cd.jpg,1394383,leaf,real,106
train/1394383/9a9141ed5cd327a470f51ec55934afd20763795f.jpg,1394383,flower,real,106
train/1394394/7f0371714d2ca7aa37b447ae37e9194971aaeecd.jpg,1394394,flower,real,107
val/1394394/8313f49ba918b82b184f7c80f4178a6d1b8e0f04.jpg,1394394,flower,real,107
train/1394394/92343206b1864da95ca0c19643e7c9a99ed6a42e.jpg,1394394,flower,real,107
val/1394394/a77268484fc1e541c169074a477896c22e7db729.jpg,1394394,flower,real,107
train/1394394/1d762ea18e4ac209067a28b525b4aabb4afaa2cb.jpg,1394394,flower,real,107
train/1394394/0f97df573d7944236312c748119ba3ca0b9bb5ce.jpg,1394394,flower,real,107
train/1394394/44782c4759a6a67b96a7dd1ec4303294595726d8.jpg,1394394,flower,real,107
train/1394394/ee71ef624c9c1bec9c69cc60cfc8028b347646b3.jpg,1394394,flower,real,107
val/1394394/7355bc9ad4f2b8767bbb46f0335c637c7ce6be6b.jpg,1394394,flower,real,107
train/1394394/11600054745979d6ae63bf35959bfa60c3ad67c1.jpg,1394394,flower,real,107
train/1394394/0279130ab035f98584525663e889de542ac4803e.jpg,1394394,flower,real,107
train/1394394/63d5cfd7fe3552e8e7de7f63ee90c4bc64e13887.jpg,1394394,flower,real,107
train/1394394/ff44622426103830fe95dc6ab3da8cb86f4016ab.jpg,1394394,flower,real,107
train/1394394/fcc1163f686bcbcd237abc6886d4c0bfcb736f4a.jpg,1394394,flower,real,107
train/1394394/a9fbf2c78bd53ed523868254d7f1d29a4e8b5242.jpg,1394394,flower,real,107
train/1394394/0bbb4e4ef9d4de96fb5b86b52492421126678b32.jpg,1394394,leaf,real,107
train/1394394/75eb679463501af01db68d70013a91bb3ea733c6.jpg,1394394,flower,real,107
train/1394394/2d2b21b5f7ce06d427bc01c4e0e2bc72974cbba6.jpg,1394394,leaf,real,107
train/1394394/2b280ac9ad47f0dd6d99c1c269cf0a0291959a0b.jpg,1394394,flower,real,107
train/1394394/3c275fdff74d7f96985d2b5d905799c4e1c31881.jpg,1394394,flower,real,107
train/1394394/2c0464344c6f00558b8a6ec5c3576900987fb807.jpg,1394394,flower,real,107
train/1394394/a5d85bc3efbb81e60604584282d3324d2cf27f7a.jpg,1394394,flower,real,107
train/1394394/079a64907c137715d7f1cc6d721974b1d2891512.jpg,1394394,flower,real,107
train/1394394/bbbca6ccecf04f7866a07b4c2a221abe4913f7b6.jpg,1394394,flower,real,107
val/1394394/87a4e5d63db1727e0ffacd33701a63f217e5a795.jpg,1394394,flower,real,107
train/1394394/78229e5d2bc0c3576f21f5000ae44939c707f593.jpg,1394394,flower,real,107
train/1394394/0f1ab8f6abf5e7d713d312d5689ef2bc0f6b9d73.jpg,1394394,leaf,real,107
train/1394394/4b9a65640b666305f8e02a2741b42354f2dc2661.jpg,1394394,flower,real,107
train/1394394/f1c5c7996cc0e312308df1623a42ba3111168938.jpg,1394394,flower,real,107
val/1394394/f12b20a4c30922363c49d25e00a125eec30cfd9a.jpg,1394394,flower,real,107
train/1394394/d77b268723f6deff4685ab8a14f8598b2831e1c2.jpg,1394394,flower,real,107
train/1394394/6889cb59f4fc3b7d19a5a5124c70940c0ac86886.jpg,1394394,flower,real,107
test/1394394/cf7a48b2534c2554b21949a6d6b011b978cb9c98.jpg,1394394,flower,real,107
train/1394394/a1d8016580a412580797efe946238aee33c7a381.jpg,1394394,flower,real,107
train/1394394/aa5249494d0f34920bbceacc15286e18af58ff42.jpg,1394394,flower,real,107
train/1394394/dea700ca1ce5fe157c7e405b7e7ad6d73089ddb3.jpg,1394394,flower,real,107
train/1394394/c14743064b6ae80f197949733187fa6e970362eb.jpg,1394394,flower,real,107
val/1394394/90c017c91db141bcd059230e648fda52fb875289.jpg,1394394,flower,real,107
train/1394394/ace450e3eafe3f3fcd9916fa79f87a122282cfd1.jpg,1394394,flower,real,107
train/1394394/0b629f6525d38705c55ce589bdea60e660e0c9ed.jpg,1394394,flower,real,107
train/1394394/a2273e47140aa949f190e1c1a04d25d8bcb6d39e.jpg,1394394,flower,real,107
train/1394394/f1f74588514d8d28b242bc482a46ce84d2fbe847.jpg,1394394,flower,real,107
train/1394394/303428a982f3268063b4d144fc33a8a003267cdc.jpg,1394394,flower,real,107
val/1394394/d022cd9ab974ccccfe83933f3c34d2c9a8eb4d71.jpg,1394394,flower,real,107
train/1394394/cc922b265f4d0f47e100c06708624c525d22c9bd.jpg,1394394,flower,real,107
train/1394394/24a0395dd516073258f09c5bce7eef3048c1b802.jpg,1394394,flower,real,107
train/1394394/8fc3ee6677d17532598dee81d7d7a1d1ea7d2620.jpg,1394394,flower,real,107
train/1394394/07bef4be3721ba46ce13aeb6cd3667fe264a7e9e.jpg,1394394,flower,real,107
train/1394394/95aee08d017b0ad0151c461630b0184700c3025d.jpg,1394394,leaf,real,107
train/1394394/e834e1eb34001c810deea73083e64d7f67b30aa9.jpg,1394394,flower,real,107
train/1394394/98721e91161d9a007a0e2335e1df3f3c800d4886.jpg,1394394,flower,real,107
train/1394394/33296c87d9e26fea8c5fdbc595b57c5411d07c6e.jpg,1394394,flower,real,107
train/1394394/1da3917a0b432f183a7f68e5524ec8daf0539727.jpg,1394394,flower,real,107
train/1394394/85531310ba22e6e879d2d81c874b01e48f828e85.jpg,1394394,flower,real,107
train/1394394/ffe5271d14e9a7a7c1c8dbeb3a2d92cbcabfd1e0.jpg,1394394,flower,real,107
train/1394394/c08b92cf94081ec50e490c7ebb45b66d1e38d32c.jpg,1394394,flower,real,107
test/1394394/0d4a8757a4dc7d9598595210864004c111379674.jpg,1394394,flower,real,107
train/1394394/33d15c78c605d6134a99eba94db5332cf4455030.jpg,1394394,flower,real,107
val/1394394/a0340fedd637c48af5f1ec3b54a591ac296be868.jpg,1394394,flower,real,107
val/1394394/d3d12ff4b79978062f673f905dcff89309ebcbb6.jpg,1394394,flower,real,107
test/1394394/c82129f29ce7375e3784822b9107fe8716c13500.jpg,1394394,flower,real,107
train/1394394/3f6e953b1b51dca31c9d6f872bf8d4391005ef81.jpg,1394394,flower,real,107
train/1394394/121d06e29bf1d4769e3d6e09fc22fba220c30058.jpg,1394394,flower,real,107
train/1394394/6f812abf30d5715a73c151378404eda5a17aed63.jpg,1394394,flower,real,107
train/1394394/32c1d4b73bebf48ec5aa0b791cbb1d51b23bd217.jpg,1394394,flower,real,107
train/1394394/a2ae97e7776b5aa91388a3bd77d45cf16b6ff7f8.jpg,1394394,flower,real,107
train/1394394/70c01c2a849d82fdb5c03aca54c2d195e5cdf71e.jpg,1394394,flower,real,107
train/1394394/35560e2c5fd2d93bd61a3940fb82eeb6a2879eff.jpg,1394394,flower,real,107
train/1394394/39b75d7fd922085bf899c5207611dbfa99b0a8ac.jpg,1394394,flower,real,107
train/1394394/6dd30ab22c0e74e1078e9a810eaa34b28620a0ec.jpg,1394394,flower,real,107
train/1394394/f2371dfcc9d5fbf70ce230d0699a447bf2b21944.jpg,1394394,flower,real,107
train/1394394/afd6f1b455a36a5d5ac31d5dbc96c0763ebc6609.jpg,1394394,flower,real,107
train/1394394/b8acf3d5c4301fa3687081d5b506b4827086f6a3.jpg,1394394,flower,real,107
train/1394394/4f54e149ed73368e3fbde8235cd9113fa384f1a1.jpg,1394394,flower,real,107
train/1394394/d0a612c497b6c02b92735b0abb8a491ddc4f18b8.jpg,1394394,flower,real,107
train/1394394/c41753887c2ddfe589eefe1a2cf70da906bb0153.jpg,1394394,flower,real,107
train/1394394/9ee45567b8b1772eb57cbeabf946cda976213bc0.jpg,1394394,flower,real,107
test/1394394/982dddb89e345623553d276506a750f53c9617d3.jpg,1394394,flower,real,107
test/1394394/083ae72dbc47a5080b207449f6bb60f18fa478d2.jpg,1394394,flower,real,107
train/1394394/cafad35de3976480092c2b9163f413c174a06081.jpg,1394394,leaf,real,107
train/1394394/defbc5714f303453d9dd09873d7034bad3b70783.jpg,1394394,flower,real,107
train/1394394/d642629fdd06f882e74cf44be30412c1289208e0.jpg,1394394,flower,real,107
train/1394394/797d9a741339207374f04a472288078b92dccaaa.jpg,1394394,flower,real,107
train/1394394/9c083894c8fc300a564b5fe2005176cc8f74ea0c.jpg,1394394,flower,real,107
train/1394394/f939389612259e7cc63b7237b1677414cc6f5cbf.jpg,1394394,flower,real,107
train/1394394/b57780c2f809a2bda3e4c15c0c154a0303afaa94.jpg,1394394,leaf,real,107
test/1394394/2a37807448ef8e751ad9578bf2ef457d990c418e.jpg,1394394,flower,real,107
train/1394394/79d3d33068a3b18d6774e9b752a95c617dbc3e46.jpg,1394394,flower,real,107
train/1394394/c060249f248ae0ec45acf13e2d9ed84994edf4f0.jpg,1394394,flower,real,107
train/1394394/097765ba10ec58778956e3277a94dd0c90626683.jpg,1394394,flower,real,107
test/1394394/949fbffa7c652b0a94daeafa5ad66efe6adc3867.jpg,1394394,flower,real,107
train/1394394/738a0d96f23c13a9abf3b4307384db4b25d6867b.jpg,1394394,leaf,real,107
val/1394394/5e1625d7e021b829f7046e21434b1529e20ef7f7.jpg,1394394,flower,real,107
train/1394394/1c100c1128697da700442733b2485b3ebc77d96d.jpg,1394394,flower,real,107
train/1394405/1b238bccb19930d7d7822f0dc241e292c94129b4.jpg,1394405,flower,real,108
train/1394405/58ac2641f7738918cbf990156b3928bef29c0ca0.jpg,1394405,flower,real,108
train/1394405/16c3c8656f437c0a2f344473021c3e297162eefc.jpg,1394405,leaf,real,108
train/1394405/e65f33bb8d05a36671f78e33555afd77ae8cec9b.jpg,1394405,flower,real,108
train/1394405/61f40d0096786a5a914a84bc8531946e0d97a626.jpg,1394405,flower,real,108
train/1394405/7ee324abc4848e5c3cc3d5c3028698c326d7b701.jpg,1394405,flower,real,108
train/1394405/4691c3003a6705a079bfcbe89e50107dae1f7b71.jpg,1394405,flower,real,108
train/1394405/72efce8275b8f3dd0041c920f28c9e75f86ea1d4.jpg,1394405,flower,real,108
train/1394405/c30928c0ac83b509abc3e242b8cc8c66162dfd7d.jpg,1394405,flower,real,108
train/1394405/794a5f3f8a9d35616d4b7e9fe7e7667d28e1feea.jpg,1394405,leaf,real,108
train/1394405/41c477a30cbc7a9983f1b4e480df4f387cf58f98.jpg,1394405,flower,real,108
train/1394405/e441374c4ba49d748f2a3388c73b01e87002c012.jpg,1394405,flower,real,108
train/1394405/35d604c0faafa67f7acb27cb7c13b85d433a81ea.jpg,1394405,flower,real,108
val/1394405/8a83edfd85ad341dacf6e6f53b35fa3eb8c6ec92.jpg,1394405,flower,real,108
train/1394405/312bb88313ae95af0c71fee9052f3cab43193e73.jpg,1394405,flower,real,108
train/1394405/df2b7baccf7906d3e05e323587c0a580e2f7623b.jpg,1394405,flower,real,108
train/1394405/505c34cd46fbe1b1959e2e8812b8a374c2971e27.jpg,1394405,flower,real,108
train/1394405/6e528808c82e9ea83020f365ce9978f42b1c27d0.jpg,1394405,flower,real,108
train/1394405/2dc9d4630e2f93e5b92d7b9f7b7af39cd4097859.jpg,1394405,flower,real,108
train/1394405/8af574ab67d3e634587ed7182ead4c67240adc3e.jpg,1394405,flower,real,108
train/1394405/b7215b31d82b5f4ec3022ed06c8284858fd7c265.jpg,1394405,flower,real,108
train/1394405/03e33a2552a32be78ce4de23a432ab6b221e6717.jpg,1394405,leaf,real,108
val/1394405/092efed6dead03c5b75c726cfb99ca4cb35929d2.jpg,1394405,flower,real,108
train/1394405/952311c25109a3ba51caeca4f92fcc0c98a1a3d5.jpg,1394405,flower,real,108
train/1394405/2397d1d2c0ba21188d7e4aa5bceaa1aad542c635.jpg,1394405,flower,real,108
train/1394405/2fbed1adaec78099404349006ba97713a29c8fdf.jpg,1394405,flower,real,108
train/1394405/8bf8c799df2f13237fc5243c8a83c327e66bb41e.jpg,1394405,leaf,real,108
train/1394405/c20ca524d0e5e5b2c2f65a96f16057465e172da1.jpg,1394405,flower,real,108
test/1394405/96a42ba0d5e73b9d9796f9487a6f95655ec78385.jpg,1394405,flower,real,108
train/1394405/b6ff71cf9f89a62778ebd55871fba916c38380f9.jpg,1394405,leaf,real,108
test/1394405/ee7110f47cacd78e5347c1437d30c6bdedfe6aa9.jpg,1394405,flower,real,108
test/1394405/1bc0348e9ffb6e9d931e0708f05fc482357e6f40.jpg,1394405,flower,real,108
train/1394405/c570eb5daba3bf8eef150dcd8513844590667031.jpg,1394405,flower,real,108
test/1394405/dd6354610efcd9a32223f8ebf16427d3c0dd758c.jpg,1394405,flower,real,108
train/1394405/7968e8d6f82a0b4021e297f2771da876d0e64e03.jpg,1394405,flower,real,108
train/1394405/63a4d38ad9e8f58994b88cd0ec64767e8ba1eade.jpg,1394405,flower,real,108
test/1394405/9fdbceac0c9aa574f1b47289b9ecce9a9830eb3a.jpg,1394405,flower,real,108
test/1394405/3a2f59a4e250cfd80ef659b2371f9136dae49779.jpg,1394405,flower,real,108
test/1394405/dcd8c095761094dc956ebe0396440bc004cf764f.jpg,1394405,flower,real,108
train/1394405/8f2d810192bc1c254cc51853469360dd1a7689ff.jpg,1394405,flower,real,108
train/1394405/39c6c15293273aff515c894b9ad060036cebb665.jpg,1394405,flower,real,108
test/1394405/3f902337fe5829741e3eab9afbf18522d6b2febe.jpg,1394405,flower,real,108
train/1394405/74a2c71e5030a6764f87c88b3e000d3796eac7d9.jpg,1394405,flower,real,108
train/1394405/a6bfd2e2b185addf8891b1a0d6c8e9150487cf91.jpg,1394405,flower,real,108
train/1394405/7ab50b71715e3c483377ed78d80a8799735104bd.jpg,1394405,flower,real,108
val/1394405/2d0e294e2041eeed1511bbb728905bc776786add.jpg,1394405,flower,real,108
test/1394405/eecf32fcfd66a90bee9548481d1483f03b7d7f19.jpg,1394405,flower,real,108
train/1394405/c927769def058eacd126cfe61e773a286f22c882.jpg,1394405,flower,real,108
train/1394405/74bfd6a43a34d8c4b7220d772a820429d6aa2416.jpg,1394405,flower,real,108
train/1394405/7c959dfa20a5d49cb45579d10eb2c3663e02b9f6.jpg,1394405,flower,real,108
val/1394405/f46b97f927c5783749092241b02d59e75e5647f7.jpg,1394405,flower,real,108
train/1394405/c8a0bc86c005613ece1f0cbc1b174c77821986b3.jpg,1394405,leaf,real,108
train/1394405/d6a97a3e7a735b0737861a006389fb4399556095.jpg,1394405,flower,real,108
train/1394405/3e0d814b95012ca0c8490d143a50c8327d834043.jpg,1394405,flower,real,108
train/1394405/a48999b427b2c48c00a89aa1188da93e03eed647.jpg,1394405,flower,real,108
train/1394405/fad3d387fe62b597ef08c86035d4962f8e98e716.jpg,1394405,leaf,real,108
val/1394405/34daa3c1dec70699e30d2be59e773d97e86125a9.jpg,1394405,flower,real,108
train/1394405/d2f1a90b0abde434b73b9dd21009fd93033920e8.jpg,1394405,flower,real,108
train/1394405/7a1902dc8205c6ca490efc7c26a560cc7f7a6e60.jpg,1394405,flower,real,108
train/1394405/d8bb54bdac344b1e9f2ce473e225b352e9b60502.jpg,1394405,flower,real,108
train/1394405/8cdb23e11469637b93c363cb26a611c55736ac7b.jpg,1394405,flower,real,108
train/1394405/59838170579074c4faea098989452ac5c4777383.jpg,1394405,flower,real,108
train/1394405/58abac06a903d95beac460480f055b3f168189eb.jpg,1394405,flower,real,108
train/1394405/866b7cbacec81ecde9ef560a9d4336d6958e50e2.jpg,1394405,flower,real,108
test/1394405/a204d048960f6ceda84ff7bf66facee40c087303.jpg,1394405,flower,real,108
train/1394405/fa6661c1ad66aea2ead9eeb1a3c7666ea86b3d10.jpg,1394405,flower,real,108
train/1394405/c9509f1d58cf57541367ad608a92dcb9f0e9a705.jpg,1394405,flower,real,108
train/1394405/7ed9a6c2abd5877589a63202213d392a42027e8b.jpg,1394405,flower,real,108
train/1394405/2439fde618ec17aca2a71fb9234ce2d04d174fc2.jpg,1394405,flower,real,108
val/1394405/77c131aa9809b9eec75227101807921460b29223.jpg,1394405,flower,real,108
train/1394405/d7e62f8a158f7eb602e1bfa7ab353496bc9bdbc4.jpg,1394405,flower,real,108
train/1394405/9f41d234c19b887ff7b32cdc164611bbb46d528d.jpg,1394405,flower,real,108
train/1394405/8f02fc0a99d33d2788f766833d8136c06b3cc98a.jpg,1394405,flower,real,108
test/1394455/7c3edb39dd0ad438c395161f280afd4e9de4c85f.jpg,1394455,flower,real,109
train/1394455/1cd15050813794ca7d78137f1e43842afc683caf.jpg,1394455,flower,real,109
test/1394455/6a0a330c8971737e738440944a85184cebc35175.jpg,1394455,flower,real,109
train/1394455/5f8ef26730fdf5ecf7d290ca3bda2fe3e0455d03.jpg,1394455,flower,real,109
train/1394455/c99f84c922c7c45bbaa805417d092b22508eaeb7.jpg,1394455,leaf,real,109
test/1394455/3088bdd4096713aea607c271d7b138797dc78484.jpg,1394455,flower,real,109
train/1394455/82c8b6a624700f7e194498556fd239b367e96dd9.jpg,1394455,flower,real,109
train/1394455/248df0913162706a15e1a2e50e5b8b033578f537.jpg,1394455,flower,real,109
train/1394455/2d5a1dd39f23b44f4d834a24207cbe6bb0ed973a.jpg,1394455,flower,real,109
val/1394455/9952477b2c9dd931c3dc190a4822260241de8a5b.jpg,1394455,flower,real,109
train/1394455/2d8fe02bd32369c1afaad071147952b8142a7b63.jpg,1394455,flower,real,109
train/1394455/db720b945050c3698457793fc6ae2a5a698166c3.jpg,1394455,flower,real,109
train/1394455/e90045bee866c75bcdfaba89f1060902ef3bd723.jpg,1394455,flower,real,109
train/1394455/b30efdc4eef91b2fa099bdd6bc79738c106636ba.jpg,1394455,flower,real,109
train/1394455/c9552cdb7bbaacfd2c450488946868734eef2cc6.jpg,1394455,flower,real,109
train/1394455/5f38e8109851d8c06118d70a3fdd2810b553c08d.jpg,1394455,flower,real,109
train/1394455/0f3b3ba42055fe4490894da6385d12b3530e812f.jpg,1394455,flower,real,109
train/1394455/89cb760a2b8b4e1e5fbd13a7e30a688bf2294010.jpg,1394455,flower,real,109
train/1394455/503cab0322982ccc32813cb59c98aa0d08ca63a5.jpg,1394455,flower,real,109
train/1394455/f8b87a5b40b281e7d2b4894ca2c08374dfdb0046.jpg,1394455,flower,real,109
train/1394455/b8d6283cfee8119a41b18b806d297318f7c9bb0d.jpg,1394455,flower,real,109
train/1394455/ccbd0346df2ef6fa7003aee0911408da088b958e.jpg,1394455,flower,real,109
val/1394455/a7d78a8d7da27222cc5b584cf51507441c51223b.jpg,1394455,flower,real,109
val/1394455/e4ec9ca533f3f58c470683b8576cf099dbc72e9a.jpg,1394455,flower,real,109
train/1394455/b632c7b450272e109d46c089170f3df1a718da97.jpg,1394455,leaf,real,109
val/1394455/4da134abc11f0294eb9869832787ebf471b82c00.jpg,1394455,flower,real,109
train/1394455/960c2055d81cc28d834bd05ddf85a6d0e3886e1b.jpg,1394455,flower,real,109
train/1394455/504f26f5135b22c857e6d10804552a369207e23b.jpg,1394455,leaf,real,109
train/1394455/2d627a302398bf1976dc1b7c64c5161415b17e3b.jpg,1394455,flower,real,109
train/1394455/fbf411407998c93515673e958617a9769216787a.jpg,1394455,flower,real,109
train/1394455/0704a1648ca577ffd12b69a6c7e184699180ff3e.jpg,1394455,flower,real,109
train/1394455/feb79c25a9e975a58794b93a0df90684b2123972.jpg,1394455,leaf,real,109
train/1394455/ffadd7443bd961f3ca7b2eea2f8294d58df0aaf1.jpg,1394455,flower,real,109
val/1394455/4f968efb3e9f74ee54e39f4758b0edc726fee966.jpg,1394455,flower,real,109
train/1394455/d9ac64d5836bc1263a311f297edb0dcb3d2c226b.jpg,1394455,leaf,real,109
train/1394455/b3902220f8144e2d7638c19fe37590d98dff4405.jpg,1394455,flower,real,109
train/1394455/bc94f354e0306acabcf28b11b1fd6fdeaf783eed.jpg,1394455,flower,real,109
train/1394455/04068bfbe1540ad187c76c3b70d52a38829e61b9.jpg,1394455,leaf,real,109
train/1394455/a2f487265872903319997eecb972f2903aeffa0d.jpg,1394455,flower,real,109
train/1394455/766581fc636a7cbbc3c5d9794c4341dde27d575a.jpg,1394455,flower,real,109
train/1394455/2e9d6062e9aee7f47d815f5b874e4a8154d86e46.jpg,1394455,flower,real,109
train/1394455/31c74370beddf6e3201c97331ac7b2ff25c868ac.jpg,1394455,flower,real,109
train/1394455/7cab22575ce679875c66c6ef966b343bbf85c3e2.jpg,1394455,flower,real,109
train/1394455/6090dbb311c3be09addbe3d6b8d63057492d395d.jpg,1394455,flower,real,109
test/1394455/8de2ffe670b53ea365adff47840a285a8e03a75b.jpg,1394455,flower,real,109
train/1394455/bc972cdf5705342eca127f43598d5ca81e75961b.jpg,1394455,flower,real,109
train/1394455/d33739318493c6c92c49968f0f617ee6264c68c1.jpg,1394455,flower,real,109
train/1394455/24dcb8898e0025f03c41d98e6bf93c0aa55f2353.jpg,1394455,flower,real,109
train/1394508/45a2415f140ef776f4f6a51906c74252e7aaa57d.jpg,1394508,flower,real,110
train/1394508/848fbbfa7f1424c605cf2efc99e4c0c8cfe701e4.jpg,1394508,flower,real,110
train/1394508/24772ea5b0db72afd15d52bfa4b52c523f66404a.jpg,1394508,flower,real,110
val/1394508/5371ce6f407965020743d8b66b11c3c8e194a62e.jpg,1394508,flower,real,110
train/1394508/9b7d9b64d1dc6058a288d5c8ce3f43d3a25dc0dc.jpg,1394508,flower,real,110
train/1394508/01dee505bf58e464a17fcd243319c5f874398c52.jpg,1394508,leaf,real,110
test/1394508/f784544fac46121434f9c967470556773d319d2c.jpg,1394508,flower,real,110
test/1394508/10bb8243c6e74d248d8027e3cd4b7495afad7f15.jpg,1394508,flower,real,110
test/1394508/bc3e9b4825a0fee71528a5005872875d27b59136.jpg,1394508,flower,real,110
train/1394508/cf787cd0983e7bda1559737421be89bd1611644e.jpg,1394508,leaf,real,110
train/1394508/1b2fc1d5c787906ae82e6911eafce77157be472f.jpg,1394508,flower,real,110
train/1394508/09fc069122ef7e11b0edd26787b8512c0846ef10.jpg,1394508,leaf,real,110
train/1394508/c2017568da9c3581ab6dd91ac6b40415dd13eb30.jpg,1394508,flower,real,110
train/1394508/aa76e41f463346436125ddff1a2db9978a74e2fc.jpg,1394508,flower,real,110
train/1394508/bc3cababbb5f9c4cddb2449ec6f395e4b1a50bde.jpg,1394508,leaf,real,110
train/1394508/29635a9f9b9535464d3464d62f0e4fa5e1c3341e.jpg,1394508,flower,real,110
val/1394508/9b6d9cb6983f30e97fcd0e657c6a952b6a49dd41.jpg,1394508,flower,real,110
train/1394508/85653e4485155fe1b5158e848ec45f0d486ce635.jpg,1394508,leaf,real,110
train/1394508/3e1059bd9d153523e03e1d986e52eafc237147bc.jpg,1394508,flower,real,110
train/1394508/799014c279418b7541ee8a75929926462d84c1a7.jpg,1394508,leaf,real,110
val/1394508/76825a6eb5b1b016908a12339fefb6c3c657cc06.jpg,1394508,flower,real,110
train/1394508/059d6a957cced341252d86686195162548b35fe8.jpg,1394508,flower,real,110
train/1394508/f5bf98b142d40c2a71fcf75fd59aafe0e9e38334.jpg,1394508,flower,real,110
train/1394508/ed2412cc2885d588aceda4461c944f49e522fc3b.jpg,1394508,flower,real,110
train/1394508/91779c0af08400f0001d3a3999089eb26bd6c0b3.jpg,1394508,flower,real,110
train/1394508/57432d36a08162b41cceed6d409478b988760f4c.jpg,1394508,flower,real,110
val/1394508/296ba5af6e7abea5bd1bfe3f6d9f715fe2f8a1d2.jpg,1394508,flower,real,110
train/1394508/030ce42e49fe87b124a8ee89aa27d1df5a4d5c4e.jpg,1394508,leaf,real,110
train/1394580/f607bd95cf7631d9ea7d5fec402119efcfbca338.jpg,1394580,flower,real,111
test/1394580/e0dce5361a9b10fe74e692ca1c070192d4d4048d.jpg,1394580,leaf,real,111
train/1394580/bcb3cba716020310a1373035827f968fc8ea3c26.jpg,1394580,flower,real,111
test/1394580/0cf71a0b5c73b01d1187940deea3efa9b0bca9eb.jpg,1394580,flower,real,111
train/1394580/ae94a09e41e86a0e757826c5b5b19bf842362b66.jpg,1394580,flower,real,111
train/1394580/37eb999a390e22b604243e82a4e1fd49c745e591.jpg,1394580,leaf,real,111
val/1394580/34df9ed2f99818168bfdf5d1cb60ce5c2e2e039b.jpg,1394580,leaf,real,111
val/1394580/95cf33029bc14ac650bcb743bd1548695f07150e.jpg,1394580,leaf,real,111
train/1394580/a7384ddedcb527e4623e79649b202d2143655fe6.jpg,1394580,flower,real,111
train/1394580/b2a8a4fc4fcc82d31f8e3f560418931737369403.jpg,1394580,flower,real,111
train/1394580/c1d5ab608959815efb9e1ac7b0f08d13092c80ad.jpg,1394580,leaf,real,111
train/1394580/b26ebed7d50d28c229a6d689c4de504e18a81cad.jpg,1394580,flower,real,111
train/1394580/4daa4842bd2a5c1a4cf61f761e18372577acff46.jpg,1394580,leaf,real,111
train/1394580/9016972cfe6de904ce6e300da9116b63f4fe4290.jpg,1394580,leaf,real,111
train/1394995/28c53a520f9eab287b7dc588e82f375f4c9f3f3a.jpg,1394995,flower,real,112
val/1394995/642a45d5caf29c600b7c146c355bce51ffe3ab7a.jpg,1394995,leaf,real,112
train/1394995/ed2ceecd9b7c59ee1d871072a03665240e351275.jpg,1394995,leaf,real,112
train/1394995/860082e5f6afd0f661e341ddb79939f32f48f417.jpg,1394995,leaf,real,112
val/1394995/c6aad4e3d12cc422ab14011a2eaf23fecb006b58.jpg,1394995,flower,real,112
train/1394995/52a329bdbf841e8d981ad9dc2a5d292d50506c39.jpg,1394995,flower,real,112
train/1394995/3b058339b7c1592e804f8423257d5084655aea4b.jpg,1394995,flower,real,112
test/1394995/fbe6b3f409047406ac2a9d0adfb3e3a4fd6ebbe4.jpg,1394995,flower,real,112
train/1394995/fef17f5f03e0e780d565619477e63c6c18fa797f.jpg,1394995,flower,real,112
val/1394995/a11ef8d833696f50bf975481393220f3a245cfae.jpg,1394995,leaf,real,112
train/1394995/33fada049f61b5918649f4ccc154a7694dd65ebc.jpg,1394995,leaf,real,112
train/1394995/9b3c72b1935e897637f18a724b64ff1d9c56d36d.jpg,1394995,flower,real,112
train/1394995/8716009cc48424380c81d64eb463c64e111869a9.jpg,1394995,leaf,real,112
train/1394995/8094ff1ea0052c5d14bd2a4bdbd418dcafe7c168.jpg,1394995,leaf,real,112
train/1395391/90d43bb4f5aeca157be46c02f1825a62edcfaa71.jpg,1395391,flower,real,113
train/1395391/d968eb83518dc97cd08ae9f3748e148d8ab28c8b.jpg,1395391,leaf,real,113
train/1395391/2c0c9298ff28214928d3eb9b75f4c10caa9ac2a4.jpg,1395391,leaf,real,113
train/1395391/d937fd72c18c9f0e12c32f60043c3f02b3d4a06b.jpg,1395391,flower,real,113
train/1395391/2d520d150566820561425040e99a5e3a9e67cc29.jpg,1395391,flower,real,113
train/1395391/71f18be4d6c70ff3cd7f8d30c7cf7033442791be.jpg,1395391,flower,real,113
test/1395391/7d2a74e9573e107d59a9cb66b11d6a218b127c8a.jpg,1395391,flower,real,113
test/1395391/1caa1f9db6c485dd3b38fb1c187f47c7df57c657.jpg,1395391,flower,real,113
train/1395391/80ea6b887241a7559ac64d6955587463e0775317.jpg,1395391,flower,real,113
val/1395391/701ff8b5b02cd994844a3907489ece2b63b018c9.jpg,1395391,flower,real,113
test/1395391/d801f3b4f8e90f6bf91f2071a2bf65c47d82dc72.jpg,1395391,flower,real,113
train/1395391/9daeebd8beee608b79b2df0124319d071746a340.jpg,1395391,flower,real,113
val/1395391/850e7c89077dbb3a21c94d2f6f3645c07571aeb7.jpg,1395391,leaf,real,113
train/1395391/f2f55657eca104f229afc9e228cb324dc1aef439.jpg,1395391,flower,real,113
val/1395391/57e11e1511232d12f4e245a1b72886d145ad9373.jpg,1395391,flower,real,113
train/1395391/2d2f0d5153a74aa72bf39a44185c2b9d8a7256e5.jpg,1395391,flower,real,113
train/1395391/13f891e7e81e0e5f56924f375095d9f4a30dfe16.jpg,1395391,flower,real,113
train/1395391/79aa96eb06370aaa218d36acabae694fce8aa861.jpg,1395391,leaf,real,113
train/1395391/bfec3028c029a6123a2c81394fc55d7d0bf1baa8.jpg,1395391,flower,real,113
train/1395391/7d4e225174da2df40d61f5347c9dee3065f9fb81.jpg,1395391,flower,real,113
train/1395391/c836b7d850ac51420055ed22dc19869a602a4c3d.jpg,1395391,leaf,real,113
val/1395391/f1c6d1cc5bffda076d8ffc3477a3549b8ad3785e.jpg,1395391,leaf,real,113
train/1395391/dc00a0147d2cdc3c5b7fb46d2eb84c5eb53f8a72.jpg,1395391,flower,real,113
train/1395391/0b708d3f0962b0e501a6867767a817a7f4c515b4.jpg,1395391,flower,real,113
train/1395391/7484da5c1150071837d4900651f15c7c3b6151d5.jpg,1395391,flower,real,113
val/1395391/23c6816177170b4ae68223eaaabef9d9be4a34eb.jpg,1395391,flower,real,113
train/1395391/7b312d1ed2867392fc45c4c4c35c0545a0bf3807.jpg,1395391,leaf,real,113
train/1395391/bec402c3d0c5562b4c4199d2b5b3343d12bb4652.jpg,1395391,flower,real,113
train/1395391/b4b093c8fc6f594bcce5f94445a08a4734bd2de2.jpg,1395391,leaf,real,113
train/1395391/953b7c0e0556a3bcbce97aa101be91d3a2ac68db.jpg,1395391,leaf,real,113
test/1395391/489be8e1ce86e22472a841677537161dec97af2f.jpg,1395391,flower,real,113
train/1395391/414fb4613cdcbf1e77d56ee969ab9351e03e90e9.jpg,1395391,flower,real,113
val/1395391/bc4e161bee261893d2cd65460744880399967c9d.jpg,1395391,flower,real,113
val/1395391/7a01b9e096bdc7e56cdf0eb3a8e7f16ec5fa7a21.jpg,1395391,flower,real,113
train/1395391/0c5345f92c4116bdbb292713c1921fa0e6a4364d.jpg,1395391,flower,real,113
test/1395391/7393b2b89a2f1d35b9c89dba76963c972e23ffa5.jpg,1395391,leaf,real,113
train/1395391/2135f38214b2edbf8e4772bdf038f56e6a7940ce.jpg,1395391,leaf,real,113
train/1395391/235b60e3ff653bc0021d346a19b958b0f192fde4.jpg,1395391,flower,real,113
train/1395391/0b3663c21123436f6304833ad62da1e7512ea129.jpg,1395391,flower,real,113
train/1395391/76c4c80ba18f57fd172ee09bf96c1ecb0a8b9dd6.jpg,1395391,flower,real,113
test/1395391/162eba6a3355de05ed4372c9ef4fe5dafb033cab.jpg,1395391,leaf,real,113
train/1395391/c6ad847136d6d91c4c1186d03cdfc0e8572dccab.jpg,1395391,leaf,real,113
val/1395391/cd21135c99342c25212bf922d06e7761d2abcc53.jpg,1395391,flower,real,113
train/1395391/e3c1f5a8a5e42b6814462b631568b7944804e6ee.jpg,1395391,flower,real,113
train/1395391/24752bc06ccc4e9f05f4ce147f7c0a4794ca6b9c.jpg,1395391,flower,real,113
train/1395391/ed71d126c4254ccb29b61604c37a24be0afa50df.jpg,1395391,flower,real,113
train/1395391/bd6204d24ac35cabdbd97aa9b1a1b994cf63cc01.jpg,1395391,flower,real,113
train/1395391/1b75ac8fe6640264b32b51db8efc7f8bf6eabd44.jpg,1395391,flower,real,113
train/1395391/2ddb5b3134a697a0667cddca43e4d5c8f9afcb81.jpg,1395391,leaf,real,113
train/1395391/5106184f8f54d38186d4ae27b8e062922de2c972.jpg,1395391,flower,real,113
train/1395391/fc1581c0e3f6dcf7dd66b01538f7d23e07efbffa.jpg,1395391,flower,real,113
train/1395391/84c8d2776edd1d1aad55817a8718ea7c30c434ce.jpg,1395391,flower,real,113
train/1395391/8f165d45f057c08fb0e3a02545fb93d08bd25723.jpg,1395391,flower,real,113
train/1395391/8a2953610a4c0df9de179df00febbbc883497f89.jpg,1395391,leaf,real,113
train/1395391/645d1faef71fa4445189f313410070ca7f4aa07a.jpg,1395391,leaf,real,113
train/1395391/45ca614618701bad2c1bcae8d605bedfda17327d.jpg,1395391,flower,real,113
test/1395391/aa7e73bd5466cf4a3df788e7d753592f15232f16.jpg,1395391,flower,real,113
train/1395391/17e8554a3faaef71ada0b339570bfe8a2d78b389.jpg,1395391,flower,real,113
train/1395391/338b763f62eada753c3ccb2ada7601caf1904ad0.jpg,1395391,leaf,real,113
train/1395391/480b9bf42c31cc877c0d16600607f8b83d5c6a90.jpg,1395391,leaf,real,113
test/1395391/69cf7a82f4c40a9a6953a7358b0939cf467bd26b.jpg,1395391,leaf,real,113
train/1395391/21d21604da8d8d54d954498d0a2910e26908fc04.jpg,1395391,leaf,real,113
val/1395391/8c319bbe31ba08fbc6f7bf8005d08f3f23447ebb.jpg,1395391,flower,real,113
train/1395391/1c022920956cc076397592eca205163acbfbfc6e.jpg,1395391,leaf,real,113
test/1395391/8dfd78997f98f2e7669a92ff38c2341dff40c7e8.jpg,1395391,leaf,real,113
test/1395391/bd7c2459af2912364a79e030bc25cde704b5c3a2.jpg,1395391,leaf,real,113
train/1395391/30fdac67cb45337186baea08b2d5b5b8df1ecc78.jpg,1395391,flower,real,113
train/1395391/9a6acecbc9ade1d131f164ab0a5e285ef7e80c31.jpg,1395391,flower,real,113
train/1395391/3b8ddb73300225ae44fdc0d96163950f5aaa78db.jpg,1395391,leaf,real,113
train/1395391/cb66ce6a03960386063addbd51846d28fec4ecab.jpg,1395391,leaf,real,113
train/1395391/f754e44605a2fc8a09087084c6811c2816572a76.jpg,1395391,flower,real,113
train/1395391/778f86e0d140f201ed511348bc9be6a13d56167b.jpg,1395391,flower,real,113
train/1395391/efcd1c6ef8921a6477573a617b7bca73723319f7.jpg,1395391,flower,real,113
train/1395391/c0972b25b4db4ba0add31438173f1263aeecad77.jpg,1395391,leaf,real,113
train/1395391/578486a223b8c762c7cff03641596926e9f0d9bd.jpg,1395391,flower,real,113
train/1395391/8c185c07a19354e5f26f277f1ec5f446d526b789.jpg,1395391,flower,real,113
train/1395391/b8fb932dce196da700214dc51192c82363118421.jpg,1395391,flower,real,113
val/1395391/27bfc6ebb7c258e321b0fbbf379d35c22de49698.jpg,1395391,flower,real,113
train/1395391/1cefd40dd110e52ef375e258e95479b261b45609.jpg,1395391,leaf,real,113
train/1395391/20440dc266829bcbcbdcdc278c1c89dd7f0959de.jpg,1395391,flower,real,113
train/1395391/690a3e33e251bd579b2180dc97ddc7510641ca2d.jpg,1395391,leaf,real,113
train/1395391/2ae7b23aeaaa9bb53c64ad9dade673c64e7f0620.jpg,1395391,leaf,real,113
train/1395391/07723a281f70264e617a05a3a9be0fdbeb92e795.jpg,1395391,leaf,real,113
test/1395391/255946a75d8d0071026c39ebd33ee02c5c1ed5c3.jpg,1395391,flower,real,113
train/1395391/d598960a065f90fff5ea821e512efec9cb666ddb.jpg,1395391,leaf,real,113
val/1395391/121aad0b829ba40eb32f316f88c415da726313e6.jpg,1395391,flower,real,113
train/1395391/3cb47711d7a8cbbff32184018c6f77c6c2058795.jpg,1395391,leaf,real,113
train/1395391/ed2643c2e198f1c5b3d6d09b2e3c6a1311c9bdfb.jpg,1395391,flower,real,113
train/1395391/26d633288cddfc6b0a3d99e27e0d9a1b373db373.jpg,1395391,leaf,real,113
val/1395391/73b44f1b76f5a7dc3e257fb0b2395e8126d440a1.jpg,1395391,flower,real,113
train/1395391/c4f1a0661f3081764c7889be012d35b4909a79a7.jpg,1395391,flower,real,113
train/1395391/947afd94203c13a9aeb0bed49f33d5050eea5273.jpg,1395391,flower,real,113
val/1395721/8ed74259f4da8d82bbe9c8c2fee1e593eb208155.jpg,1395721,flower,real,114
train/1395721/48eacef7649583c5aa6a6c059bc1283ef25032de.jpg,1395721,leaf,real,114
train/1395721/fe1c97cf1c36c6154df30de7b58480a37a082b7f.jpg,1395721,leaf,real,114
train/1395721/6495f9657b7423404e8532bb9a5aa23b478039d6.jpg,1395721,flower,real,114
test/1395721/ed7f34dba8079c210685cd59e6869d85a2251d4b.jpg,1395721,flower,real,114
train/1395721/e0a79b78531d295657398e667c934faa9e4822d6.jpg,1395721,leaf,real,114
train/1395721/a93c51095c49e365f4217d15bc1d192c7c076e61.jpg,1395721,flower,real,114
train/1395721/41f2d505ca24381186733b11e7226c0bb6e2a2da.jpg,1395721,flower,real,114
train/1395721/4e6a38d2f137eaa724416b47743f698a93dd7758.jpg,1395721,leaf,real,114
train/1395721/b9859c44af0e823a6fe62f1f56c69dd5d5f96727.jpg,1395721,flower,real,114
test/1395721/d3fa762ce6d77c8700e127ac97ee4afb5b5b5daf.jpg,1395721,leaf,real,114
val/1395721/6a074279584d4cdeef7f7fbda7b58649c3811fba.jpg,1395721,flower,real,114
train/1395721/d985c8d364e0ea000924619fed35f95f573d52e1.jpg,1395721,flower,real,114
test/1395721/abc589098d1d5189b46f67a96d7942df3a24ec56.jpg,1395721,leaf,real,114
train/1395721/771497c44b747d600a1e99e979799ca0a92f1648.jpg,1395721,flower,real,114
train/1395721/538641624d1dd88a4c21dc64bd397850a9127688.jpg,1395721,leaf,real,114
train/1395721/fd81dfec13ebf12782f16a0742f67643ab74fff1.jpg,1395721,flower,real,114
train/1395721/72c88db833da79eea904f82d936a28df8a399a28.jpg,1395721,flower,real,114
train/1395721/c0615e952841d391af02c3d4984826b9a94c0843.jpg,1395721,leaf,real,114
train/1395721/172e9f543ca0e9820e91c6a11ef37048e5548527.jpg,1395721,flower,real,114
train/1395721/3e1ea5628cd62f5ff54a1bbe14ac4be6f92a6484.jpg,1395721,flower,real,114
train/1395721/124f68532abdf83d596b4d83aad877415eca9715.jpg,1395721,leaf,real,114
train/1395721/9503a0e43e8b49cd05573c3e8db2e271f7e0db7e.jpg,1395721,flower,real,114
train/1395721/ad80e9e3510cbdd9f2d1890c6a0fc69b581d34c6.jpg,1395721,flower,real,114
train/1395721/b3022388ec6de1e1e9990824b516fdbcb9c3ba81.jpg,1395721,leaf,real,114
train/1395721/c5fadd7107e56add200e1f5b82aaf79eae61d87d.jpg,1395721,flower,real,114
train/1395721/b254b08310899e2d48481f98924ce8aea67d97f9.jpg,1395721,leaf,real,114
train/1395721/aaef6f83119873ef8ddfc7e794f71035343f5c0e.jpg,1395721,leaf,real,114
train/1395721/a757b3b4b4186c433e991670ef74d3e02328abc1.jpg,1395721,leaf,real,114
train/1395721/7280bb6b79e4f782ffa587fb03f0e0fe84d281ce.jpg,1395721,flower,real,114
train/1395721/2845d8d7fba44acc5298fb54873c0b96d889c65a.jpg,1395721,leaf,real,114
train/1395721/57afa517073c69378dd6382bda182f6581129849.jpg,1395721,leaf,real,114
train/1395721/63cfa52963c33723c15056a8f897941f81a4bbb8.jpg,1395721,leaf,real,114
train/1395721/7a88be378195b4c92f4c29397160b092e10900e9.jpg,1395721,flower,real,114
train/1395721/c54d08cdce2e698160f0bfb4534ea8a8666b4d9d.jpg,1395721,leaf,real,114
train/1395721/fbf1d25fafb6d1515fee2ec1390f094406eb26f8.jpg,1395721,flower,real,114
train/1395721/27a673f7e384b59021f778622ed7d27b263a80f2.jpg,1395721,flower,real,114
train/1395721/459e35a064abc4772beb61014029e5452fa83c70.jpg,1395721,leaf,real,114
train/1395721/3fe962b3f349597db60c657bb35556cd8f013f44.jpg,1395721,leaf,real,114
train/1395721/7b6de6e5c639b513ce470b71d075462fc254ae4c.jpg,1395721,flower,real,114
val/1395721/dcf2cdf10730d9a56975e8f6f6bd7a126409ab3c.jpg,1395721,leaf,real,114
train/1395721/37d27861936cca53ca9adfea084f3b9a7931484d.jpg,1395721,flower,real,114
val/1395721/5236ff915821c1deb4d1fe956bbd14417d79893d.jpg,1395721,flower,real,114
train/1395721/f1168a3cac0811f1720dd931fdf2596657bc2b10.jpg,1395721,leaf,real,114
train/1395721/095ba68ad5004daa727301b641da6bfb94640c27.jpg,1395721,flower,real,114
train/1395721/7f622db311cf59ea7fea8f34ca46ce27bfc383e1.jpg,1395721,leaf,real,114
train/1395721/dbf121217a334f0a46cc29e56d7bdfc6c7698adf.jpg,1395721,leaf,real,114
train/1395721/af42af23cd0fd336e21d1e24f1ce8cbacd599450.jpg,1395721,flower,real,114
test/1395721/75fa9d2dfae477f9b1817d7c19ab5e8c4c56755f.jpg,1395721,flower,real,114
train/1395721/72b872e8fb213968253feb1c94c7a197036a29dc.jpg,1395721,flower,real,114
train/1395721/928fc99e3bf3f528bed6e0be14967075ecfd3e1e.jpg,1395721,flower,real,114
train/1395721/261696e7f5aaa66cbd94a9ad8ea832122ca6d65e.jpg,1395721,flower,real,114
val/1395721/b2fe85c8ebdad1b641f583a604af41732081ceed.jpg,1395721,flower,real,114
train/1395721/d6256565ed25d31877e5a54a4e6c707565d5b8c6.jpg,1395721,leaf,real,114
train/1395721/cf583b94d352c2c35a988a657227f7e3f7ca43aa.jpg,1395721,flower,real,114
train/1395721/8f233647199ccb8cc557b55208705e78fc2cf54c.jpg,1395721,leaf,real,114
train/1395721/7696bb60f8b386d7d7db026f53a40cdb6022e879.jpg,1395721,leaf,real,114
train/1395722/a0709c02909215ef2fb5e91ab89732612111cfc1.jpg,1395722,leaf,real,115
test/1395722/671bd5125ea4544d97382c885c6f64fb100a4fb1.jpg,1395722,leaf,real,115
train/1395722/c6b3243a9cd2a9ba9b2c3ed76034cd0d6478a3c3.jpg,1395722,leaf,real,115
train/1395722/5517f4c10d589a8fa4570e9b2a2b9e8e29ab7918.jpg,1395722,flower,real,115
val/1395722/50a7a1805d0009b3db650396643aa0e3a48bc46d.jpg,1395722,leaf,real,115
train/1395722/086099bcbd1a624c5b75c1c7df8b229028bb331e.jpg,1395722,flower,real,115
train/1395722/e2a4be0568b354877e2ead4e20bc7d7d3f119c85.jpg,1395722,flower,real,115
train/1395722/35a8ee364f73e1169d3537b28f6ba39ccb92b8f3.jpg,1395722,flower,real,115
test/1395722/c1f39f581615334889bee4efd7172abd15baf21e.jpg,1395722,leaf,real,115
train/1395722/00bd2538d133078b70f2103007cecd129a9dfbc6.jpg,1395722,leaf,real,115
train/1395722/5b37ae1879815ab922837da250b7667ac895d52b.jpg,1395722,flower,real,115
val/1395722/45a7d98d49bc01d0c6a58fbd5666505008ccc764.jpg,1395722,leaf,real,115
test/1395722/cdd76ee5008ea05f7585ffea40e76745b7041b44.jpg,1395722,leaf,real,115
train/1395722/241ad76267ba302ccdde3927c8a4e1c4b538dcf4.jpg,1395722,leaf,real,115
train/1395722/c5283f18112f186c6330ed5a9a8cc9362429ae37.jpg,1395722,leaf,real,115
train/1395722/e7431e9b9088ba2e9cf3836d3379928cb9a72ea8.jpg,1395722,leaf,real,115
train/1395722/242240de25927d8d131897405c285b05a886885b.jpg,1395722,leaf,real,115
train/1395722/933d0e936df068577ab12f0f51cdb07d4a41ab62.jpg,1395722,flower,real,115
train/1395722/27b1fa505c74909916c8367722a87fbd8bfea8bd.jpg,1395722,flower,real,115
test/1395722/db1014be21afc7c33483352b0b3b29b60663a406.jpg,1395722,leaf,real,115
train/1395722/14c25e93709d2d56a5bc4c44e9f26df875f2186c.jpg,1395722,flower,real,115
train/1395722/7c6fcf994273071d4d4b28e5bbdd2a7acee0d068.jpg,1395722,leaf,real,115
train/1395722/1e3ce74330a20773b230ee3917e3752c66e6dd55.jpg,1395722,leaf,real,115
train/1395722/0988008da54188f1b530e68f5573174fea35cc32.jpg,1395722,leaf,real,115
train/1395722/ca3566d5ad4ffb9486bcdfa62c4af07ba83180b6.jpg,1395722,flower,real,115
train/1395722/35f17a31aa25313caaccf98e2ca151b259cbacb2.jpg,1395722,leaf,real,115
train/1395722/cf6c152a05c05098334b4c331d84b6f22452248e.jpg,1395722,leaf,real,115
train/1395722/b0b8369767b9482ed0704048c1a15da2a5e26efc.jpg,1395722,leaf,real,115
test/1395722/aeedcc4d52c101c404bffd569b6212b699b30dd7.jpg,1395722,leaf,real,115
train/1395722/9237f9889cbea9e5c6b97dfd761d003a837bc658.jpg,1395722,flower,real,115
train/1395722/9960c2f175c6cee07e4519cece1a3f29b23d459e.jpg,1395722,flower,real,115
train/1395722/cf1671d4c4e3fec18d29d029782f88c8cb7ee874.jpg,1395722,flower,real,115
train/1395722/14b590c3066f02989b80e561ed35857dc59c6861.jpg,1395722,flower,real,115
train/1395722/fd6e19a26259b46a79a01e78edd926e64d33750d.jpg,1395722,leaf,real,115
train/1395722/a00d0d44ca4c7bd12fd46a59b4413decb9b3c441.jpg,1395722,flower,real,115
train/1395722/0eb8c0bbfd4baf9ed28d73120c60d825f1f706d9.jpg,1395722,leaf,real,115
train/1395722/0dc694d373fc4cc58676fa77ff0f1c48d09c10ef.jpg,1395722,leaf,real,115
train/1395722/60b85976168535d970d7a059c5e0ec3f035bc9db.jpg,1395722,leaf,real,115
train/1395722/4ec034385538e8be37d05d1043c2638d6634977e.jpg,1395722,leaf,real,115
train/1395722/5e3fa5d0756ca2f77cab43e824dfe55dc20b4d3e.jpg,1395722,leaf,real,115
train/1395722/39e642d16dddeb58a4e3bce89c0230df8f304e3c.jpg,1395722,leaf,real,115
train/1395722/5baed521c518d553db00008f05b24e9425c7e937.jpg,1395722,leaf,real,115
train/1395722/463f08c5e9e9870f0a8537bbba830da77be96d90.jpg,1395722,flower,real,115
test/1395722/7c58776e0adbdcf9803a47554ce0e325fda17a45.jpg,1395722,flower,real,115
train/1395722/aa8a6c3361e9896ad35f7905345a98d8d5894d0d.jpg,1395722,leaf,real,115
train/1395722/675ab2a580cb9bf5e6974eafd78d27fba06fef8c.jpg,1395722,leaf,real,115
val/1395722/0ca29a8eaa5d3c3485d187f5675e4f511bbe2f8f.jpg,1395722,leaf,real,115
test/1396133/b22f2ece8cc6a73e654b42f351258cd6abd41b96.jpg,1396133,flower,real,116
train/1396133/a10470c1eea4ae3d3150c85e44c61be4beee5728.jpg,1396133,flower,real,116
val/1396133/cbfb43a82b71edce304f352c3868a330b993890f.jpg,1396133,flower,real,116
test/1396133/b2211bcf780ccce7408230dc66d68d572150a9e3.jpg,1396133,flower,real,116
train/1396133/7e4adb5c1e35e6921ff14738beb3d47036c51889.jpg,1396133,flower,real,116
train/1396133/bd5c291a1d9f4c4fe4f6078ea977286011a6309b.jpg,1396133,flower,real,116
train/1396133/3542c54254f73834710a48c7de270d1437104243.jpg,1396133,flower,real,116
val/1396133/7f897ff48bea922366433960ec01dcea7729d21f.jpg,1396133,flower,real,116
train/1396133/bb35417504f41e25e6669a994173ae0db387de67.jpg,1396133,flower,real,116
val/1396133/6d5cabc413443a451e312ecb36aee873f519bf18.jpg,1396133,flower,real,116
val/1396133/ee40e2759094c216acea9626103273d4ba8e0eed.jpg,1396133,flower,real,116
train/1396133/c98243fdc0e9faf21fdb0dcc8c3077b4a62c0142.jpg,1396133,leaf,real,116
train/1396133/a11e0a98ca1991af1bc424ad60f5d721ec885ad0.jpg,1396133,flower,real,116
train/1396133/9ccc328f3b525359ec398ddd059166aee2460dd0.jpg,1396133,flower,real,116
train/1396133/af3e67b574bcac777664de717592c24c7765f017.jpg,1396133,flower,real,116
train/1396133/507fdc2a7aacbf06cd91faa71c0c9400d047c4e8.jpg,1396133,leaf,real,116
train/1396133/03846e656cc52661621c6e2bdab30e6d02fc2db9.jpg,1396133,flower,real,116
train/1396133/277080f5b21bce0ac89a3b38981cd6016ff92a15.jpg,1396133,leaf,real,116
val/1396133/27ce1bcda6a4c21cd7be590cb7ef149baa00681f.jpg,1396133,flower,real,116
train/1396133/bc4ef2552ac75f26f542cb6e53d3f295fb9341a6.jpg,1396133,flower,real,116
train/1396133/2ad4ed78e56e8103f646b283096de3b46ee41fdd.jpg,1396133,flower,real,116
train/1396133/3b80116318e0d13de09018cafab2e8d1d381da4c.jpg,1396133,flower,real,116
train/1396133/c2e990616a733afe43ca33133602d59c943fdf4d.jpg,1396133,flower,real,116
train/1396133/efc3948b5d99386d9857608993a44fb0a470de2d.jpg,1396133,flower,real,116
train/1396133/1795a781fcb3b5d14cbb58f0105ac9ace3439327.jpg,1396133,flower,real,116
train/1396133/23705a7a18c8f717fa49d68e455ff8189ee0e5c6.jpg,1396133,flower,real,116
train/1396133/3653c7d1a732d3895b1437e30cd828ea73afe478.jpg,1396133,flower,real,116
train/1396133/69075575038fc6039f5b0c1cd70933c042c30516.jpg,1396133,flower,real,116
train/1396133/df4e18ce6d9bb30d2c4014a6099e9a4dd922722d.jpg,1396133,flower,real,116
train/1396133/9f5711f74f3ab78d46d0a9d628cd8c8337a824cb.jpg,1396133,flower,real,116
train/1396133/400ffd113f25802f4ec732646318d4ef8b1291e8.jpg,1396133,flower,real,116
train/1396133/e28ded983a3e7180a5e4a267b69f5ed9d3dc9085.jpg,1396133,flower,real,116
train/1396133/c89bc12f94c99c85da05fd375f1b5c8b0a7f3be3.jpg,1396133,flower,real,116
train/1396133/7b8214ddd0e362a873a27220843188a3da30dec4.jpg,1396133,flower,real,116
train/1396133/b457307d48ec49f4743f25eb7e0d31f5e4b91b9e.jpg,1396133,flower,real,116
train/1396133/f0f968986dbeddd46d48057cd7ef67bca722ceef.jpg,1396133,flower,real,116
train/1396133/fdffd8ed5d6cf726b06d2ec9133e22854149f687.jpg,1396133,leaf,real,116
train/1396133/231bfaabda0888a22d5ad03a8b9f0e3c37d0b84f.jpg,1396133,flower,real,116
train/1396133/a078e33650f30c788e0b92c5fe5658e94a526a9f.jpg,1396133,flower,real,116
train/1396133/1fdfa18df44c892cada8881490b5c6088556a8a3.jpg,1396133,flower,real,116
test/1396133/63fcda37bbedb3d7c599f4f9cdf08548a0958496.jpg,1396133,flower,real,116
val/1396133/4be9616594141f4615f1056883344d1f429054d1.jpg,1396133,flower,real,116
train/1396133/54840a45e1ecd8e8f47937b48076ea3d2b39fbb0.jpg,1396133,flower,real,116
train/1396133/40ccc80d6cb90ff9439763a0392faf41a2a8548f.jpg,1396133,flower,real,116
val/1396133/0231e8d9cb679d11e814a1f8c4227bd6cf7d2fe6.jpg,1396133,flower,real,116
train/1396133/2c0dbf53a8b41cd68bc7515061383c05dda1a325.jpg,1396133,flower,real,116
test/1396133/3f814c9cd17fe9d435ba728277a70f5c5aae1b91.jpg,1396133,flower,real,116
train/1396133/38be55185fca9a600c34e1269581d6a54edeca08.jpg,1396133,flower,real,116
test/1396133/d802dd8e748b207aaf5b0c580eb2e815ce7387d5.jpg,1396133,flower,real,116
train/1396133/5597ff45e4a49b6a0c6cbd07c780cc6a747a0f6c.jpg,1396133,flower,real,116
train/1396133/8a0fa2c80d2707843ab8bd3936d697769586623f.jpg,1396133,flower,real,116
test/1396133/a1f29b1be69c093ec76adfb547eb7b47a8bf2202.jpg,1396133,flower,real,116
test/1396133/cb1297e3e3add583d5b16cd4e8c83b83f0b04804.jpg,1396133,flower,real,116
train/1396133/e3d8bc03ae23c41350871b0126ac5d507328d964.jpg,1396133,flower,real,116
train/1396133/9f1cc74c12b549e697483bb265db24954ec53f72.jpg,1396133,flower,real,116
train/1396133/76aa595844130af6d379beb407244194f0e93c9a.jpg,1396133,flower,real,116
train/1396133/a5da98bc97c6b23fb040787b5cb9a97366c33366.jpg,1396133,flower,real,116
train/1396133/95036eea48de554a76111b57ec2c26434fcbde8e.jpg,1396133,flower,real,116
train/1396133/8e214b166677797cd8fd0e8ac854d8213e6a1f47.jpg,1396133,flower,real,116
train/1396133/fe8e629fb00a69aacc74468cd99266226c61cbb3.jpg,1396133,flower,real,116
train/1396133/cce99d7a1a2a1994344f25cb51a4050df56f2a73.jpg,1396133,flower,real,116
train/1396133/a6bf5ec220f38dd3e4163bcaa7f44806015a2aec.jpg,1396133,flower,real,116
train/1396133/858de40efb7c3c934e320429634aaef273c16878.jpg,1396133,flower,real,116
train/1396133/425a6dc7a59e23044824e3d7909bff3ed1e051f9.jpg,1396133,flower,real,116
train/1396133/d09817f70a97455c7cc4157767775cc14ce3b5df.jpg,1396133,flower,real,116
train/1396133/46c7b4467c9331bc016cac31c7fe60c87751a755.jpg,1396133,flower,real,116
train/1396133/83c519d276740675ae22c08223ea5a92bc09d3ec.jpg,1396133,leaf,real,116
train/1396133/2b3e4d7681eaa86aadc6ab3e6c7842a545091e79.jpg,1396133,flower,real,116
val/1396133/8de66dffc3fff7c5ac3023edfcb2f21128388e8f.jpg,1396133,flower,real,116
train/1396133/04fc96f6c84497fe172bf00540dc9e1f7ebf097a.jpg,1396133,flower,real,116
train/1396133/a882f20ae2820b4814af12bc92c45cf026839dae.jpg,1396133,leaf,real,116
train/1396133/83a88289e26a903e39087ab821046d1b479a875c.jpg,1396133,flower,real,116
train/1396133/25f2f03aa9201d9f339b8b4676142a80ee4f934e.jpg,1396133,flower,real,116
train/1396133/74a2841f7bb4f28bb4c9f3cfe98efc0ef8cf0868.jpg,1396133,flower,real,116
train/1396133/22e31aa6effc581e59e07c4583fc4468271bd21c.jpg,1396133,flower,real,116
test/1396133/2507fa027dc4a760c0694ec092989b16dfcffe3b.jpg,1396133,flower,real,116
train/1396133/9ac1cdba6a543c8a0199212ed7ea8abc1d7e89d1.jpg,1396133,flower,real,116
test/1396133/831aa9115af36a0a2daac2f728f3bb3152540c00.jpg,1396133,flower,real,116
train/1396133/59fa2efd1920724e61c7ade7ae3088819875dc10.jpg,1396133,flower,real,116
train/1396133/6f5c9015ab40723586e8050e67f705d14cd6f40a.jpg,1396133,flower,real,116
val/1396133/84752a1fc45852ea2c488f698464ae41c6ccc631.jpg,1396133,flower,real,116
train/1396133/9e81786519046c2d76ce0e875255e40cd7409263.jpg,1396133,flower,real,116
test/1396133/58fcac6f3992d5e9caf56e239fc7b19cb4db07d3.jpg,1396133,flower,real,116
train/1396143/0e6a9a70d74dbc42fc199423bfbde3b786ea01a2.jpg,1396143,leaf,real,117
test/1396143/49f880b702c7eb650ba763d2973c9520a92c1908.jpg,1396143,leaf,real,117
train/1396143/78903759406c2bcbec2d885aa10f5b2c7cad1269.jpg,1396143,leaf,real,117
train/1396143/e584e3ce561bf2796aeaab88c16f948149ef7806.jpg,1396143,leaf,real,117
train/1396143/a15bd24f6c67e6505253f66598478ef0017ac56b.jpg,1396143,flower,real,117
train/1396143/0fd7cf7ad6887937fdf57c29d82b75e10b1308b3.jpg,1396143,leaf,real,117
train/1396143/9cae938a1d8f92ebf82e283d2945d48bbf2c8f79.jpg,1396143,flower,real,117
train/1396143/c03b172bd8cf1dd6af49d79afd6232e56772a199.jpg,1396143,leaf,real,117
val/1396143/92a6087e3176e54db92d19170e96f9cd4c48b92f.jpg,1396143,leaf,real,117
val/1396143/d8d312f6f8bd3e7e7f9b6098232f2ec854503fcb.jpg,1396143,flower,real,117
test/1396143/d4e627aa3be55a6b4c453b2b3306ccf3d6d4eedc.jpg,1396143,leaf,real,117
train/1396143/4df6aeca38a21d908a7c8799ebc8b3028f5af75c.jpg,1396143,flower,real,117
train/1396143/9fdb4ef2a4720db0a0329664f2f758a1d481642a.jpg,1396143,flower,real,117
val/1396143/13206112368e251729256c9a6e59f9f77e2765bb.jpg,1396143,leaf,real,117
test/1396143/bd21ec7a348dc768d587a498753bccb63accb0ca.jpg,1396143,leaf,real,117
train/1396143/33ac809dae2f67d3e5fef12fe9dbee8de93c3093.jpg,1396143,flower,real,117
train/1396143/326a4d2f051c76ce36523fc9a6792a997a403589.jpg,1396143,flower,real,117
train/1396143/0b4621555aed514bf13b18c5bb892d658ac56b3b.jpg,1396143,flower,real,117
train/1396143/c5072ce1c9b7b0fc1caddae6cef82e7b011c0924.jpg,1396143,leaf,real,117
train/1396143/2a4de4f7a1b71e6febf29d700182130371820bcb.jpg,1396143,leaf,real,117
train/1396143/936a393fef4467391478a8214e6cdc1f451b0882.jpg,1396143,leaf,real,117
train/1396143/91f3312210737e30078221ef98b11c9c6659d4e9.jpg,1396143,leaf,real,117
train/1396143/c1b56a464696defa0e12775dc9ff551a4806b95a.jpg,1396143,leaf,real,117
train/1396143/58d8fda73fe26d2f14ba991556a5ecacd778e382.jpg,1396143,leaf,real,117
train/1396143/e635dde59cf6a2e2460dad20f17a20bd8834b98c.jpg,1396143,leaf,real,117
train/1396143/f2cad280fd44e8fa3f62f5ba7e998722aec37c8d.jpg,1396143,leaf,real,117
train/1396143/3c722c9041337c9dd4360ab6f57e56e4f8877229.jpg,1396143,leaf,real,117
train/1396143/b9d31c469be0712ae6aff501d93e38f8fdabef6b.jpg,1396143,flower,real,117
train/1396143/c476ee51b84b0c9d02562ce53c056fe30305f759.jpg,1396143,leaf,real,117
train/1396143/29f994e5d650b02bc68106ab6107d04380208854.jpg,1396143,flower,real,117
test/1396143/b4713a3795b3bcc6c212a324c4d97f7de242d3ee.jpg,1396143,flower,real,117
val/1396143/db74c74024ed2b74dbb9b5da1604f013b8c69c65.jpg,1396143,leaf,real,117
train/1396143/32161c9364bab587254fb4f7fc4a38d558d75332.jpg,1396143,leaf,real,117
train/1396143/15797c7cc0ddcd71e9d4563fb3a40354b26407bc.jpg,1396143,flower,real,117
train/1396143/2b7171bd2d89f79dc416e52daa3e15c1bca547f4.jpg,1396143,leaf,real,117
train/1396143/d9a94b340d54553beff866b56d34457b3a33d50f.jpg,1396143,flower,real,117
train/1396143/4059ac663e52171e02d28c0a65242c396d1622c7.jpg,1396143,leaf,real,117
train/1396143/e0ac741aa9b0395011e8c1aa14542120de096b2c.jpg,1396143,leaf,real,117
train/1396143/7f896091844b1a6255c132edc9c2a54ee39bbb04.jpg,1396143,flower,real,117
train/1396143/45e52b7e317233b02af1125047316c3a60b776ce.jpg,1396143,flower,real,117
train/1396143/29451fd7e2ab623b02f19845f1c3d4707d6feb3f.jpg,1396143,leaf,real,117
train/1396143/140fe344b0689fe61f49d34c14e87be5ea5e43ef.jpg,1396143,leaf,real,117
train/1396143/66e6cc51a30d7ec8c23b605d29cbc72192e994aa.jpg,1396143,leaf,real,117
val/1396143/6f5d89e9b106dee80931298b3cb872e3d5f5bb7a.jpg,1396143,leaf,real,117
val/1396143/1c755f2763ed71488882bcb00ab4ca2b228ccfd9.jpg,1396143,leaf,real,117
train/1396143/ed30e228cc7fda8d8936f4b268a5f9dba374401c.jpg,1396143,leaf,real,117
train/1396143/95a8946a90a87bd5b5a649aecc380c556f5d226d.jpg,1396143,flower,real,117
train/1396143/3809c11c2b51264bf24fa3ed35aef31322546ca7.jpg,1396143,flower,real,117
train/1396143/3f50329c9df6e7b8aa65f6f9a2312c8306c53628.jpg,1396143,leaf,real,117
train/1396143/69b4b9248c910ee2b2411758e3b2f651c6e7459f.jpg,1396143,leaf,real,117
train/1396143/d4ec8db200a0d45f8cc3a692312b66320c30721c.jpg,1396143,leaf,real,117
test/1396143/cae4f51e6a2c148ec4cfe8826045cbc38d7bec41.jpg,1396143,leaf,real,117
train/1396143/e4089f60a0e61f3038cb6e0d0a4fc99b501775b7.jpg,1396143,leaf,real,117
train/1396143/f0bca063f0dbfd061895db79aa69acf3acbb0cf4.jpg,1396143,leaf,real,117
train/1396143/3c66ea5d82d565270c1f9ac70aed3adb3e6ef9ed.jpg,1396143,leaf,real,117
train/1396143/46e8351b8e7dc4c52f4e7243a9e6f93bad66bf5e.jpg,1396143,leaf,real,117
train/1396143/be6dc43a7aa59cffb6211c425d4a06cb286d0a0e.jpg,1396143,leaf,real,117
train/1396143/0c50d44416760f41ab53497f04b02176830c5ee4.jpg,1396143,flower,real,117
train/1396143/ee030dc5b3d57158eb8ecb77f72b2d08168d50b9.jpg,1396143,flower,real,117
train/1396143/113bc47de1f39dd6314643c38af82a24f5f8e988.jpg,1396143,leaf,real,117
test/1396143/225a47567532296b43e7e23d52ae62d47f382006.jpg,1396143,leaf,real,117
train/1396143/5078e5302860708b867112fb44bf3831733a063f.jpg,1396143,leaf,real,117
train/1396143/c0d100f98074182509b01ab44d88f1a1afdbdbcc.jpg,1396143,leaf,real,117
train/1396143/1200a4888f239627707f9518b24abb7a4f1aafde.jpg,1396143,leaf,real,117
val/1396143/cbb6c994a7c40c4538e7fb9015e2692ba94f9cf4.jpg,1396143,flower,real,117
train/1396143/ff35653436169fdfab58a257b828839e1bfc0d40.jpg,1396143,flower,real,117
train/1396143/63802d839d86e8b36f21d0697a3655dc507f0e97.jpg,1396143,flower,real,117
train/1396143/51177bd9bb8ac8cf84cdf04683e1fb7f44f9b8fd.jpg,1396143,flower,real,117
train/1396143/bc2617eb55bc936dc46a035b3909685e4b5a5ebf.jpg,1396143,flower,real,117
train/1396143/7f2feb4cf86eb574164ec6f9ffddf06e13b44cbb.jpg,1396143,flower,real,117
train/1396143/e0155a42062b9f8f067c43b87ef1b2518508595b.jpg,1396143,flower,real,117
train/1396143/ede6e4d5dfb6fa6f5f0a86fdbbf1272a53b65fab.jpg,1396143,flower,real,117
train/1396143/3dc4e5d2aa601328ece7e97752858b8da1410894.jpg,1396143,flower,real,117
train/1396143/bda7c21c5e8fd5a8a517c803477e93711a1a9faa.jpg,1396143,flower,real,117
train/1396143/a0fe1a8fecda0edaf9152d9777d125f601fa6027.jpg,1396143,leaf,real,117
train/1396143/d50d030625f3894bc3eced430107485a1939e60b.jpg,1396143,flower,real,117
train/1396143/490dc88884f4986986e24a314655c594f4d821d9.jpg,1396143,leaf,real,117
train/1396143/a83fb2e56537f8bfa8825300a9375436883bc905.jpg,1396143,flower,real,117
train/1396143/6c37befb8c1477985839628d7b155cdef6d73946.jpg,1396143,leaf,real,117
test/1396143/916365a7f630cb0bbc21dbaecf4d08922dffb6b1.jpg,1396143,leaf,real,117
train/1396156/0639d5d64f462634e92aa6db2f9aa675854bbbb0.jpg,1396156,flower,real,118
train/1396156/7383c7b5fc2362a3f099576cefb3e2d81e3ad89e.jpg,1396156,leaf,real,118
test/1396156/d92f791d818ad7cb351c9a6c5c559c68f58adbb4.jpg,1396156,flower,real,118
train/1396156/dcd6e6dae8b768933fa9897ca1e52dabce2793e8.jpg,1396156,flower,real,118
train/1396156/5971ac3f416e4f5091538ab76ad8201ed7495d70.jpg,1396156,flower,real,118
train/1396156/44903e5a2e5e3e4543ce5cad1cbe7bd1bf4327aa.jpg,1396156,leaf,real,118
val/1396156/da52d49efd930f1ec15aa224b1dd246893eff67b.jpg,1396156,flower,real,118
train/1396156/cc8e52c8eec2a724682ba942684d172e66c4d39f.jpg,1396156,flower,real,118
train/1396156/90b6a4893503b5f5feca53645f0f5aa57dd3f199.jpg,1396156,flower,real,118
train/1396156/0007d1d3e636b14c453732c966ff4363b444da89.jpg,1396156,flower,real,118
val/1396156/11f64f409e68f8902eafc68052d7355f1ad0eaaa.jpg,1396156,flower,real,118
train/1396156/cf5079234efc658fdb425d9802afa719f7f56065.jpg,1396156,leaf,real,118
train/1396156/03ebd8061c55bc9be137317593434ed7b17df278.jpg,1396156,flower,real,118
train/1396156/b7979af261947fdd05c1198002db1700cf6d76ab.jpg,1396156,flower,real,118
train/1396156/8ed9bc04a54f0beed73ac142629bc7afec17d0e6.jpg,1396156,leaf,real,118
train/1396156/9f0b4ad7bc74626520616c8fe37146155f323f93.jpg,1396156,leaf,real,118
train/1396156/a7213d05e7557869fe8d14cb6fba782d97f8405c.jpg,1396156,flower,real,118
train/1396156/55145a1d44f07ab70e1807b9cb45d9a13dd67f79.jpg,1396156,leaf,real,118
val/1396156/3ccc2f7a314325ef6821fcf8a6d733db5b4dcb98.jpg,1396156,flower,real,118
train/1396156/51196b8c1c4c768427b637f0ed16e70adc900ae9.jpg,1396156,leaf,real,118
train/1396156/4680f35304df3cab68f9751ec06ebb187f118aaa.jpg,1396156,flower,real,118
train/1396156/4fa80ee0782f6dfae9a45cd7ef646fe495192d0f.jpg,1396156,flower,real,118
train/1396156/e6a95f12eb6585a8dae7faae4c7f9e2a72205a4a.jpg,1396156,flower,real,118
val/1396156/011c5df3972f273d087f61d5ed6c2087610f9664.jpg,1396156,leaf,real,118
test/1396156/f119f75c85fe73394ea1fdb417dab53213342e9a.jpg,1396156,leaf,real,118
train/1396156/39873074e3482e56a5f770eb011a238a2fb258ae.jpg,1396156,flower,real,118
train/1396156/eea62572a5728b04e9e8d06b6c13a251bf3a4e4f.jpg,1396156,flower,real,118
train/1396156/aa6b4e3aaf8f3f8290ed3d9120c6677c019a980f.jpg,1396156,leaf,real,118
train/1396156/f28b93fc36e1e6fdb8c82536a2b3fd2a5f021ec5.jpg,1396156,flower,real,118
train/1396156/073b5c4bb1c3fa0bcc5d3204480f6fbbf0ebcf6d.jpg,1396156,leaf,real,118
train/1396156/1c54d5137684cd2d1de7a1f1e93b7762c5148d67.jpg,1396156,leaf,real,118
train/1396156/4e6b512639c6b24f87d65f88b99ae26e9c79f3a6.jpg,1396156,flower,real,118
train/1396156/98bd5fdb4af528708c8564cd22214f74b691c159.jpg,1396156,flower,real,118
train/1396156/a175a4fa9fe7ba049e27ea655f079757a1b66f59.jpg,1396156,leaf,real,118
train/1396156/bfe535be95f747fcf869764c6089ca8ad8e240cb.jpg,1396156,flower,real,118
train/1396156/c879a03463ea087a6d6aec48c98f5c4c94ef058a.jpg,1396156,flower,real,118
train/1396156/11a554446cd1cb5d4359a51484c4ee275f4642c4.jpg,1396156,flower,real,118
train/1396156/5f89304c53cc0fb7d212ed7bda8dd9021f5e0f3b.jpg,1396156,leaf,real,118
train/1396156/9bb184494c751012428354398d173405adf12bd1.jpg,1396156,leaf,real,118
test/1396156/b4a9e89a8fbd54cd80b6165b3f4f315205894e36.jpg,1396156,flower,real,118
train/1396156/a9a082c36bc824abba418d5afcb4603ca65cbcd6.jpg,1396156,flower,real,118
train/1396156/05c4726a4311b86b395c474e05b49b1dacd528bb.jpg,1396156,flower,real,118
test/1396156/5279aead46f69a60d174dd7ba6e0137017e15fb1.jpg,1396156,flower,real,118
train/1396156/50cf7118224ec21616db66256481d606cf58062a.jpg,1396156,leaf,real,118
val/1396156/338eb3f6754d99eac9b3070aac2ef7734e8c2fb8.jpg,1396156,leaf,real,118
train/1396156/b43303690dd64c81513d71ffc0c87e7d362f8582.jpg,1396156,leaf,real,118
test/1396156/34ad083cd9b753162b0575c3f46f95049f020c6e.jpg,1396156,flower,real,118
train/1396156/528d7f5c860203e2b940b8428cf427f6a93f2821.jpg,1396156,flower,real,118
train/1396156/325b6ad6e06e786dc6df79da1336cd526a2b0ce1.jpg,1396156,leaf,real,118
train/1396156/6114a4bb99c296978d9dd1a650707b100d8b0967.jpg,1396156,flower,real,118
train/1396156/487b4d06eef672196b6b364cd3cc7ecb0d198f93.jpg,1396156,flower,real,118
train/1396156/4098a92fa295dd52a1c36f25139a1d5ec7e33b60.jpg,1396156,leaf,real,118
test/1396156/eb20208c55d24c0cf26e5800a5b52b104e1e4be0.jpg,1396156,flower,real,118
train/1396156/70311e58bf75516cdffeabf5d304aeb0333bc82d.jpg,1396156,flower,real,118
train/1396156/1c9fed252d50f8c1a4523a77f6ec2a4b2c059f10.jpg,1396156,leaf,real,118
val/1396156/3d519e92440407dc5f9fab182a65cf8c7672a1c8.jpg,1396156,flower,real,118
train/1396156/b3c9aa26212bab1e4c87d43cd5d175e8d488f879.jpg,1396156,flower,real,118
train/1396156/e98fbbbafa6c3f652d611e3d6fb8b12979e38802.jpg,1396156,flower,real,118
train/1396156/c593b8a6f60fb4c3fc4f460fcd25fe6935c50923.jpg,1396156,leaf,real,118
train/1396156/00851ce8ea414704aad508058916439ac2feac8f.jpg,1396156,flower,real,118
train/1396156/fe76e11bad2532f48ddaed90d6b81a0b71aae88b.jpg,1396156,flower,real,118
val/1396156/a8bbbed7a5dca641a098b4c355de37e0693c4e1f.jpg,1396156,flower,real,118
train/1396156/fe8997efb3d7a2c4210e42406eca44a5ad64a067.jpg,1396156,leaf,real,118
train/1396156/571303f481b115efa56a067de426f685aacd95fe.jpg,1396156,leaf,real,118
train/1396156/7bf10463bcb4954916e5f9622b58f64821db13a6.jpg,1396156,leaf,real,118
train/1396156/7283b6e0d444d1e02040eecf917c3a4c939cf4f2.jpg,1396156,leaf,real,118
test/1396156/cb52abae03717bac8c48440c389d01dfbbcc5543.jpg,1396156,flower,real,118
train/1396156/f57fb482b7ffdee264b8fcb15ab6a0a0fb3e8995.jpg,1396156,flower,real,118
val/1396156/bcd2ce5329dc2063542b088b857cd304e3cab8c3.jpg,1396156,flower,real,118
test/1396156/cafdca4ee3dd960bb9dc3b81c59ed12fb6734d89.jpg,1396156,flower,real,118
train/1396156/c05a569c40d62289c3108e90dbe25b85ec900983.jpg,1396156,leaf,real,118
train/1396156/052cff6dbfb8081c132b4e60455de92fc47ae434.jpg,1396156,leaf,real,118
train/1396156/78f1463d851c14c4e3fcf49233dfaa5bb1a6064d.jpg,1396156,flower,real,118
train/1396156/74b6a18447a680e44093bb0d27f9196adef9140e.jpg,1396156,leaf,real,118
train/1396156/059d9a18634a83a5272aa313b49ef69cc9fe43ae.jpg,1396156,flower,real,118
train/1396156/20e17482c59bdedd248f62fc9a8e7b77015ee909.jpg,1396156,leaf,real,118
val/1396161/a1bf06dd9cbf3710e3b22710f0768f8683d56693.jpg,1396161,flower,real,119
test/1396161/483e256f1cbffdbcaab813a2ea3456564ada53a2.jpg,1396161,leaf,real,119
train/1396161/b6cad53cdabac8302da4e5ded8d8097d05be6cd5.jpg,1396161,leaf,real,119
train/1396161/c755d1748a44195955a5eb63aa60252721db0c8b.jpg,1396161,leaf,real,119
train/1396161/bd0d1536e2cc195002dc80fc8a6a64c9487e6085.jpg,1396161,flower,real,119
train/1396161/6c37816e1682fdde3e87667e72b828f94e50eede.jpg,1396161,leaf,real,119
train/1396161/3ada4b4d617695bd36ee5e15fcbd3577041d7e5f.jpg,1396161,leaf,real,119
train/1396161/3b5a8ac99357590ad65432e5e7a5b9b60afe8dab.jpg,1396161,flower,real,119
train/1396161/e0819016786c9c9c1a60e732878af337b181c4fb.jpg,1396161,leaf,real,119
train/1396161/36016b8d2889ff2f41449cf1fe36704986489047.jpg,1396161,flower,real,119
train/1396161/652e180c30fe5ee8529aa04870af3f39038ff6cb.jpg,1396161,leaf,real,119
train/1396161/8afaa7dcd8997bcb378ca78d3515dc619820edc8.jpg,1396161,leaf,real,119
test/1396161/43b49f50ef244c3ed0cf27056dd9545facea7b49.jpg,1396161,leaf,real,119
train/1396161/51fea20f60880525543d9907bf4b29a02ff69d35.jpg,1396161,flower,real,119
train/1396161/f534c6a1a2dad38b9ebd7aa00de439d913ab9786.jpg,1396161,flower,real,119
test/1396161/41b546ea541590b4c152cedd7249c4f652337e59.jpg,1396161,flower,real,119
test/1396161/145ee4e413aa4694f713a43447646c7bfb2df9e3.jpg,1396161,flower,real,119
val/1396161/8b59a3b69dd39675e574e97402ab18c6d05dbaf6.jpg,1396161,flower,real,119
train/1396161/5aac95793c0b253828a424b41a7fdb9f2ff948b5.jpg,1396161,leaf,real,119
train/1396161/b149ba10cc6c787d5c9aebd3d9b2aa721d75339d.jpg,1396161,leaf,real,119
train/1396161/53414778110103a36aaa3094c01843abf6dc7559.jpg,1396161,leaf,real,119
val/1396161/91eddbde3aab5342d317fb16a2a46a9072d2de23.jpg,1396161,leaf,real,119
test/1396161/efc24a6d0ff0b8208836552eee4abe85139fe06c.jpg,1396161,flower,real,119
train/1396161/443d15cb37e988ebc332e98639ce98363a28a90b.jpg,1396161,leaf,real,119
train/1396161/c3fef89b7e0af6aa6067b8c42ccb7e657a65c11d.jpg,1396161,flower,real,119
val/1396161/9d7005da7acc11c28001be0c096fed8d0e5bf9ca.jpg,1396161,flower,real,119
train/1396161/1c562ffa81c5c68d306c5a8cbe82d4de33906d65.jpg,1396161,leaf,real,119
train/1396161/c47c5fc9dcf584a51f145b0cc301ca0719b65c43.jpg,1396161,leaf,real,119
train/1396161/ac3df99f9fcd803d93edbef15b9a7df93e299ffd.jpg,1396161,leaf,real,119
train/1396161/fecf1cdc5e0ef95a63ebba9bc8912bffd64939a5.jpg,1396161,flower,real,119
val/1396161/203c42db24dcb54e435fd4800a841c2d6d80d0a7.jpg,1396161,leaf,real,119
train/1396161/5df68f13e4aa2bc617e6592a300bc1bca12a3976.jpg,1396161,flower,real,119
train/1396161/9b21ab5c73b798a276cee3adaa384c7e7e503fb8.jpg,1396161,flower,real,119
train/1396161/9aec55932688a259aae940f56d39f7bce82d3dc7.jpg,1396161,leaf,real,119
train/1396161/d992bc2a0a4b26d6007d272418dbc0f4c663df22.jpg,1396161,flower,real,119
train/1396161/e64ce3b2c1c8631179e3bd5626b5df70cd02f5a1.jpg,1396161,flower,real,119
train/1396161/1684ee2cd0f0593bae19a4230d57de98f45a7779.jpg,1396161,leaf,real,119
train/1396161/54d8f491009e409380bd262f2de3f801e3871243.jpg,1396161,leaf,real,119
train/1396161/72f693351592075cc64ec1dfc10d83f29a144721.jpg,1396161,leaf,real,119
train/1396161/43886879c2b223858600cfb9bbfce7586af44dd0.jpg,1396161,flower,real,119
train/1396161/365e4d6fdd64f921fa48d1e650d09f36767486dc.jpg,1396161,flower,real,119
test/1396161/dd6d8d2b845d323f72ee3b7ee20b71b9a21d91b0.jpg,1396161,flower,real,119
train/1396161/ddcbfe14e69f944cf1c7e682ccf3ed3f720f279b.jpg,1396161,flower,real,119
test/1396161/7c794a69315f5b75f9ed7d11c9e3f2e38bcb7010.jpg,1396161,flower,real,119
train/1396161/1627220b3408efa6480f321f21700fbf9f6dd510.jpg,1396161,flower,real,119
train/1396161/b06aa83d1be12b71e8916ea0246b03993d354663.jpg,1396161,leaf,real,119
train/1396161/a6920de1de39bbc9e99fdf24c2d8e585ef488a51.jpg,1396161,leaf,real,119
train/1396161/a5755dceda7c192b648be267be37bebcec16e09e.jpg,1396161,flower,real,119
train/1396161/a6bd7230fd4741cb73cbdc7316d1b04555d82ff5.jpg,1396161,flower,real,119
train/1396161/1a299108eb8506ed322898e02b40acf116b2e232.jpg,1396161,flower,real,119
train/1396161/1ffb125961ab826ed7562a555431e5e429a973d6.jpg,1396161,leaf,real,119
train/1396161/3c92e296dde077f7090347b8ce67fbc0c9936e4a.jpg,1396161,leaf,real,119
train/1396161/e16efbe5281276d618aa14854bd74af63dd26ed0.jpg,1396161,flower,real,119
train/1396161/bae2952cbd521d3e9b4c2c058f14785ecdefb246.jpg,1396161,leaf,real,119
val/1396161/0d4dad87e24a477b2ff50a14ac8e9da72593b0cf.jpg,1396161,flower,real,119
val/1396161/b90f57b67bdcee27c812cd76779962973958aade.jpg,1396161,flower,real,119
train/1396161/32461f691ff2a46f064309b281259b92bb8bdfb4.jpg,1396161,flower,real,119
train/1396161/24642eb372a93b4c7315ff7c87b507fe5cd15c29.jpg,1396161,flower,real,119
val/1396161/722911c5eef3e9ce0a3b5e041b7511c844c8c96d.jpg,1396161,flower,real,119
train/1396161/db38885d50f42b5246c7a15bbdc92847cbf04693.jpg,1396161,flower,real,119
train/1396161/dd8b4fe4cc3190263cd63fb610b5baa89170ba01.jpg,1396161,leaf,real,119
train/1396161/239efecc87a934c43bfd87e99e3d423d30f33616.jpg,1396161,leaf,real,119
train/1396161/8ccf20f9b4bb63cd7957d66a3980fe7e813ff5b7.jpg,1396161,leaf,real,119
train/1396161/d6f7e7b7fcb0894207740cc221120c5c2500cd15.jpg,1396161,leaf,real,119
train/1396161/feece593449f4570abe70bbd2c3b0e4051416a6c.jpg,1396161,leaf,real,119
train/1396161/a9d906330a725d1d14396adcea5ea93370ee281d.jpg,1396161,flower,real,119
train/1396161/14bc1eea48f50a0c91817a833828739e33f9c80f.jpg,1396161,leaf,real,119
test/1396161/1bf971a4d086f12714d39445e4a5f283c8c6f30d.jpg,1396161,flower,real,119
test/1396161/ca6a49595e3995a9116ad03d3aea664b1733ee5a.jpg,1396161,flower,real,119
train/1396161/0c7be5bd657a06faf39ca2147ea85ebea0c8a4ad.jpg,1396161,leaf,real,119
train/1396161/39752bc56ffa74201421dbd11cec3df66f2921b3.jpg,1396161,leaf,real,119
train/1396161/9dc0fd877c72f75c76bfdbd02974987bee390c00.jpg,1396161,flower,real,119
val/1396842/6aadfd48a3ab77571bdd8b8e375443a0203e4dd6.jpg,1396842,flower,real,120
train/1396842/88276bec272127e06614014eb14cd464ddbe2dbe.jpg,1396842,flower,real,120
train/1396842/545f36f65f95e3bed756e4be1c018c27182b2ed5.jpg,1396842,flower,real,120
train/1396842/014c9936b2d084168ddc60d4d3a16884ba47f829.jpg,1396842,leaf,real,120
train/1396842/e82c09265fb67af318896864d12f4441ec041d8d.jpg,1396842,flower,real,120
test/1396842/b7f8469d257d2e9edc2c2a578de7c1f25f6fa123.jpg,1396842,flower,real,120
train/1396842/c39be71ff75693795204147f0dc2271abd97b404.jpg,1396842,leaf,real,120
train/1396842/5a06cf62f8cbe77ea3878de0af9a640d8a5f72b1.jpg,1396842,leaf,real,120
train/1396842/737d85598afc24cab7fbb2f8056665c0a59dfc04.jpg,1396842,flower,real,120
train/1396842/ba4b4659b043a753d59d179e4fa7d7fe41d502fb.jpg,1396842,flower,real,120
train/1396842/30e4ee98004064a15ff616d89fb2167bade3af68.jpg,1396842,flower,real,120
train/1396842/b81cfaedab763a9da9465e18996b42e10b62ebb7.jpg,1396842,flower,real,120
train/1396842/900e7cb85d06d90991c019a45d195615204839dd.jpg,1396842,flower,real,120
test/1396842/8f4a915068bb1483a5ab990458dae1fe7aef110f.jpg,1396842,flower,real,120
train/1396842/1be77a1a493ec32c20d9661d635139d003a9863b.jpg,1396842,flower,real,120
val/1396842/1f5c21563c657a862260b398a3f21a56f424c323.jpg,1396842,flower,real,120
train/1396842/8ad93d13a8f4709820e85a951b1bffeb3a03ee48.jpg,1396842,flower,real,120
train/1396842/7a42bd2b06c289de95ad92790969bb9951a14392.jpg,1396842,flower,real,120
train/1396842/18c92303276ed5d7dede590da7cee1dac1a91662.jpg,1396842,flower,real,120
train/1396842/5ff5b42cb2df113882006dcdc3d2aa51ec632aa6.jpg,1396842,leaf,real,120
test/1396842/fbaa3264f35a6866291360c168d6ae8f895229b8.jpg,1396842,flower,real,120
val/1396842/234d16a05c7ab6682ab43a32ad6fc2a9c08e6902.jpg,1396842,flower,real,120
train/1396842/1d772984e6cc793d3dbb017f5ddd123c4d118b66.jpg,1396842,flower,real,120
train/1396842/983b739fb184cdd92141cdc8c309e463a0fbb205.jpg,1396842,flower,real,120
train/1396842/ab73f9a3d602a43bb6807e8e3feb7dbdabb86198.jpg,1396842,flower,real,120
train/1396842/fddef1e87643ad84411f9417c72434115ae68f20.jpg,1396842,flower,real,120
train/1396842/0aa251c143fb7aeb474efbeb22fbb13c66c894ea.jpg,1396842,flower,real,120
test/1396842/3ca78ddd76820cc0ba51c99e47ed997d2b2d11cb.jpg,1396842,flower,real,120
val/1396842/f7802efbd313f6fd2d6c21b341b73475938272ac.jpg,1396842,flower,real,120
test/1396842/9d47b89740ec1e8aa6a4fdde461a298ac0909792.jpg,1396842,flower,real,120
train/1396842/ff961ffa1eae27c984beefb1124ef6373332b6cc.jpg,1396842,flower,real,120
train/1396842/108098f1b300f1d6d0d79401055763c522b93593.jpg,1396842,flower,real,120
train/1396842/fd1172415edb280d0737c0f2529a7a17ed10dc85.jpg,1396842,flower,real,120
train/1396842/7f6b61da2c87a919a37f27d1c7eb6f9e80ac8cd4.jpg,1396842,flower,real,120
train/1396842/42ea3b52afa32c0d654ec13ae92605085295f41a.jpg,1396842,flower,real,120
test/1396842/e53f5b7a38833b95138575077809920b5cc03e4b.jpg,1396842,flower,real,120
train/1396842/6fc4881d1294cdc750804b0116167b1cd5f3f981.jpg,1396842,flower,real,120
test/1396842/0bf215fc32ec44400f8bbc6fe80705d551cba4c7.jpg,1396842,flower,real,120
train/1396842/ce6bfc148d9df3fc380597b5abdae97837fe9a22.jpg,1396842,flower,real,120
train/1396842/a116153e19572261ede99cd8a187b3a31ddd5060.jpg,1396842,leaf,real,120
train/1396842/9564abe920ae526b6c1ab3e54abfb10fe3d5dc79.jpg,1396842,flower,real,120
train/1396842/30a112a1d3bf2af3414a41c141d64a26809179d2.jpg,1396842,flower,real,120
train/1396842/5c4acf8595b3ddba231d524adacdb0ed5a2e07ee.jpg,1396842,flower,real,120
train/1396842/0290932c3d268dd2ca1d29c2859d46cb0cee96c6.jpg,1396842,leaf,real,120
train/1396842/bf903cbc63cdc30b4daf626560b95189e944a3d0.jpg,1396842,flower,real,120
train/1396842/64aa2d7f40d3eaa85d930882da7f7e1bc31faae4.jpg,1396842,flower,real,120
train/1396842/e848458de636f15e409f6a1c2a4a1ed38b0ad0b8.jpg,1396842,flower,real,120
train/1396842/179d80d0e6238bbb9b7afb121bfd928cf3c088dc.jpg,1396842,leaf,real,120
train/1396842/e8f132f0575a709b1a1873e612654242f9478792.jpg,1396842,flower,real,120
train/1396842/c9adaa685790e29a5f3ff681921c6b31f1c69b64.jpg,1396842,flower,real,120
val/1396842/e7dca3adbf04a38986e561480010b01a6d5ec376.jpg,1396842,flower,real,120
train/1396842/d66a5a0c6f105de9a09725e32a7225ebc095b5d9.jpg,1396842,flower,real,120
train/1396842/5c8e43475eeb42f5373636ecf627106768b85b8f.jpg,1396842,flower,real,120
train/1396842/b61598600831498025ec9e918dd3752a2144174a.jpg,1396842,flower,real,120
train/1396842/b056b71b1f18eed58bd909a0566f14c2301f31b3.jpg,1396842,flower,real,120
train/1396842/6662bbad043498cbfd8ff5c360755dd7ef7e1a70.jpg,1396842,flower,real,120
train/1396842/e008d6370fd6e8f2a8652e433493f22f2f4c3f15.jpg,1396842,flower,real,120
train/1396842/3f500fdf2f12afb2f9e1a6cb0995654eeba2ec06.jpg,1396842,flower,real,120
train/1396842/ab73d38fc2f27101497688dc2c6286351e5466ec.jpg,1396842,flower,real,120
train/1396842/0bc5245f7202c6cae2cccd21ad19e04e0b1cebc0.jpg,1396842,flower,real,120
test/1396842/b3524763c1f0a30a3fe6e1da400ad9bfaf9a1799.jpg,1396842,flower,real,120
train/1396842/86792a5ee2fb4c946fccde6258d3b5e93dfee4ab.jpg,1396842,flower,real,120
train/1396842/1e5a0efcb699985cf234b27e79586c4245490b97.jpg,1396842,flower,real,120
test/1396842/e5f598bb8cd2fd5b8e3ac28c5ec3bdbdf2d6ce09.jpg,1396842,flower,real,120
train/1396842/2d9cb3dbc26bcd16edc4ef628efe3b12ab1629e8.jpg,1396842,flower,real,120
train/1396842/9eccb4f53d849d970037e2a6d15aa431cb05aa34.jpg,1396842,flower,real,120
train/1396842/a95dde39162b81092f1b81909f219c8849f2748d.jpg,1396842,flower,real,120
train/1396842/f83a214c1cc78f4731f80d83fa7eb3211add9625.jpg,1396842,flower,real,120
train/1396842/defe1cdfe67fd741f28b5cb60f91be4e77703117.jpg,1396842,flower,real,120
train/1396842/f90cc6754495c5fbffdbb2b47b358ab5e00bb06f.jpg,1396842,leaf,real,120
train/1396842/3fa3fe8673daca4a0af7eb0422db03d0c2ee38bc.jpg,1396842,flower,real,120
test/1396842/c6a7fff2b1ada379ef6dcc2eb3ffa2c1fb02ecca.jpg,1396842,leaf,real,120
train/1396842/e467c3498eb17d8989577200043fbde9c38236bf.jpg,1396842,flower,real,120
train/1396842/c50e6f56ea0161a257fcf0dc6e83a4f670950ff6.jpg,1396842,flower,real,120
train/1396842/52c0fa05eefda16aa91e98e07cdba091c4b6bd56.jpg,1396842,flower,real,120
train/1396842/7ba51163805197c2ab0289210c5183d3f705ba2a.jpg,1396842,flower,real,120
train/1396842/ab3fd515c2a4bcbf51df3592c5f2c365908ddb94.jpg,1396842,flower,real,120
train/1396842/69f987f5051da7168bdc185eef6d30dc7177e85f.jpg,1396842,flower,real,120
train/1396842/a119e71c4bba53eb6f668f3d50bfb940ac112937.jpg,1396842,flower,real,120
val/1396842/56cdba809b2dff9be528835a3c43eae39e5728ff.jpg,1396842,flower,real,120
train/1396842/74a4a57eb44b43cc9cd88b32baa03b982e9ac8d0.jpg,1396842,leaf,real,120
train/1396842/841a01b755e8479909b29954992ad41b1473d93e.jpg,1396842,flower,real,120
train/1396842/1224225c42d1aa33d121fee410be05c8bb8db7d7.jpg,1396842,flower,real,120
val/1396842/7d0f219381037de21c5acec3c5b459b7c65eef39.jpg,1396842,flower,real,120
train/1396842/62b6f1d77792d5eb68604d5647f11adb7aa9b7b9.jpg,1396842,flower,real,120
train/1396842/a6995d9a73ea3a8c20f053f388373c4bc85e21c8.jpg,1396842,flower,real,120
val/1396842/5d5c8c8ff17addce1d6984f7580c99bfd794d30d.jpg,1396842,flower,real,120
test/1396842/95c285ad2740d076cc8c2112c657a5a803f10a97.jpg,1396842,flower,real,120
train/1396842/431927eb0ededacf0d37e1a212cc3e9f2a35d851.jpg,1396842,flower,real,120
train/1396842/d9b09ed4f84fa27bfeaaeaac6289ca769ee1ca5f.jpg,1396842,flower,real,120
test/1396842/442ce96c3ffb394775c3df5a176d0eb196b6cd94.jpg,1396842,flower,real,120
train/1396842/8e448f834ff32655a8334ebb50680a48737bb190.jpg,1396842,flower,real,120
train/1396842/842719cc6d9de40121a0d7682d5b765dd27e6074.jpg,1396842,leaf,real,120
train/1396842/9c54ae636dccf5c68b516943f43808d417add133.jpg,1396842,flower,real,120
train/1396842/293057bead635126bd61dd7b7114b46885df3af7.jpg,1396842,flower,real,120
train/1396842/f3896bc4d60a2e3f1bfe61cbfa5d24a7bdd58b8e.jpg,1396842,flower,real,120
train/1397209/2c5ff4c2a76bf0106c5ebfc938ae27605ec07d74.jpg,1397209,flower,real,121
train/1397209/e8c4b0f631500f7f3100b7f995b2437aa2067ce0.jpg,1397209,flower,real,121
train/1397209/5db72274b52342ee5c18e792f47d373c9b8df34b.jpg,1397209,flower,real,121
train/1397209/f0deb8549949ae1262448bdf91c424f76c4f77c5.jpg,1397209,leaf,real,121
test/1397209/362ea2d037671da7c87d08ef3544f4dd4f96eec5.jpg,1397209,flower,real,121
train/1397209/543b37c8bc45854ecb04e9de578dc18210af1f55.jpg,1397209,flower,real,121
train/1397209/e1165420e70fe5544e7656811d4f939053284412.jpg,1397209,flower,real,121
val/1397209/0d99989ee493f626f38c37a677b4d4f3b03e4512.jpg,1397209,flower,real,121
train/1397209/d8b3f12bb8e910325495daf5730593c434195e26.jpg,1397209,flower,real,121
val/1397209/5d966e1513f73f71cf99491fc5bffb57e6c874dc.jpg,1397209,flower,real,121
train/1397209/212ee282c11ad73b8a9a7b49379c4effe749423d.jpg,1397209,flower,real,121
train/1397209/e971ecf0be645d083aec9686d0e345deb5c0da12.jpg,1397209,flower,real,121
train/1397209/248b0f46716fff7f3c1e9c6bdab7731c32746423.jpg,1397209,flower,real,121
train/1397209/fd2dbcdabb0075c112ae1c8f0680fa88bf007613.jpg,1397209,flower,real,121
train/1397209/bd20993a92ebc749f3c36db3f753a6a34484c3a6.jpg,1397209,flower,real,121
train/1397209/1e1fd42b108d3a2266bb3d8be1ac69bd77e41406.jpg,1397209,flower,real,121
test/1397209/5a0a9ba5fddca76f68c4db39809e729f1f25a38e.jpg,1397209,flower,real,121
train/1397209/e5bc33c77bf7ebcc5029bf2b50ef484f77589ebb.jpg,1397209,flower,real,121
train/1397209/c05f589c321f5b22e34246ab095e4027b643e39a.jpg,1397209,flower,real,121
val/1397209/3f00f8d0acfc542a7dfb59e3016b0ab8cb210405.jpg,1397209,flower,real,121
train/1397209/a4f39e36e2192d11d56d0d8f95d3282d8396fe1c.jpg,1397209,flower,real,121
test/1397209/b680d2af5cbafdeecccb2b7a97064879c11b78ce.jpg,1397209,flower,real,121
train/1397209/141f45c9cc63841ac6704ca6d0b40e2488cbfaf1.jpg,1397209,flower,real,121
train/1397209/277cd8a52c544b1ad3a2a117a04e5807f00656da.jpg,1397209,flower,real,121
train/1397209/2ded30166cc739d59a247d9437e2d8e2a47d3e2e.jpg,1397209,flower,real,121
train/1397209/e2f494dbcf13c03a66c8ded192b918ee93729f15.jpg,1397209,flower,real,121
train/1397209/d7e13f2f71f0b297962e4234effe67b8e098e214.jpg,1397209,flower,real,121
val/1397209/258026b67f7c890038bb84b44338215ff4656a69.jpg,1397209,flower,real,121
train/1397209/c1e5c094a92a23fbb84a5065e5eeb69e3f1c5188.jpg,1397209,flower,real,121
train/1397209/42eabbe51fb86ac5b629cd3be39ca1fce0e18963.jpg,1397209,flower,real,121
train/1397209/894c74148252841e0994f71fca883478d3daebce.jpg,1397209,flower,real,121
train/1397209/a869ee6cc231d0ee8477bd26d38c5fa62bf2de6c.jpg,1397209,flower,real,121
train/1397209/a616b499feef3faaafddbb707c77e42e2c450791.jpg,1397209,flower,real,121
train/1397209/7f863b158e2ba5445b5d447f5f12d2aaf930ad3d.jpg,1397209,flower,real,121
train/1397209/6f4c75091e6bd8b49c97e106b7c320ca8ecd51db.jpg,1397209,flower,real,121
train/1397209/3ece1305a4a059a3657e5287ee6a87cf9901433f.jpg,1397209,flower,real,121
train/1397209/d38380e6ca014510daab686013381c449415f3f4.jpg,1397209,flower,real,121
train/1397209/03310322fcdc6caf93c0919271bf82522a4e9005.jpg,1397209,flower,real,121
test/1397209/fee4538b69256a66e9647e26b95aef3761abd3a5.jpg,1397209,flower,real,121
test/1397209/6909cd060000cb89a6137e89432e2a8eef3c4924.jpg,1397209,flower,real,121
train/1397209/1cb68bc88ada8b9fb33ee5101af3a34494a95c33.jpg,1397209,flower,real,121
val/1397209/8d104b6e9e7c389b159818e0d70e954b8060e416.jpg,1397209,flower,real,121
train/1397209/eeeaf1d86391263a4ae79b6ec50b0d6de228bce3.jpg,1397209,flower,real,121
train/1397209/c2f49474199e774c218fc7236c3519eccb1f27db.jpg,1397209,leaf,real,121
train/1397209/df10522b908d2b24023c2aab4bf62665519ebcd6.jpg,1397209,flower,real,121
train/1397209/6f3d8f2698e009baaa03b4d169edaed04cca5a20.jpg,1397209,flower,real,121
train/1397209/9b65079d05e5e95ccc04785eb7c8e072706f19a6.jpg,1397209,flower,real,121
train/1397209/8f22ae629c49f50603e2f42ae9ad8a7269bcc39d.jpg,1397209,flower,real,121
train/1397209/27ad5b9edffb650c5217e494d16ef60ddabfdc40.jpg,1397209,flower,real,121
train/1397209/9ff6a2a7f10f08b7c2308ed0fd5f38f3aed4d31a.jpg,1397209,flower,real,121
val/1397209/f20090f10a122a910e553d77a6e6310ce4ca237c.jpg,1397209,flower,real,121
val/1397209/bb206836b7d9d927c8b4ea53caea4fec4717a5a2.jpg,1397209,flower,real,121
train/1397209/9aff87502bb1a326a9bec8f4a512262f0391e44d.jpg,1397209,flower,real,121
test/1397209/406b3e40a0d1bfcc7ad75bcf2914834f2b992461.jpg,1397209,flower,real,121
test/1397209/2cbbcb611e3a58dba750ba92f8f65eeeeb1b13e7.jpg,1397209,flower,real,121
train/1397209/14804372d6b3262eae2f431685ca9dd66cb32f7e.jpg,1397209,leaf,real,121
train/1397209/ffd2136eed68778a1476402d3728d363d058dd88.jpg,1397209,flower,real,121
train/1397209/2fb9e9ae3f29d9f8a57f738aac000d2eccdad7a3.jpg,1397209,flower,real,121
train/1397209/2c1109821f460f447826e864af761249a2bd4678.jpg,1397209,flower,real,121
train/1397209/46763305355aeb2cb8806a7c51747abf2e3d5281.jpg,1397209,flower,real,121
train/1397209/fd5c0e0840ca7b04bb3838f7f1806b6a88b70f59.jpg,1397209,flower,real,121
train/1397209/eb8fe9d91a9b9b4365b0b71fab5da7cb5d297c90.jpg,1397209,flower,real,121
train/1397209/b681c1aff45244718318299de15c45085b18ac1d.jpg,1397209,flower,real,121
train/1397209/7f0619823330c2cf9a92366704f14ba67b19d96b.jpg,1397209,flower,real,121
train/1397209/139cc2d0e49e98224d7ab25ed9e82b9d16fb53a0.jpg,1397209,flower,real,121
train/1397209/877e2a73bce905f62acaa286f9bfb8e5bd462dbb.jpg,1397209,flower,real,121
train/1397209/ca6209f5532702ba23665dd2b71a4e1b5b135bc9.jpg,1397209,flower,real,121
train/1397209/e4882603ca53c298eec9d69cc39f60b08b2871d1.jpg,1397209,flower,real,121
train/1397209/5ad7eb42cb1cfea236aceb6cb737f8f1a54c23ac.jpg,1397209,flower,real,121
train/1397209/1aeafc927bfaa6407fdc184d8c0d5b7c65bdaccf.jpg,1397209,flower,real,121
val/1397209/b55d1004d6f830727c660ad8a3267c5f538b7da1.jpg,1397209,flower,real,121
train/1397209/021fe76d639fafe067572bd3772ff5cc32ffa827.jpg,1397209,flower,real,121
train/1397209/a1ea5422fad4e5c8dc5737c6f2ebfde85dd6e654.jpg,1397209,flower,real,121
test/1397209/0d15da634c372c68a1653d48b74f15997510995a.jpg,1397209,flower,real,121
train/1397209/6aba5c99ef6ae9abb761bf08b5791f53abd56bfc.jpg,1397209,flower,real,121
test/1397209/48d3ff3427de6e5a4e32f5bbb5d039d374f5afc5.jpg,1397209,flower,real,121
train/1397209/58d640c0e7672cd0f3910d6a3760bd62fc87e5a1.jpg,1397209,flower,real,121
train/1397209/6ccf4ca254b1823ebb1e8135c9855c320031e85c.jpg,1397209,flower,real,121
val/1397209/603ff10b35f2337d64fc1e00063c3770c59322ac.jpg,1397209,flower,real,121
train/1397209/e8be7fd996fb0a4f5f943a85607f0bf11d3d5bd3.jpg,1397209,leaf,real,121
val/1397209/4043dc3deac58e422d59f1c2a0b531017fe51ebd.jpg,1397209,flower,real,121
test/1397209/930f1b3f79a402e1882344a79057401844d6e609.jpg,1397209,flower,real,121
train/1397209/9c02496b688e8ac9dcd0a5f60fe2a98a1c9b14aa.jpg,1397209,flower,real,121
train/1397209/a60d31932c04d870d776a3b6f3b18aa0e9583108.jpg,1397209,flower,real,121
val/1397209/e238d2aa2d6fd10d291336403e31279e40bb8afa.jpg,1397209,flower,real,121
train/1397209/efb697e2be9b92aa00ea8584e0be5ee1569db19d.jpg,1397209,flower,real,121
train/1397209/ba6535c23b5f7e6cbbd483f8fc2a3a8e03548607.jpg,1397209,flower,real,121
train/1397209/d9ed561e37ffeac68410111120651b0fd4437cbf.jpg,1397209,flower,real,121
train/1397209/ccb43308c2d246445cebdeac92adfc7fabf4a49d.jpg,1397209,flower,real,121
train/1397209/52b9a3241504ff2bb7896fc4eeaf897f81b63ea4.jpg,1397209,flower,real,121
train/1397209/41601368cd610b96855d914dca09739fcd4f0bea.jpg,1397209,leaf,real,121
train/1397209/cd92974f08ed595ffd793b1609d7d8603566f06e.jpg,1397209,flower,real,121
train/1397209/2a3067c2e11103a744213ee17a141077fd1d0a06.jpg,1397209,flower,real,121
train/1397209/43c0ad084144eeaadb86fce68256465d7951e5bc.jpg,1397209,flower,real,121
train/1397209/b60f84d00bbfec23603c24f5a1555d47605c0e4b.jpg,1397209,flower,real,121
train/1397209/848eb4d51f3c616df32a56f7dd2e5624227029ba.jpg,1397209,flower,real,121
val/1397305/a95382b63287850aedf9e085efc85260229cf4df.jpg,1397305,flower,real,122
train/1397305/094d7419043b7a31604b563f9684f5085476eb5c.jpg,1397305,leaf,real,122
train/1397305/805a7913dea23d160a7d0924b9a41d6c3bec7d0a.jpg,1397305,leaf,real,122
val/1397305/717baf44f14614133a3e5646ae208627132f09a9.jpg,1397305,leaf,real,122
train/1397305/54d8c4c03699fee25b9f5ae8d5d5de864e760808.jpg,1397305,flower,real,122
train/1397305/9f64c148c35ec4a9609d52bfcc4ce67549aa59b8.jpg,1397305,leaf,real,122
train/1397305/5adb55339e34072a70839ec0981c1c46cf486dfd.jpg,1397305,leaf,real,122
val/1397305/e59e75e57e0a84d8e6dfa654e4a34294367489d2.jpg,1397305,leaf,real,122
val/1397305/54b6144067cd7a22caed987a310e9645d43b7f1b.jpg,1397305,flower,real,122
train/1397305/20818c7b59ba55e55e17fc831b3a62009641334e.jpg,1397305,leaf,real,122
train/1397305/b0bbadc62698bd725861d6a999f6b7c34fbaf768.jpg,1397305,leaf,real,122
train/1397305/d652e0dcb61e002db218df4209eb5553bfe8c621.jpg,1397305,flower,real,122
train/1397305/5c2e5081ba29e139e7718ce51975934089a04881.jpg,1397305,leaf,real,122
train/1397305/1ff50363e2c65a7272f288fba318505335d49949.jpg,1397305,leaf,real,122
train/1397305/bbf56a996cb268fd11a5a440b89033df225e1660.jpg,1397305,flower,real,122
test/1397305/d11dcd70f7585f195bd52f9cf198f1ecd6b0658a.jpg,1397305,leaf,real,122
train/1397305/2a48da2ac0cd77032e5a5dee7522d8561948d02b.jpg,1397305,flower,real,122
train/1397305/5dd7455739206c623c8a286d278b22c9d0102a86.jpg,1397305,leaf,real,122
train/1397305/325b45829442e68d1c11035145ead60a6a7b8f37.jpg,1397305,leaf,real,122
train/1397305/38ec969ed5e6d5d4bb95057c022db6469d74fd83.jpg,1397305,flower,real,122
train/1397305/5121e240ae9436677b59982e4df976d6a8be04f0.jpg,1397305,leaf,real,122
test/1397305/82865ac02e9e37b2554655e75f45c2fb9c4955d7.jpg,1397305,flower,real,122
train/1397305/d22f8c9f7b083ff2a66055a48f8f42ca509b8f04.jpg,1397305,flower,real,122
train/1397305/fe789d3321c791ef0aa78df8e4a5c31faee4f17a.jpg,1397305,flower,real,122
test/1397305/7ce6795df9059dadcb206b1b0fd7f4a08ff1e0b2.jpg,1397305,flower,real,122
train/1397305/d283f2b15fb36365f349979995ae46f3352a9b0c.jpg,1397305,flower,real,122
train/1397305/00619361611bd5eb58e33a3e385961ceaafd33de.jpg,1397305,leaf,real,122
train/1397305/d86444559e09d372af2413d3203ad41dd0e637ee.jpg,1397305,leaf,real,122
train/1397305/d6919fbf791adc5f8331f52a183d92feca729674.jpg,1397305,leaf,real,122
train/1397305/246cd497d6d3db1d74d3ddde0b7d124614b439ee.jpg,1397305,leaf,real,122
train/1397305/5abffe48fce1b15e0b67c8e54fbf8a349b169f5e.jpg,1397305,leaf,real,122
train/1397305/f56a833774aa1e4dfb9e42e56f3e60dead541dbe.jpg,1397305,leaf,real,122
train/1397305/fab28fd1940a497bfc18d3bde08f751142e2a98f.jpg,1397305,flower,real,122
train/1397305/fce8822be527abc088a6787f7e67f7982d754973.jpg,1397305,flower,real,122
test/1397305/de1f5d58777b06e6a323c0108af44a2acd3295aa.jpg,1397305,flower,real,122
val/1397305/a1a334e6856aaa37e129acf57ad156caeb0036f8.jpg,1397305,leaf,real,122
test/1397305/31097c4da53edcdef9614671fae478796cdfaa2f.jpg,1397305,leaf,real,122
train/1397305/d4603bb5e654e7ef52c6fa532425636be50da5eb.jpg,1397305,leaf,real,122
test/1397305/8c586675fd360df981a25b5aba771bcb3d573623.jpg,1397305,flower,real,122
val/1397305/94b47a15b651f6106f6c6677a68396a12b1f53b0.jpg,1397305,flower,real,122
train/1397305/04b1433e9969982752cc346fbbc9923fab871cde.jpg,1397305,leaf,real,122
train/1397305/0b64ef70bc476c35fb757a73932a14803103541a.jpg,1397305,leaf,real,122
train/1397305/834228d94ceb4187131ebce187df4a3e59d5f213.jpg,1397305,leaf,real,122
train/1397305/9c7b27f05402f956bcf06333990e91dfc09a4a48.jpg,1397305,leaf,real,122
train/1397305/ea44972133dfd8cc585e42e85035c353ff6261af.jpg,1397305,leaf,real,122
train/1397305/1ab715d5c7b57203a98f2ec47b603b5f2bc4cffc.jpg,1397305,flower,real,122
test/1397305/3023dd0e5d8a03f52e11ef3a7c4daef8cf4fecfe.jpg,1397305,flower,real,122
train/1397305/de017e53a193ba963afdd325767fe5950be418c4.jpg,1397305,leaf,real,122
train/1397305/ce1e0838156b9bec2419efb4dd201f9255cf8ff8.jpg,1397305,leaf,real,122
train/1397305/e742d2d851d20ff30bf765693ea7c485ba8ba53c.jpg,1397305,flower,real,122
train/1397305/143171fffa13b02510cd8e153f55913eea9b2afa.jpg,1397305,leaf,real,122
train/1397349/125dd81c85367e01d35b17d70efc7b4a63885bad.jpg,1397349,flower,real,123
train/1397349/b64eff5145a639dbe63112df24faf8aaa21ba5ff.jpg,1397349,flower,real,123
train/1397349/b2068c8c66a736d2eecb8c9403b8d37bb99b26c3.jpg,1397349,leaf,real,123
train/1397349/2a3db644ad941990d73f6ddb396d0b9c426daa00.jpg,1397349,flower,real,123
test/1397349/d579b56971e18a1b8165094fed3fbb9eb0f0c57c.jpg,1397349,flower,real,123
train/1397349/ae35545e1c2f932189611958193bc9356bfcbc32.jpg,1397349,flower,real,123
train/1397349/43d9a4663fe37f521631e0ca2476f070736db896.jpg,1397349,flower,real,123
train/1397349/a05a2555cc074a5d80aef130932f5205a88b4f3d.jpg,1397349,flower,real,123
train/1397349/e19b993415f27e16c7ece9c5a6593bede754cb21.jpg,1397349,leaf,real,123
train/1397349/dcd470bb694fa7de92d08f237d68b7d31f59cf19.jpg,1397349,leaf,real,123
train/1397349/143c9a0c1106f23140d7d070c288127a07779298.jpg,1397349,flower,real,123
train/1397349/d472210db51d728b2281d288243123ec8f3d3769.jpg,1397349,leaf,real,123
train/1397349/071c17329e98d028c4d289f993a226dc6bea3aba.jpg,1397349,flower,real,123
test/1397349/e061d3657ff06e802753effd31c4be70724e0425.jpg,1397349,leaf,real,123
train/1397349/7f0ea2f5e8500e9f016f408f5d3a7906be79936d.jpg,1397349,leaf,real,123
train/1397349/0cdbb2ecce1c3affcd8619d5893952357f593023.jpg,1397349,flower,real,123
train/1397349/e40aafaa7f1863312ff38bd88557eb5fa1c47c9d.jpg,1397349,flower,real,123
train/1397349/975979d712290203075a8d2c204f8143790f5211.jpg,1397349,flower,real,123
train/1397349/34058ff4f809d82e30246b794a8d415952243150.jpg,1397349,flower,real,123
train/1397349/b669337809965a023626741f87d8217faa6bc8b2.jpg,1397349,leaf,real,123
train/1397349/16eb3196646c00fd8816191508147d5a08a5a766.jpg,1397349,flower,real,123
train/1397349/b2c4224eb7c9f11dbdfc170da1f41cc5812f5ebe.jpg,1397349,flower,real,123
train/1397349/d1099401f25f0be3b3cbfb02796179c6f79f639d.jpg,1397349,leaf,real,123
train/1397349/a681b0f13d1d7fef186075d3043a69133312a5e9.jpg,1397349,flower,real,123
val/1397349/421faf4daa2f4f4cb739c4a4bd661492f8825c37.jpg,1397349,flower,real,123
train/1397349/6ae92f27235525ebf9c1f097f77dfe4fb5468bec.jpg,1397349,leaf,real,123
train/1397349/3acde3a8e63d521090829b92430b486178057b3a.jpg,1397349,flower,real,123
train/1397349/0aad4380e15a76f320ddaadb243261493ea26cc2.jpg,1397349,flower,real,123
test/1397349/d0a932d47043af0905ab1835b11b8f5dee05a01e.jpg,1397349,leaf,real,123
train/1397491/b52da7216051f97de5eadef6c42224e9e17c11d4.jpg,1397491,flower,real,124
test/1397491/3f54b070cef4787cf99455a2d64527c6440a9db7.jpg,1397491,flower,real,124
val/1397491/65dffcbc010617e456b958beadb0c0192f5f9b76.jpg,1397491,leaf,real,124
train/1397491/f5bb61693685a16e6ed74ce7b1c8d47122451018.jpg,1397491,flower,real,124
train/1397491/912342e1fb71a50b96fbd5e224ac2bacc2babf25.jpg,1397491,flower,real,124
train/1397491/afe9104e1b3a20482a9cc181d7d8437fbe6ce8f8.jpg,1397491,flower,real,124
test/1397491/f50c92a5b5080b29078b9bd0ad2cc6f72832e05f.jpg,1397491,flower,real,124
train/1397491/6032ba57820e57a60c17e87391aa54a4ccded813.jpg,1397491,flower,real,124
train/1397491/9c24f41eaae4668883243bd561e304ad857aa426.jpg,1397491,flower,real,124
train/1397491/02ea91e18032a28e19c75a9010359380ce8a2169.jpg,1397491,flower,real,124
val/1397491/e715ba0efda938e6f3d1bec9c941afc65ca0774e.jpg,1397491,flower,real,124
test/1397491/b13f9f36e3730773e4169962369fb3d11c1ee752.jpg,1397491,flower,real,124
train/1397491/83cb83778759ae8907fa7994ec089d9a173812e1.jpg,1397491,leaf,real,124
val/1397491/370124317f75c3fb7dda9992ce4e43b5796a0543.jpg,1397491,leaf,real,124
train/1397491/e2105a87a9f73ce9b6c01756d5f33d33b711b341.jpg,1397491,flower,real,124
train/1397491/f6a748fbf509b254866267991d8c3150adfad5b7.jpg,1397491,flower,real,124
train/1397491/52c49e44160d2904a732fa19b83d3b14d4ba2604.jpg,1397491,flower,real,124
train/1397491/ebc36d04a04725fab508b187f51f58a3613ef3e3.jpg,1397491,flower,real,124
train/1397491/b6d6529ff34a83becbc6a18e4f3592467ea54cf5.jpg,1397491,flower,real,124
val/1397491/3f3e4254ca2f5e5851cdc00c2d67cbd0d91185fd.jpg,1397491,flower,real,124
train/1397491/7ee925c700a96e2fd7362b1d60e60dc430072b30.jpg,1397491,flower,real,124
train/1397491/60ef82371cbe7e01d9cd3a3ae043b3044a766510.jpg,1397491,flower,real,124
train/1397491/ce2baeda12664ad5f78b042233f8bab62ba5179a.jpg,1397491,leaf,real,124
train/1397491/a041c5ebcf6db998880f8c52f3cf596c5b95c7dc.jpg,1397491,flower,real,124
train/1397491/d9e6e590c9972177cd3dd073f1e7dd0d3b1dec94.jpg,1397491,flower,real,124
train/1397491/f71e37d54835fede4dfb7a05138b49e01899a0ed.jpg,1397491,leaf,real,124
train/1397491/cdb0304e5ccaebf8b82066f05faf9798df02a2ba.jpg,1397491,flower,real,124
val/1397491/e8af315be1c0fb193e7647257aa8fbe7b3e4ec12.jpg,1397491,flower,real,124
val/1397491/81e2d622c4f53834f7439562beef659ea16b724b.jpg,1397491,flower,real,124
train/1397491/bb6f32edbcc711fe770696d730ad5e36f3c5c10b.jpg,1397491,flower,real,124
train/1397491/c41df2d0c543a8e21bee0b93aaf52417df8b13cb.jpg,1397491,flower,real,124
test/1397491/f013400d150c1eab68104686303125725d1e7148.jpg,1397491,flower,real,124
val/1397491/8c2053e54e86c67621481cb6695f6ccb2e3907b3.jpg,1397491,flower,real,124
train/1397491/523c558b87d80357859f016e132fdec936633e65.jpg,1397491,flower,real,124
train/1397491/44f757c14ce288646362576561e8ef6aa69e8f01.jpg,1397491,flower,real,124
train/1397491/709447db6cf410e500c5682b3feb1565eeea0a7e.jpg,1397491,leaf,real,124
train/1397491/8f0f66dfa898198bd222faaa0bbc42031a424912.jpg,1397491,flower,real,124
train/1397491/04898f6ac844e58e7265d7f8d0d1064a2672946a.jpg,1397491,flower,real,124
train/1397491/75d78bc54510ad958191c5dc9a4c602b33be42c9.jpg,1397491,leaf,real,124
train/1397491/13cc82391adba529f8c58b48bc0442fef2a1e662.jpg,1397491,flower,real,124
train/1397491/2d8a683ff13be3f9c98a7e8bbab2c14b556abd10.jpg,1397491,flower,real,124
train/1397491/df4ad284d4d5f7ede406562959802684fac2ae24.jpg,1397491,flower,real,124
train/1397491/c27c12340831a0229a6b65f5d11e15602ae99eb4.jpg,1397491,leaf,real,124
train/1397491/1c05290fb4ce0f7b79d25e098b3f325518df9954.jpg,1397491,flower,real,124
train/1397491/bd1da7945d496ecbcb3058d05f70e4714299b782.jpg,1397491,flower,real,124
test/1397491/469706b7a722ac8a45ae8618301719bb9488c11b.jpg,1397491,leaf,real,124
test/1397491/be05d1c1c0b61dcbe5936c37588cad566d12bce0.jpg,1397491,flower,real,124
train/1397491/150727f4c643fc88af5821cf771d6e094fbb848f.jpg,1397491,leaf,real,124
train/1397491/f91635303f0d8941dc3e41e440d79cc90cc66bf8.jpg,1397491,leaf,real,124
test/1397491/0e78243c4fcb7bc7f46937aac9fa03930cf468fc.jpg,1397491,flower,real,124
val/1397550/d5de4ee7f1e1e525ef9b3e7f4c03dab2a637cf34.jpg,1397550,flower,real,125
val/1397550/7ebd92cd30be0d3476c79908347e4020ce359c61.jpg,1397550,flower,real,125
train/1397550/7f755ddd71929acb385e7332c1aad8f3f0b3b4e1.jpg,1397550,leaf,real,125
train/1397550/59b29f654d28466a0a8dc0a6825d713df7af0efc.jpg,1397550,flower,real,125
train/1397550/1b82e25947492431569a313502780a0b2bdc10e6.jpg,1397550,leaf,real,125
train/1397550/fb8124207668823076fb74b287f89eea558c0a8f.jpg,1397550,flower,real,125
train/1397550/e130186596236b537a65b4d9ce989538f36c8748.jpg,1397550,flower,real,125
train/1397550/d5cb74a342a596364137c3469907511476576cd2.jpg,1397550,leaf,real,125
train/1397550/1f15a4c682390bdb51102d5e280b947934caa70a.jpg,1397550,leaf,real,125
train/1397550/2f7b9fddb587bb082cbefa243c9f914f70469c38.jpg,1397550,flower,real,125
train/1397550/5b8621735e80959812a27676526d1a4bcea66ebe.jpg,1397550,flower,real,125
train/1397550/3b763d5f90fd7203d01ed0acc37699fbf80f9a79.jpg,1397550,leaf,real,125
train/1397550/1193f76718ceffaaffdc4764d57941349ed45442.jpg,1397550,leaf,real,125
train/1397550/c4eab00c869b6989be3d1d6121cf1a39b2be044c.jpg,1397550,leaf,real,125
train/1397550/d51d01cfd575fa4fb10734540178581824dfad3e.jpg,1397550,flower,real,125
train/1397550/712b719f7e892a57086318538cfe06b646e1e233.jpg,1397550,flower,real,125
train/1397551/dd515c6323bccafc848db719a774e02092d2dd9d.jpg,1397551,flower,real,126
val/1397551/7a44be0428b7db94afcf053c5b98b36b921060be.jpg,1397551,flower,real,126
train/1397551/1be093f1b2e7cd0592fce35bfdb6e0d68899146b.jpg,1397551,flower,real,126
train/1397551/1025d1b3571f38727d1b71b05ba916d010d79a5e.jpg,1397551,flower,real,126
train/1397551/4cf5479c603fdcb602b37afe070b7277df4be7d1.jpg,1397551,flower,real,126
train/1397551/d7392a21d68f995f361bd0503e77e8b74de98248.jpg,1397551,flower,real,126
train/1397551/0000b7e3249d91f4dd82f12569de6898b23d97ae.jpg,1397551,flower,real,126
train/1397551/bab51dab8f8a015dd8b86e17d25d549f28b6650c.jpg,1397551,leaf,real,126
train/1397551/4d0899e2bfdf0fe65aee9479bed443be14510d59.jpg,1397551,flower,real,126
train/1397551/37cf37b492520fd7b96e2501eb4be19eed37aa16.jpg,1397551,flower,real,126
train/1397551/764cc4b15cb40d4789c24e472d7cfd33439c2f64.jpg,1397551,flower,real,126
train/1397551/dd106726848a2669ec22fc9fb092e79d5937cc17.jpg,1397551,flower,real,126
train/1397551/5e272f51c83b155d879c4320486fe5cd83b6be1b.jpg,1397551,flower,real,126
train/1397551/18216806ae531490b7a7699ccaff746e589f3116.jpg,1397551,flower,real,126
train/1397551/8d3acc6c014f606071c14f7e13957b9930a532e2.jpg,1397551,flower,real,126
test/1397551/02da9bd04104321204707b593e98b5833b50307c.jpg,1397551,leaf,real,126
test/1397551/d38ef0fcfa507f458728c4f771294c0f67555523.jpg,1397551,flower,real,126
train/1397551/14ec18be28365147a6c4dda21e1a7721258c2916.jpg,1397551,flower,real,126
train/1397551/02b1cf352b4cb0b6713f5bb717d1abab0ad6ce41.jpg,1397551,flower,real,126
train/1397551/26189e5007735bed61e6182085a51ca68f177d14.jpg,1397551,flower,real,126
train/1397551/f0ba6a042151f8a2c89fc1db205774dbc7d8ed94.jpg,1397551,flower,real,126
train/1397551/2afe14e64aa126ceda8cce0717d43655f7b8f5f9.jpg,1397551,flower,real,126
train/1397551/41f64df822ef8b16d85a5220060dd052a1d29c9e.jpg,1397551,flower,real,126
train/1397551/ee2c4861ae8550186aa732c51d74f505dcfe20e9.jpg,1397551,flower,real,126
train/1397551/3b048ddb32562a6a70914baa3bfa4ab835fd68e6.jpg,1397551,leaf,real,126
train/1397551/29f56e74c0c376f1693cba30b53a120c721cec8d.jpg,1397551,flower,real,126
train/1397551/06b0571b907a9c6652551017e0f815e705c1e4f3.jpg,1397551,flower,real,126
train/1397551/7425f2f88b7796e6b60d8345195be2d812c138cc.jpg,1397551,flower,real,126
train/1397551/bdd993ec02ff01d2fc24b6f90e14ef188161b2a1.jpg,1397551,leaf,real,126
train/1397551/7ed431462fd1371cc88c9a06dff3f3f231682f68.jpg,1397551,flower,real,126
train/1397551/932d65751f547d612096c4be1d6e312eb68d0aa6.jpg,1397551,flower,real,126
val/1397551/3df9c2835bd7b43cc3b5eb38fc4c7206a6c8e4c3.jpg,1397551,flower,real,126
train/1397551/01db22d09bc94b02676eac06e167e16a11afa330.jpg,1397551,flower,real,126
train/1397551/4a5e6ef678c51dcb24169bd5e6ad83df42c652c8.jpg,1397551,flower,real,126
train/1397551/bfeac63e8d74dc8e0e150d9445220322fca34bde.jpg,1397551,flower,real,126
train/1397551/c27f1c3ff48988721e7b792e7ce3a5e578bd51d9.jpg,1397551,flower,real,126
train/1397551/dfb4e58e83cb86b47c3ddd1704db195273f25c89.jpg,1397551,flower,real,126
train/1397551/d7d80d8fded91a98eebcda75ddc64ceb981f32f5.jpg,1397551,flower,real,126
train/1397551/531c93359bed847de7e9147dbca60016e5092b0f.jpg,1397551,flower,real,126
train/1397551/d7d61922791d2f80f092b67a6b32b7a6794b8299.jpg,1397551,flower,real,126
train/1397551/8b3b4b42532842e4d08689c9cd7f622adc18880f.jpg,1397551,flower,real,126
train/1397551/9a899878f0fd07bf6d1bd7264ae453f5d1fe607b.jpg,1397551,flower,real,126
train/1397551/d55585ead302fd7f8cc2660246face38eb64ed16.jpg,1397551,flower,real,126
train/1397551/4c63b0d3fcb7dac559a488515aeabbc45b99d604.jpg,1397551,flower,real,126
train/1397551/f527a5fb78ad7eb09d088d791d0691758990f4fa.jpg,1397551,flower,real,126
val/1397551/19df30e27beb5d7d1cc14f8c5004c7d9c8ad625c.jpg,1397551,flower,real,126
train/1397551/aeedaa2c921f18bfb1e03e9380887c5ad4dd0dbf.jpg,1397551,leaf,real,126
train/1397551/2853d3c3886f1be975f94e39346c687926c8dfd5.jpg,1397551,flower,real,126
train/1397551/73b14c0df6de0cb412f631948d93a030f660f5ad.jpg,1397551,flower,real,126
val/1397551/993791542f35426855cdf16d7b898b0e5a46fc25.jpg,1397551,flower,real,126
test/1397551/5f4ac5f8b68adf72869d22621deaba052db9334a.jpg,1397551,flower,real,126
train/1397551/fc7a79506b600d0ec19b0240cb99a7bd38630c90.jpg,1397551,flower,real,126
val/1397551/66c9d9d03358590c83cbd57ce343b777f1c4443f.jpg,1397551,flower,real,126
val/1397551/f2507f89aa92c53b54d09ed330b484aad4b56f5f.jpg,1397551,flower,real,126
train/1397551/6954f0f7d4dd88a802dffce9c98cff1c9b64deda.jpg,1397551,flower,real,126
train/1397551/5dc6d60b77f03594a95e07eae0e3892ab3bef331.jpg,1397551,flower,real,126
train/1397551/3863fcd934ef4cd90a77d021ea89df3290109163.jpg,1397551,leaf,real,126
val/1397551/14eb93d81192f9740b82932d668ebbec979e8716.jpg,1397551,flower,real,126
train/1397551/b7ff1a02bd8ddd8b6d82c3cd74dc359bcd33d805.jpg,1397551,flower,real,126
train/1397551/25cfc9a54f59bdaee22ab70a95efa829b035f2e4.jpg,1397551,flower,real,126
train/1397551/7a8163084437fe4cdda3ef98c7f21acaa7d3d268.jpg,1397551,flower,real,126
train/1397551/df19c98aac114fb93c64f4e24aba5b83107cf38e.jpg,1397551,flower,real,126
train/1397551/2e2633e7dda8c3254688ac845110c6556bd9e29a.jpg,1397551,flower,real,126
train/1397551/5147e6e65cfeab405c31c7d1365733256ae803d8.jpg,1397551,flower,real,126
train/1397551/90375cdf960045001b5e4bf21568911c5f0d4e36.jpg,1397551,flower,real,126
train/1397551/7dbe84ba8cbb1328de3b2019783d969694a6d954.jpg,1397551,flower,real,126
test/1397551/67ffffd9405ecb6556da007288c95b3b5c0bacf1.jpg,1397551,flower,real,126
val/1397551/5e78f1a5e29dce7226f0be09e69b6793ec217b61.jpg,1397551,flower,real,126
train/1397551/98e15da263cb9eb1d63f537f4f1bc69780e4c73e.jpg,1397551,flower,real,126
train/1397551/8258f84ca90913bdf042f4aa30d76ff94cc6f218.jpg,1397551,flower,real,126
train/1397551/e7e42facab884526818edafaeddeb2820bd32c8f.jpg,1397551,flower,real,126
train/1397551/3ea4d336bd98360e40b18bcfdcce923a9bead029.jpg,1397551,flower,real,126
train/1397551/9f55bc4e8e2e572cc630e69db1abff7623ddbd85.jpg,1397551,flower,real,126
train/1397551/a4bbc886fb843ca8d4ccdc55fbaebaeded006237.jpg,1397551,flower,real,126
train/1397551/55ed5a500d9088932e628729146433efe24fb310.jpg,1397551,flower,real,126
train/1397551/22868fcc3c6e5d9b2b1f83e273237b71561f7423.jpg,1397551,flower,real,126
train/1397551/d93ff1525ccc68bed56978fa4fb49464c8446a46.jpg,1397551,flower,real,126
train/1397551/d9c6dd9ec1e016f1d9d3d9cfb1838dc168803081.jpg,1397551,flower,real,126
train/1397551/c29faad41c5750a8250e330a9cc2adb857b0b50b.jpg,1397551,flower,real,126
train/1397551/f3226d23af78d4b3072d58049d15ed72a99a6f6c.jpg,1397551,flower,real,126
train/1397551/f5bc7bac7c6a433ead46415c5021484972300f88.jpg,1397551,flower,real,126
test/1397551/7a55a75ccf3ec9ccd085528a003ae2a4feb2f048.jpg,1397551,flower,real,126
train/1397551/de1ad76fe2a3c25041f80dcd5ac95b198ab6c8e9.jpg,1397551,flower,real,126
train/1397551/d974d6abb21ef1efc6336c264a160971ea5a50ac.jpg,1397551,flower,real,126
train/1397551/6a983ffba5e1e5d75333bc8dc2d77b135d1ac036.jpg,1397551,flower,real,126
train/1397551/4bb1e7b0cb523202bcbd24098fd18b9051c96463.jpg,1397551,flower,real,126
val/1397551/8b2bd935965a8295c52f0eeb8c39095e669e112c.jpg,1397551,flower,real,126
train/1397551/8dd842b8b6bedfa98519bf79f8314ba80fc0c516.jpg,1397551,flower,real,126
train/1397551/81de407810f4e8753e0d60aac7343bdd581df308.jpg,1397551,flower,real,126
train/1397551/beb8d945e5af0ba4c93441d19ea1c54f488b36d0.jpg,1397551,flower,real,126
val/1397551/054753ec79bc657b74ccd6b3ea5107afc7f544d4.jpg,1397551,flower,real,126
train/1397551/78af38ce3da1b8857b90f57be4994fa9abb82968.jpg,1397551,leaf,real,126
test/1397551/a9d352566c9b1df6ff33d7d5119c93054a66e99c.jpg,1397551,flower,real,126
train/1397551/734db1c3826953ccbf39b397b68a0f4f14a9c568.jpg,1397551,flower,real,126
train/1397551/716fc937e50f9a449245da2dfe81ef80695f5a15.jpg,1397551,flower,real,126
val/1397551/2486287a670602f9f497775a6f2abc8071e23b86.jpg,1397551,flower,real,126
train/1397598/1b07cf09980a68d8989ad1ea3249b61701608515.jpg,1397598,flower,real,127
train/1397598/b7e077621d9e7a87c2d39247f9fb810fb081bad4.jpg,1397598,flower,real,127
train/1397598/72357d8fbb768b8f9ffee82736546084399720c6.jpg,1397598,flower,real,127
train/1397598/3d020b4b6a14f1c124023a333bad264a0169694d.jpg,1397598,leaf,real,127
train/1397598/2945c11b6b127e1af476a2a6256292d035f3db3f.jpg,1397598,flower,real,127
test/1397598/2765ead962594ea738db2519f7ab62f91f2d7e3a.jpg,1397598,flower,real,127
train/1397598/3177f2b66957ed2dfa77e8b0a793164e37e0f162.jpg,1397598,flower,real,127
train/1397598/17bdc619072cf6777c49bb8593ef8bceac4cf1af.jpg,1397598,leaf,real,127
train/1397598/a6679401736d31c0e78417aa4cefb3fc2b18f5a0.jpg,1397598,flower,real,127
train/1397598/9d67b1d64b9849cf0bb2973b341008d038ba4394.jpg,1397598,flower,real,127
train/1397598/fddb9cdcb3597bb1ed3b8a0b221ab55f7a9523fc.jpg,1397598,flower,real,127
val/1397598/bd9ed7e2fb9441320120fd12711568af73f5095b.jpg,1397598,flower,real,127
train/1397598/a8f48f4f313949b7cd562c44cc437f19cf214486.jpg,1397598,flower,real,127
train/1397598/7c44082d89d4fccfb177d295daaed2c7eb486519.jpg,1397598,leaf,real,127
train/1397598/9ce61d56379634f58b75a692142edd8bed106a13.jpg,1397598,leaf,real,127
train/1397598/247c63fd5451d6f3fdfb2cdd001ba531b3f9c7b2.jpg,1397598,leaf,real,127
train/1397598/b6cc6cafe2db36ecaa5629bd2bd96d0081ac4098.jpg,1397598,leaf,real,127
train/1397598/e6f34fc40128177bf2c6015168a40d91feba4b18.jpg,1397598,flower,real,127
val/1397598/aa12e5e7955c825f52e5bba2b4759a7835b43cc0.jpg,1397598,flower,real,127
train/1397598/bc871c036ee3e706200c5a32aef4ae32d57bb43e.jpg,1397598,leaf,real,127
train/1397598/001ffaffa220efff0297eb96bf4251f319038c1b.jpg,1397598,flower,real,127
test/1397598/009601fcb5df4706fe82c14f8a6d48fbc4b5b3db.jpg,1397598,flower,real,127
train/1397598/0929f4d036db2cb0d8d374351603e87f712e9e00.jpg,1397598,flower,real,127
train/1397598/fa84894a9f98c38f6a09dc82c5ad33b1ec524000.jpg,1397598,flower,real,127
val/1397598/104c2119ae850fe992a9657001a4518e7b57fd1e.jpg,1397598,flower,real,127
train/1397598/d996c7f2f26f54ba4f0317281c0e022e2428d345.jpg,1397598,flower,real,127
train/1397598/4d88c1943fcaebfc7cabbe08a59fa6b2b79d2421.jpg,1397598,flower,real,127
train/1397598/154dd391a00b24175625caad22339827c4ca2532.jpg,1397598,flower,real,127
train/1397598/68f14f85fb6ea52a0620c0b24ccb892a282f6c95.jpg,1397598,flower,real,127
val/1397598/b5e10391502511d875908866cd549c60a06e7f3d.jpg,1397598,flower,real,127
train/1397598/fd6ba51756e1f30036cb2045d1487755ae1ddd54.jpg,1397598,flower,real,127
train/1397598/42b22b667150f5ad205898a56138ea13ba0f6a1a.jpg,1397598,leaf,real,127
train/1397598/e571c5d94812ce810e33f0a4fcbb731cfce91a6e.jpg,1397598,leaf,real,127
val/1397598/f447298ce2e024040736b4ef28edc52e463f480b.jpg,1397598,leaf,real,127
test/1397598/8642f0086e1b9c4c20e816e63bbe4035ef7001c3.jpg,1397598,leaf,real,127
train/1397598/aeb84e5243f281ee5aabab889a899f969adcb7c3.jpg,1397598,flower,real,127
train/1397598/8a1d2007f1edf66a651428c7d62acc8399cfc72f.jpg,1397598,flower,real,127
test/1397598/76ec4c33674e138e78a3786855607895b37ab6d6.jpg,1397598,flower,real,127
train/1397598/d899229ff3ceb281f2a990dea50809a6deab0eeb.jpg,1397598,flower,real,127
train/1397598/96f210fe17195b93e9d2ede5d9334326dbc588b9.jpg,1397598,flower,real,127
train/1397598/689f415ede5b8eeaf031c42d6aaeca901e7a6c4a.jpg,1397598,flower,real,127
train/1397598/a423304ebe7ec7d58b95857dd63d8096838ad55e.jpg,1397598,flower,real,127
test/1397598/a24d2df96d953b44778b59bb7477351ec4285b0b.jpg,1397598,flower,real,127
train/1397598/34646395c029c5294e07865db11a842b40af3e6e.jpg,1397598,flower,real,127
train/1397598/9cfbe384f77684643d2abb5b599f134ff244220f.jpg,1397598,flower,real,127
train/1397598/bcbdcbecc6f64522bcf08577eb93d95487f58cf5.jpg,1397598,flower,real,127
train/1397598/0a91f836e2ab5ac0186b15095855ed16981924ec.jpg,1397598,flower,real,127
train/1397598/9d58f326ca4dec912e642e8f5eb99ecb67e06dd7.jpg,1397598,flower,real,127
train/1397598/a63910ec1a4b606578c506227d36458cbf1210a4.jpg,1397598,flower,real,127
train/1398130/8a77894e1c913737ed0d7b1633f1f892680946eb.jpg,1398130,leaf,real,128
train/1398130/818ceab60c5e0016240b85dce52a7690c20f4104.jpg,1398130,flower,real,128
train/1398130/976041c78be4963e73f3a8ab0e62e810d7a05979.jpg,1398130,flower,real,128
train/1398130/3aa5a9f8dfefd30112e0b8f7db4e9989e3f9c74a.jpg,1398130,flower,real,128
train/1398130/a4aa8522961559af45b32212177f3f5559f5dd13.jpg,1398130,flower,real,128
train/1398130/67d590c4b67746fcc0f7d21343c57db732c905a9.jpg,1398130,leaf,real,128
train/1398130/18c2bb8ea415ad26771230d6446126cdf972f5e6.jpg,1398130,flower,real,128
train/1398130/ed9334aeffb12a7cf6c7a631aa7714870999a7d5.jpg,1398130,flower,real,128
train/1398130/25e64a4e36bf3cd8827aa1334d761072fdbebc4d.jpg,1398130,leaf,real,128
train/1398130/d4ec39879e5554e25e9056bd2ee8c63cfedf1ee2.jpg,1398130,flower,real,128
val/1398130/a0fa898c9f688bc5aa400a59ef6df878fca4eb06.jpg,1398130,flower,real,128
train/1398130/1097c4815ccadbef67689cca32ee1f70feb41757.jpg,1398130,flower,real,128
test/1398130/a91d341faa83519e8ce1ada6e19acd6a87a27c3f.jpg,1398130,flower,real,128
train/1398130/46293b56dbb18f32d828858d2fc6d9c78567cf0c.jpg,1398130,flower,real,128
test/1398130/e362db15be86b91262980372ba9a958c44a4321f.jpg,1398130,flower,real,128
train/1398130/61639c109a52d6f45d399c490209bb0ca6c99895.jpg,1398130,flower,real,128
train/1398130/443b88f987bc6d16b039828d12b9fcc01cddccad.jpg,1398130,flower,real,128
train/1398130/4e66963ec07b8fa8513e74738bc7865fe372853a.jpg,1398130,flower,real,128
train/1398130/ab536d3b909dbf38847aa6dceb254b08866e6899.jpg,1398130,leaf,real,128
train/1398130/761cf7034f50c75ebfd3567531acff9b110c2e8d.jpg,1398130,flower,real,128
train/1398130/7319d35c6a99abbdcd37e9aa14e3bb19cffb3ca7.jpg,1398130,flower,real,128
val/1398130/1fb6fe2eb94283922c7f6eea5a9b445b4bd86386.jpg,1398130,flower,real,128
train/1398130/c8405063ebf987a48fe855c5fb4b088ec983b13b.jpg,1398130,leaf,real,128
train/1398130/5ced82dbeda5a8b11269fb2d4663bd50937bf7d4.jpg,1398130,flower,real,128
train/1398130/fa44e04719c127c566e6a363384760b8c3b4cd66.jpg,1398130,leaf,real,128
train/1398130/78b536df774c3d78764988a1305c8afa39d17a9d.jpg,1398130,leaf,real,128
train/1398130/503589c3eace68fa40d3956d7d1ca66c91d35174.jpg,1398130,flower,real,128
train/1398130/fac5f100eadcce16e1e6734769d63c26f23efcc8.jpg,1398130,flower,real,128
train/1398130/aa434fd4f47958cd56a7d96fda4563485efbe74b.jpg,1398130,flower,real,128
train/1398274/9c675daf80d289ad95142aa5de82ac1f7dafac04.jpg,1398274,flower,real,129
val/1398274/ea960ba727e2f31daa12189f6ba68ea21bc636e3.jpg,1398274,flower,real,129
train/1398274/0e628d0c27cf03d7af3b57a067d7ab581ce630cb.jpg,1398274,flower,real,129
train/1398274/b21d621994af38d7e1d3a9eda5370e2f8feee2d9.jpg,1398274,flower,real,129
train/1398274/987d9ee636f4e79775d97b915e6b0686b29d005a.jpg,1398274,flower,real,129
val/1398274/1a5063d927e32bb28f5f492cf941a51f0048290e.jpg,1398274,flower,real,129
train/1398274/19adad04525155e931e3ad99f6fda7965099a9c1.jpg,1398274,flower,real,129
train/1398274/d4b45f10cb8c930bf105a641218f360fadb71006.jpg,1398274,flower,real,129
train/1398274/9be20b82ed989f555df2da9d075c20f58da1e47c.jpg,1398274,flower,real,129
train/1398274/a36440717e070643b7c35cdba1694dc58365727e.jpg,1398274,leaf,real,129
train/1398274/18939647ba017135f643fb4068352fe356072cac.jpg,1398274,flower,real,129
test/1398274/24e56a7975227fd587ef04a655088415bf65ec27.jpg,1398274,flower,real,129
train/1398274/06e25584247846f04ea876199146d406f010f11c.jpg,1398274,leaf,real,129
train/1398274/d307ca61d361915a086e8f739639fbd5bf9e6723.jpg,1398274,flower,real,129
test/1398274/39cd51d8ea356a4f32a2a86005852c99fb0ddd0f.jpg,1398274,flower,real,129
train/1398274/914a17f6d2dcfd93b2e30125cbfe1fcb520adfe3.jpg,1398274,flower,real,129
train/1398274/c40a2e3513b23ed14d87be68d8aebc61c532e1a9.jpg,1398274,flower,real,129
train/1398274/a6c79f4ef04baabbb553b1ee061f9b4821b8bef9.jpg,1398274,flower,real,129
train/1398274/999cff5dd650f52109c8a70bc59f10ac2ecea09a.jpg,1398274,flower,real,129
test/1398274/617426fd73aa665cbea927163ac13bea8e370172.jpg,1398274,leaf,real,129
train/1398274/eb60a1cef82565d5805ec69dc0dc2083d374164b.jpg,1398274,flower,real,129
train/1398274/ee53787a5f6a682da55d79224722bc3db31baa86.jpg,1398274,flower,real,129
val/1398274/95675799237aad6f176a1398c12e58641b2073a5.jpg,1398274,flower,real,129
train/1398274/3cb53869b3b0a4ff29ab3d2acd0d71eb63acd599.jpg,1398274,flower,real,129
train/1398274/10587c68f3afd6bab90a010a6523f20881ff2d7e.jpg,1398274,flower,real,129
test/1398274/06028e91729a80c27fe6d9b8eac77e0c166cbd92.jpg,1398274,flower,real,129
train/1398274/a916ee1093eaedb91ce2d6a64172783083327395.jpg,1398274,leaf,real,129
train/1398274/95edf4352b4f1cce53355045424504b432c90fe7.jpg,1398274,flower,real,129
train/1398274/569a4698eb137ea0c510e696c6cc7f5bde142507.jpg,1398274,flower,real,129
train/1398274/f04aaeff5967b1c9e4bac4ce6186fe8a59d3961f.jpg,1398274,flower,real,129
val/1398274/3f82867ba9d74fe1fd3af3093158634a666dd790.jpg,1398274,flower,real,129
train/1398274/b2ab9e14758322c016098425e4200028be24af77.jpg,1398274,flower,real,129
train/1398274/d0f3e6930c4b2f3977e869f8cda378ce23ea092c.jpg,1398274,flower,real,129
train/1398274/50b75cae29ea07e22708942a7447482fe5de6a4a.jpg,1398274,flower,real,129
train/1398274/593ebc14ebdfd79381157df3a10a0b70d26c6456.jpg,1398274,flower,real,129
train/1398274/a8e16e5e24aca97f9d1a6116ef219b2379c56be9.jpg,1398274,leaf,real,129
train/1398274/bb43269025975b33aed3eb5a12ecd306c1d7e5c0.jpg,1398274,flower,real,129
val/1398274/7549b06102ed146c49da67e1563a2299c613f15f.jpg,1398274,flower,real,129
train/1398274/46c6e90ef9f4817f4dfc7c9fce0c7f4043c237ac.jpg,1398274,flower,real,129
val/1398274/08754123e766aa1755d5e743b4a178f434afc573.jpg,1398274,flower,real,129
val/1398274/f3e865756a04fbc3d184ef38f8e3d5ebf2a874e6.jpg,1398274,leaf,real,129
train/1398274/1a63c5d878c59c228c10ab79004e1f556ed088ef.jpg,1398274,flower,real,129
train/1398274/df8534b5763efad8730352d05cbb3307ff5d1c77.jpg,1398274,flower,real,129
train/1398274/9421fdcf3e4da4e427e67750a4e50035e523763b.jpg,1398274,flower,real,129
train/1398274/c7e69cfd58087e7f3e557134e90ce662f5973a10.jpg,1398274,leaf,real,129
test/1398274/217e631037e4ddcd39c7f429b9b92a01bc0cd54b.jpg,1398274,flower,real,129
train/1398274/d793730028b4b90470853bac0004b1f02a8439b2.jpg,1398274,flower,real,129
train/1398274/9c2b6c7837a2ded83b024ac27b715c28a0deb8e7.jpg,1398274,flower,real,129
train/1398274/a21e110d236b3617ec9299f19d8b1c3e4cc7ec84.jpg,1398274,flower,real,129
train/1398274/d652e3c80c06f5994ff265240daae6b09f80893b.jpg,1398274,flower,real,129
train/1398274/8e372b8c372d9138679aea96ec926422708bbed4.jpg,1398274,flower,real,129
train/1398447/6a24d958c8066731e23453f3cde92837e33bb448.jpg,1398447,leaf,real,130
train/1398447/9c8884df94df3a8637a0e123fb33bdea79d0f8b8.jpg,1398447,leaf,real,130
train/1398447/e09f3908c7c8c1077c8acf4b468cc4827986ece7.jpg,1398447,leaf,real,130
train/1398447/912ef91f2887d20a79a0e394110afcab3141096c.jpg,1398447,leaf,real,130
train/1398447/ce387079c73260993408424c68767302c324fa2d.jpg,1398447,leaf,real,130
train/1398447/0d6874a68061ca4c9b354ed6bdb13ff944bcd4ea.jpg,1398447,leaf,real,130
train/1398447/1c71476131e33555c4c65084d66373c9abe23d54.jpg,1398447,leaf,real,130
train/1398447/0dce211b35079955ea89edc6283277eec9b14fe7.jpg,1398447,flower,real,130
train/1398447/ace7997c0ded6901820982e51ec9c2aad2bfdff7.jpg,1398447,leaf,real,130
train/1398447/ee69697f3043332ae65b763af2d6c2ba2e3f4189.jpg,1398447,leaf,real,130
train/1398447/de05c3b5b096640a56717516f1ff0b56dbc141d9.jpg,1398447,leaf,real,130
train/1398447/2b277cf3ccc5aabf6214f7651908e06beebdc251.jpg,1398447,flower,real,130
train/1398447/de597b5c21a5ecac02139f527569282d08b8d148.jpg,1398447,leaf,real,130
train/1398447/cf5a8baea8f1e0aa6cdb882cad1f61e6ad516a1b.jpg,1398447,leaf,real,130
train/1398447/ae8050c23d581e3df098dd567cda3627b1251434.jpg,1398447,leaf,real,130
train/1398447/f12e81546e696de751d42b4c272f526f1a76ae8c.jpg,1398447,flower,real,130
train/1398447/c729677aa248d0dedb68ebf7e2bca1d36487bbaf.jpg,1398447,flower,real,130
train/1398447/c15eb4d1bee36e4774df6cd122857a67a0bc1c80.jpg,1398447,flower,real,130
test/1398447/08b95936af468db166c3c23ee4a483ea79adc0b8.jpg,1398447,leaf,real,130
test/1398447/8955f45fc51b5dacd162558cc6241c4d6d426e48.jpg,1398447,flower,real,130
train/1398447/fdb37ac725660b5902bc268237dac5fe04dc0df2.jpg,1398447,leaf,real,130
train/1398447/af682a76c99b85f8ec587a496e87aaf1ab2ac44e.jpg,1398447,leaf,real,130
train/1398447/5ae8301df4c433b8571fcb75358dd047b1406c3f.jpg,1398447,flower,real,130
train/1398447/d4c247919425feefd8370053286857666d6cdfbf.jpg,1398447,leaf,real,130
train/1398447/2f21449201f40d94e98f797acb9a87283066208f.jpg,1398447,flower,real,130
train/1398447/28a478da7effac5820d275b404ebeec1b7c37d35.jpg,1398447,leaf,real,130
val/1398447/ef64384ec2996b906414999b311b5816cc55456e.jpg,1398447,leaf,real,130
train/1398447/789ad725ca594eea1da6e0554f4922c9ba8e034d.jpg,1398447,leaf,real,130
train/1398447/267138a83b6293602b1444d022318d08efef671a.jpg,1398447,leaf,real,130
train/1398447/5838b6e4112b83f3f0e58803e389c6823720dd17.jpg,1398447,leaf,real,130
val/1398447/0c96987942e8fbcac6e25608e7f4c499c3cc7106.jpg,1398447,leaf,real,130
train/1398447/3b6052bd27fe26fe27513659b271cf4efd1785f8.jpg,1398447,leaf,real,130
train/1398447/468382b9373ae74ac845e57cce48763097327902.jpg,1398447,leaf,real,130
train/1398447/cdee49e08ad23e968d20215a677e824663555142.jpg,1398447,flower,real,130
test/1398447/9c3cf269e73f32ca220fcec2ed18e93413d4c75b.jpg,1398447,leaf,real,130
train/1398447/48f0ab6ad17425d1ea3ecbc807a0aa4ad5af0200.jpg,1398447,leaf,real,130
test/1398447/5dd1fbf0c70e0cb0ae49dce7c9bbb894370a0d2f.jpg,1398447,leaf,real,130
train/1398447/fc12af85838ca3a9368ce1b4133e978fd3c01486.jpg,1398447,leaf,real,130
test/1398447/9998d702567e3056c6f9b1b29e3e8fdcdd24d682.jpg,1398447,leaf,real,130
train/1398447/25b98cbeff35ed8b302dc7923358f729bde720ef.jpg,1398447,leaf,real,130
train/1398447/bc099b03ff3ed65f18945ba6f0452822368dc622.jpg,1398447,leaf,real,130
val/1398447/2bb8e61f3f90ffb9f76939844f3d281b0e7b2512.jpg,1398447,leaf,real,130
train/1398447/7cd921e3958339e2431eb2f65a98e3b67f020095.jpg,1398447,flower,real,130
train/1398447/ec1f55f19dc3df0653112fb71ee1d9d6e56973d9.jpg,1398447,leaf,real,130
train/1398447/9728020946b03d1d94da049d9517bbbb75d40db1.jpg,1398447,leaf,real,130
train/1398447/a6df280c6fe513a2982df4bd2de8d7ab58357b16.jpg,1398447,leaf,real,130
train/1398447/c6d29a460e9b27e612bffeee80f70b30b5e59bae.jpg,1398447,flower,real,130
train/1398447/6e4a5e775914c780adb87ce8fdcfdc6449a554ef.jpg,1398447,leaf,real,130
test/1398447/caa601faf1d4a57ffec0ce1df3e796659cb232b1.jpg,1398447,leaf,real,130
test/1398447/b41bf0a9f1202cb39af098aa57944f89d19810dc.jpg,1398447,leaf,real,130
train/1398447/4b2ba7940561ee6ab8c3cbaa265f4a9f0882cfd7.jpg,1398447,leaf,real,130
train/1398447/137ede272c2881c51520fed942117e1ca3b47281.jpg,1398447,leaf,real,130
train/1398447/e7f146dcd0d2b52da81e2f6795d596359cd7cd40.jpg,1398447,leaf,real,130
train/1398447/8b8923ce1f6f50c4f91ba24208a672f96fa18d8d.jpg,1398447,leaf,real,130
train/1398447/57746e1cb919df03ba3b18878c5fab9960af4094.jpg,1398447,leaf,real,130
train/1398447/1f04338b163a37e46b11772397706593c8181358.jpg,1398447,leaf,real,130
test/1398480/56feaea77f90b570430a3ee4ecb845efee3d384f.jpg,1398480,flower,real,131
train/1398480/7447725c4926c0ed0da839e6ad659f64eda99977.jpg,1398480,leaf,real,131
train/1398480/e7b2b20e8a2abd59322225cfca8ce9c158a9c192.jpg,1398480,flower,real,131
train/1398480/f0e5d817a1fd045d7800511b5e23822a97213ec4.jpg,1398480,leaf,real,131
train/1398480/8f7d973018724f2350f65502ab7e7f5e1e06877d.jpg,1398480,flower,real,131
train/1398480/dedf5c92c3ecff5de7a905d41ea71dd3d1e2a319.jpg,1398480,flower,real,131
train/1398480/0a164ecae6f45810931131e3a413a281422c3ad2.jpg,1398480,flower,real,131
train/1398480/25c42c2963fe80fa6437c1081cc9f914eaf397ad.jpg,1398480,flower,real,131
test/1398480/1ecd69ecf9754465b1e3bbd8d632b1713f5dab49.jpg,1398480,leaf,real,131
test/1398480/8b9e3537c9e4b6b35d7f50ec2ac6bcfb5350dbdf.jpg,1398480,flower,real,131
val/1398480/22f102b75ddde8f1418e2b7c209a930617aa3bc8.jpg,1398480,flower,real,131
train/1398480/9cc213d8dac1cde8aecfae27096a65872b8820b7.jpg,1398480,flower,real,131
train/1398480/3008ab2b2941f4e0ecad781ee24827cc5305dcc1.jpg,1398480,flower,real,131
val/1398480/6ff195d21540cb83861137850ac6bb4979549d46.jpg,1398480,leaf,real,131
train/1398480/8677733c37a33628349e5149b2467063dbf097f5.jpg,1398480,leaf,real,131
train/1398480/5bb4d99bdf97237cc94920fc4994ac1dc437a078.jpg,1398480,flower,real,131
train/1398480/81758101365b329608b67850e93617b411d5cb64.jpg,1398480,flower,real,131
val/1398480/b912bfd6c8d991865d9fb9d2f9f9798759a84bde.jpg,1398480,flower,real,131
train/1398480/53ce863ef9e43111d0ec65690e6d3066ce2eae86.jpg,1398480,flower,real,131
train/1398480/955d9188be0b375fe9090cc0361392592614196f.jpg,1398480,flower,real,131
train/1398480/d0ba024e149d27dc1b93802fd1ecfcf226fc3d23.jpg,1398480,leaf,real,131
val/1398480/bb39a9cf4932896d9ee5403f45978c562fb25298.jpg,1398480,leaf,real,131
train/1398480/6908205e4c7e92314c43033ccaf4e59339178967.jpg,1398480,flower,real,131
train/1398480/e09c809b93a3067a865251744fb382b499e9d0ab.jpg,1398480,leaf,real,131
train/1398480/536a5b55cfe35080a2853b7539158e946dd3f513.jpg,1398480,leaf,real,131
val/1398480/ad01aa981e61e75bbc6353699cd7c52f3bb15fb0.jpg,1398480,flower,real,131
train/1398480/abcfcb07715f847efefce84d504016c3dcf2099e.jpg,1398480,flower,real,131
train/1398480/4a3bfe2958aafac3a8b3d7bf608b4c3c94af113f.jpg,1398480,flower,real,131
train/1398480/46a3fbc60747f6e8cde6df5f5fe61003d860bc18.jpg,1398480,flower,real,131
train/1398480/f96ed2ca7df6f4764cb1139c61a97dea4814bf63.jpg,1398480,leaf,real,131
train/1398480/376d4c12166deac0f81f58192f7b5f3181e88b87.jpg,1398480,leaf,real,131
train/1398480/89568eb1ae5036d002ca671764654e4af3d6d190.jpg,1398480,leaf,real,131
train/1398480/ae05b88edccd9fa79d06cf1f318084c8ed8f98bd.jpg,1398480,flower,real,131
train/1398480/4458d2c2ca8e4704b3c11ab24c627715cd764317.jpg,1398480,flower,real,131
train/1398480/5f173a8368cb180a6f8e00570872b87287a7a7c2.jpg,1398480,flower,real,131
train/1398480/a4749c8d2037ba8b1d1b9ddcff2e02bbbfe8b211.jpg,1398480,leaf,real,131
train/1398480/644cd5dc71f8c5b0090745fd163d89466b13d4db.jpg,1398480,flower,real,131
train/1398480/0fb012e3134d8d90dfe2767129d6e3ce069d9d38.jpg,1398480,flower,real,131
train/1398480/4f6b1c23f4af5a3ca7433a74293923312602b520.jpg,1398480,flower,real,131
train/1398480/e1612a756911f88d048bbf74d144e5c0a845dd57.jpg,1398480,leaf,real,131
train/1398480/221d61d78ee02a97cb971656bd5c0131cc820098.jpg,1398480,flower,real,131
train/1398480/c99d3c1b90c9be7c982186b36afdb485f8433c3f.jpg,1398480,flower,real,131
train/1398480/14483f4a63f3860f09018940d8fb62330cc98dbc.jpg,1398480,leaf,real,131
train/1398480/25859e0781dd7d6fed5da6f44955fc84388aa255.jpg,1398480,leaf,real,131
train/1398480/d767856b58040cd4dc2e2ccc38424375bc5693d5.jpg,1398480,leaf,real,131
train/1398480/45d82f8f78f6f38138cb1e355ba359e2a0155901.jpg,1398480,leaf,real,131
train/1398480/302843712b39c3486dbc4b058d8a8d23cb3c9104.jpg,1398480,leaf,real,131
train/1398480/4b6469a31785bdb6217a990dee2fb87f5ee82135.jpg,1398480,leaf,real,131
train/1398480/6c0ec36986a94ebe752e45476de546de93cbd850.jpg,1398480,leaf,real,131
test/1398480/b3ff2aadaa8bfee2c4b35eeb7539c39dfb34eb6c.jpg,1398480,leaf,real,131
train/1398480/c68a84a8485d8c76f2f4e96b84d929e75186c67c.jpg,1398480,flower,real,131
train/1398480/d279b4dfa4a118eab1d75abbd3c905fcebadc055.jpg,1398480,flower,real,131
train/1398480/fb87fd82026cbeb2c739da5ec12a3de105a757e5.jpg,1398480,flower,real,131
train/1398480/2ee63de57339110cea0b2ed4ab8e5638b3864c40.jpg,1398480,leaf,real,131
train/1398480/bfbb4d0ac69248e80e4a83116e516b5d66dc7d04.jpg,1398480,leaf,real,131
train/1398480/466cf4f52c963355a645680c6783d0416d056567.jpg,1398480,leaf,real,131
train/1398480/962e525dfd511922161191576fec29ba815746cc.jpg,1398480,leaf,real,131
test/1398480/d59376991a06d070a2a9bec284864b247844476d.jpg,1398480,flower,real,131
train/1398480/b054b7f18b81349965cc2f5a39443086994b2dd1.jpg,1398480,flower,real,131
test/1398480/50ede20ba3ea39ca3afc7fa97342cfe9dd54c260.jpg,1398480,leaf,real,131
train/1398480/d4cfa085021455b4cd05c58820e92d7a76fc3f82.jpg,1398480,flower,real,131
test/1398480/03d3ddb655541b6414d19b63e02544068136efa3.jpg,1398480,leaf,real,131
train/1398480/6db26756c87571459eba1991fa20d505e2bf0aea.jpg,1398480,flower,real,131
train/1398480/49df80c1f25470cd453a3a31b6587ba95a4e8eaa.jpg,1398480,flower,real,131
test/1398480/f3d1a53c6e77c62460fd12437c1f6abff79d5437.jpg,1398480,flower,real,131
train/1398480/0db7f1369a2a6735f988be3b2c8f62ca1b20ecc4.jpg,1398480,leaf,real,131
train/1398480/a31b52360bc736fe3426cd1e16e7cffa66e9f20a.jpg,1398480,leaf,real,131
train/1398480/3af2524bb2a244e53de111954f2800632068f227.jpg,1398480,flower,real,131
train/1398480/e191a380bd79f5aff141563871ba12465e96532b.jpg,1398480,leaf,real,131
train/1398480/0f33b1c9a3de3fb0d13e6486e7c52d3f8dadf768.jpg,1398480,flower,real,131
test/1398480/63101b0e137f66d9bf378b8b23a4e5e3c284369c.jpg,1398480,flower,real,131
train/1398480/9aec3b4c3213059e464ef69c3246d262f9461ea8.jpg,1398480,leaf,real,131
train/1398480/ab6d6b968d1caa19cd320c47ad40dfd13ebbbd52.jpg,1398480,leaf,real,131
train/1398480/a8b833b858eada9c12f62bf11ab89a075c89b31c.jpg,1398480,flower,real,131
train/1398480/cdfa4132c9f67e347d5693c3bad37759f4b7a65d.jpg,1398480,leaf,real,131
train/1398480/f70c65a318def22923841d83b3231a10fbff612b.jpg,1398480,leaf,real,131
val/1398480/29aa148100781041547008ed6d7b23b7ab571f52.jpg,1398480,flower,real,131
train/1398480/4a8327900d6dd292f6beadf905572dd440b88a22.jpg,1398480,flower,real,131
test/1398480/dc418d1eba00d2d62a3e5e67c2f3b3b97a95f19c.jpg,1398480,flower,real,131
train/1398480/de6824f96915de6e0844db8e9470b40a987429f3.jpg,1398480,flower,real,131
val/1398480/90cbc11526cbd1371273ee4b307de7d61be774f9.jpg,1398480,leaf,real,131
train/1398480/fddbee06e8454b6233b672e2b73533a018dd4793.jpg,1398480,flower,real,131
train/1398480/f301194507b91cd311f600c42d24a399a16ff8b8.jpg,1398480,flower,real,131
train/1398480/3139a93cfc0460fd8366f7aa9d492abbc0bf4c1b.jpg,1398480,leaf,real,131
train/1398480/662da280d47cab69ab8aedc65ed7c0852ed92a7c.jpg,1398480,flower,real,131
val/1398480/64c0fa83f6a78a736879a8cc510f5741cb30a175.jpg,1398480,flower,real,131
train/1398480/c954b373c6f1a5b66f2912c2c131407353af8bfc.jpg,1398480,leaf,real,131
train/1398480/1d1a116910aef0fe017594694c2c08d991e9d043.jpg,1398480,flower,real,131
train/1399231/46ebffd5611a066d7d8461ab7262cb7c076f2cdc.jpg,1399231,flower,real,132
train/1399231/d03e46c0e06ebe6fc5c54806cebfbc6b1f939954.jpg,1399231,leaf,real,132
train/1399231/6b0055135cf5b2a3aa42421f2fc1aaeaa69b0e40.jpg,1399231,flower,real,132
train/1399231/c2b647b813610bb0a1871620c5d29e50ef4f37a1.jpg,1399231,flower,real,132
train/1399231/7a96cfde681b6b931e0f4d3c838ec643453a7884.jpg,1399231,flower,real,132
train/1399231/542241e3cb83fd6ba79538f054ad858ba65de788.jpg,1399231,leaf,real,132
train/1399231/fd0f515de2f0dab0bed637cc541580d920699a95.jpg,1399231,flower,real,132
test/1399231/c113d69c27dae087d015be251dc2ea2971898e70.jpg,1399231,flower,real,132
train/1399231/e7e571848fcf94cd3527bcd52c9c87a1bbe28f1d.jpg,1399231,flower,real,132
train/1399231/140a5bec93e7bcfc063ef56e04386f98cb9c9584.jpg,1399231,flower,real,132
train/1399231/29305b1e4a31b839894687048587b8620a788bf4.jpg,1399231,flower,real,132
train/1399231/a3d0f43ecfb7ac8e27f31e5e4829803ed835b47e.jpg,1399231,leaf,real,132
train/1399231/fe0b3f7796a50b2a37842a4d22679374ece97daf.jpg,1399231,flower,real,132
train/1399231/87c293bef74e5a41b6460424406fc96dc606b21a.jpg,1399231,leaf,real,132
train/1399231/d7a45d99eb1839c7e90a442e6e255db9d6d65347.jpg,1399231,leaf,real,132
train/1399231/cc443eeeb4428af9a415be26642e011e7565041a.jpg,1399231,flower,real,132
train/1399231/ed6078718c27a316d8e3bce5a52ec48d0cadaded.jpg,1399231,flower,real,132
val/1399231/9be2273972937395368fa6196ed353b5afee051d.jpg,1399231,flower,real,132
train/1399231/80d75b1b898bf7c7a26b21ff804e82ac30c7c0fe.jpg,1399231,flower,real,132
train/1399231/77b4cf8ac8315475cc0c99205f1b217ed394d3dd.jpg,1399231,flower,real,132
train/1399231/b83d686d11ea1ace464759c20d6c00d76f875ffe.jpg,1399231,leaf,real,132
val/1399231/11f3712cde561e945ad3f6e44ae6c9dd0dd089b9.jpg,1399231,flower,real,132
train/1399231/e7083d6c0974e1cafe2ae772d1eb195adfc10e7f.jpg,1399231,flower,real,132
train/1399231/117c5cda12d023ffc821208ec18ce8f94d485153.jpg,1399231,flower,real,132
train/1399231/e31de406d0926ebe21fa2ebeef34a7a6c9b926a9.jpg,1399231,flower,real,132
train/1399231/ac258e1ac25f74ec03cd6502b461186bae894350.jpg,1399231,flower,real,132
train/1399231/27796ccd521c60dabbe926f37db16875ba7d6664.jpg,1399231,flower,real,132
train/1399231/023762d49149ce38f7d9a0f8c40d5ccbb8e4d0ed.jpg,1399231,flower,real,132
train/1399231/94bf5b11453d52e8c021f469050b79cb7e2bb5d7.jpg,1399231,flower,real,132
train/1399231/91a6520e71f79bdf4aa8602a59272d1203da25c4.jpg,1399231,flower,real,132
train/1399231/5866f5b455f7ccbbfebc7be7b1edf13a2b2bfe7e.jpg,1399231,leaf,real,132
train/1399231/e7c45751e91fb79da64d0836c8dfa991bc15be33.jpg,1399231,flower,real,132
val/1399231/af25570295b4fba88be2698b041d8c13e3bfcc0d.jpg,1399231,flower,real,132
train/1399231/731dae5930743e9d3b2beac9f755877af812fdab.jpg,1399231,leaf,real,132
train/1399231/7f82c0878ff0cb6866d1ad726a8f1edb62f76b67.jpg,1399231,flower,real,132
test/1399231/64d58475965f481bc0be51e8cf628a2f63c68776.jpg,1399231,flower,real,132
train/1399231/59c480dd86a5f256740e0079601638e58a0c60e6.jpg,1399231,flower,real,132
train/1399231/35fb7bacc19fcf6b09f99b36b0a0656c4ad421a8.jpg,1399231,flower,real,132
train/1399231/45c963c92314b93a455161afb2f97fb512d0eb49.jpg,1399231,flower,real,132
train/1399231/77d90a45111c312464017e70579ebe669838e106.jpg,1399231,flower,real,132
train/1399231/8f0a0efcf2001168b6a6125e95c4181a8229e7be.jpg,1399231,flower,real,132
train/1399231/2fd6f7b805d67c88f4eb7de4721827f6f24cb184.jpg,1399231,flower,real,132
train/1399231/6d42323301bf14f126f1c7e3e1bb21c0b70c43d5.jpg,1399231,leaf,real,132
test/1399231/2d0450689d926a05e8e9affbcb810d364e1b2924.jpg,1399231,flower,real,132
train/1399231/4a7f5734fcd7934da6fee1e4b9e1ac73decc9006.jpg,1399231,flower,real,132
train/1399231/72633e20d1a04903a6a96b5eece6b8dc0fb9c767.jpg,1399231,flower,real,132
test/1399231/7956a946e3dddd1bf7bb0f3e5519342a4880ff1f.jpg,1399231,flower,real,132
val/1399231/cec9dd6f2444ef8fa8dfd615b0c24ccc9f9270f7.jpg,1399231,leaf,real,132
train/1399231/558b4c77be85764189002ccd31d2085e3294ebab.jpg,1399231,flower,real,132
test/1399231/36f965c30484cf907a0e2e9b19b40fc58b5b5b17.jpg,1399231,flower,real,132
train/1399231/da1ba5eb80da5167b97604195849ef51e44aef1c.jpg,1399231,flower,real,132
test/1399231/a73d37b16991ff3c415adad519c64c5c49c622ef.jpg,1399231,flower,real,132
train/1399231/f25be6a7f73c49d8528108cf026797766e76d933.jpg,1399231,flower,real,132
train/1399231/a110d19e76a17eda2e3929e9a9493177f1dae33e.jpg,1399231,flower,real,132
train/1399231/52a6904ec1afdb0d04e1c38d210f1691b9d5b008.jpg,1399231,flower,real,132
test/1399231/def049832163b372f524d190471afa3e32e0501d.jpg,1399231,flower,real,132
train/1399231/36c2d6247c2613dbc92cfe6fbe6871992d4f28b9.jpg,1399231,flower,real,132
test/1399231/0b18fd60d6995c447f2c2d92ac8ea609d19dbf0a.jpg,1399231,flower,real,132
val/1399231/95bba0f15bb158366e90ad9f1cc80f24bc6889b1.jpg,1399231,leaf,real,132
train/1399231/dd76844efc9463a14133073a761eb68db391dfbf.jpg,1399231,leaf,real,132
test/1399231/329a0a6a6784e83746404a69f12834d416996280.jpg,1399231,flower,real,132
train/1399231/2d6e221ee71458b5568213436942151b71c174be.jpg,1399231,flower,real,132
train/1399231/83e5198b663017d8625b445c1ac8db75f7174178.jpg,1399231,flower,real,132
val/1399231/d9060d52be437bd7d256fdd1b706f80b0583f8e9.jpg,1399231,flower,real,132
train/1399231/b5cc9bc035eb04eacaa945f46dd63afe14280a4f.jpg,1399231,flower,real,132
train/1399920/ad18ffa8a9eb6901219d69968b21b3aa8adc301c.jpg,1399920,flower,real,133
train/1399920/b81ae69d1d7e43ff9a95ddb1cd2fab015b9e6d5e.jpg,1399920,flower,real,133
train/1399920/36294e9602c9670442a046d0aac35190572c5363.jpg,1399920,flower,real,133
train/1399920/98ddee73398fe9b3ec64cfb9bf37bdb54cef2757.jpg,1399920,flower,real,133
val/1399920/41e0a9646b5b7b5353d2dded3c3eb83bfecca38f.jpg,1399920,flower,real,133
train/1399920/7ec06b39776f53e95e2c3cd4e2a7fc034d9767dd.jpg,1399920,leaf,real,133
train/1399920/82659c0fab845675ed70e1571a641c014d681720.jpg,1399920,flower,real,133
train/1399920/22daebcd9129151be747c5d067a0d186c5fc6a7f.jpg,1399920,flower,real,133
train/1399920/9042a2de7694c4af7cd5fd0b78fa237336d5b314.jpg,1399920,flower,real,133
train/1399920/33530da6b133bbb6ec20b6162d39699ce8f1f82b.jpg,1399920,leaf,real,133
train/1399920/f3de854bbce6ab72044fc33aa48a35055f46b24e.jpg,1399920,leaf,real,133
test/1399920/f793a16552a260569b34cc19db95412345e857d3.jpg,1399920,flower,real,133
train/1399920/0dd20eda856b7a9273086415609f563ae0cf32ca.jpg,1399920,flower,real,133
train/1399920/bb3f8e83851a6e1e93fdc14097f25297745851f5.jpg,1399920,flower,real,133
train/1399920/8e4e9da013da0c93f894acb31433192de03e652f.jpg,1399920,flower,real,133
train/1399920/45faa8a555c84150292a7ad4d3981c8b17a79d7e.jpg,1399920,flower,real,133
train/1399920/7536e7030911414691f8de8b302595e24ab966ed.jpg,1399920,flower,real,133
train/1399920/394e201ef732b235ddba6a890e995e2a088e7ee0.jpg,1399920,flower,real,133
test/1399920/bd1f20dd75ef874888f045d6046c6df4f4be7d76.jpg,1399920,flower,real,133
train/1399920/97e03289113665ef9787692badd7a69c548e8ac2.jpg,1399920,leaf,real,133
val/1399920/2ed7659e2bcf96ea36851f4c9956ca051cdadaf2.jpg,1399920,leaf,real,133
train/1399920/551ba2e62094c6631ebd9fb6b215dde652b495fd.jpg,1399920,leaf,real,133
train/1399920/7e4ab4740915a96d3ba1d28825eaad8f6096c84b.jpg,1399920,leaf,real,133
train/1399920/508d74fd1c0bf084ff87225e3b3a4641788d9750.jpg,1399920,flower,real,133
train/1399920/99a1d35d70153cb9a1af129ec6345adf06715e7f.jpg,1399920,flower,real,133
train/1399920/939051630e6995bcb2ef563075e7a86b7f3f3d06.jpg,1399920,flower,real,133
train/1399920/e3c8c6e0ab7d3cfd3d74e68ff5dbbd9bc6b33f35.jpg,1399920,leaf,real,133
train/1399920/1dea341d5d8ee1bf89708a858c554b4a2e1b0d5b.jpg,1399920,flower,real,133
train/1399920/8170529494b4a0568524f9e5bd713512430cace1.jpg,1399920,flower,real,133
train/1399920/083054d685dd172e53eab7e042df0ba49c37a523.jpg,1399920,leaf,real,133
train/1399920/b0491e14ed7f8e81aa6b2589463242391119e783.jpg,1399920,flower,real,133
test/1399920/d7f76ed50f12a2f10e47238c6aff0922efbafda1.jpg,1399920,flower,real,133
train/1399920/69905020358ebad9efe7de9c67a053bea2482d7b.jpg,1399920,leaf,real,133
train/1399920/ddd7afa6f1fdd20813fa244c76c65f5a7fc4efbe.jpg,1399920,leaf,real,133
val/1399920/539462ce62e2fb5d4db38e23d16b5fb115769601.jpg,1399920,flower,real,133
train/1399920/42b2124a660ca818507558e590044ece42ff0632.jpg,1399920,leaf,real,133
train/1399920/80a7266b138eedfa480f9145727edd5498425557.jpg,1399920,flower,real,133
train/1400081/fa78cdd9615618d63d7f6e192bbb7243a1c2ff18.jpg,1400081,flower,real,134
train/1400081/fe3dcc02959751ba00aa76210cf29d8396a8464b.jpg,1400081,flower,real,134
train/1400081/18b7fffe54e9aede153783ecf0fd56b60788010a.jpg,1400081,flower,real,134
train/1400081/f5ea14cdbc8c6caa6ea0fb87dd293f1c302ddbea.jpg,1400081,leaf,real,134
test/1400081/7f1f99477cb6dd8b4c21849ef8967c26b2abc387.jpg,1400081,flower,real,134
train/1400081/a57fdc59d3ecdae4d596a937ebff1a7826565601.jpg,1400081,flower,real,134
train/1400081/a86219c1c9fe5b61c4033585b727e4dda902fac7.jpg,1400081,flower,real,134
train/1400081/053bd34d3b8aeb67ae1ff051dc676f70b99de97e.jpg,1400081,flower,real,134
train/1400081/412fbe6b2478b721d91c9abd62e50c54f77acd36.jpg,1400081,leaf,real,134
test/1400081/cf7d308b845c69f82f3ca803d194310ea92852d1.jpg,1400081,flower,real,134
train/1400081/0a27afcd99bf07925ab5a583d013a2c11300d7af.jpg,1400081,flower,real,134
train/1400081/b6da30b6395ce33f7f92999eee6e07dd3da30938.jpg,1400081,flower,real,134
train/1400081/111308068dc731da017ddc853c72046d0e60d228.jpg,1400081,flower,real,134
train/1400081/59b3f96a9fae0dc5535e88c929c80066840064b7.jpg,1400081,flower,real,134
test/1400081/6b97b156ec4935c15d7d3b42fb36e4128a7a1142.jpg,1400081,flower,real,134
test/1400081/7e8c5911120de4b3455f80ab01dcf3d17ccb90b6.jpg,1400081,flower,real,134
train/1400081/c5d4c3b4c7b0fbe07b641dcb30fe1c156129895a.jpg,1400081,flower,real,134
train/1400081/bcb4bd8007745ddea4df56e49321e863083e6367.jpg,1400081,flower,real,134
train/1400081/ab6eb6a41337ef773dfd28f6aaf1979c20939381.jpg,1400081,flower,real,134
test/1400081/1356c3b25c7778ce8fcfb860716cedbbbfeea007.jpg,1400081,flower,real,134
test/1400081/70494261b227fe0ad9542888aec0cff01705bc3e.jpg,1400081,flower,real,134
train/1400081/101a374531ed35a5f20861f0567f444b9e227c8a.jpg,1400081,flower,real,134
train/1400081/54dda7bc9a7bf4f5967988d5d6c1f02e980514e2.jpg,1400081,flower,real,134
val/1400081/3ff6fa1ce943b335f5dc154a6a5e166c420bec0b.jpg,1400081,flower,real,134
val/1400081/9c37c13848f222dcd9ce049ce467ff6206fa3433.jpg,1400081,flower,real,134
train/1400081/e1a71693534ab4127236ebfec48d2b676cdc1eef.jpg,1400081,flower,real,134
train/1400081/6ea4a2b95207f40186d925ce45e2d9f1b1991d70.jpg,1400081,flower,real,134
train/1400081/ae2bcb253abbfe594a2cc961c120d9cb6112d840.jpg,1400081,leaf,real,134
train/1400081/d71d74428b043b66f0d93815f1ff6cf5131a9831.jpg,1400081,flower,real,134
val/1400081/a3ff565a496afc9e19402bbba4a294f591280ec3.jpg,1400081,flower,real,134
train/1400081/8ce46754463f61dc89e2cbd67b8072dd695a59e2.jpg,1400081,flower,real,134
train/1400081/d04e2b21497c70b68e6f725451436a1dc49bdb35.jpg,1400081,flower,real,134
train/1400081/6c3c79b8d5399c07824a427bb4089f06b2c7481d.jpg,1400081,flower,real,134
test/1400081/e3820b1e3d62e9d842368bb3de24bf2c04c0a6d2.jpg,1400081,flower,real,134
train/1400081/3ee5382fb54faaa229369d6ddd480afd1348adf4.jpg,1400081,flower,real,134
train/1400081/64bcccfbad9fe176fb08b22f619d3888b0afcbee.jpg,1400081,flower,real,134
train/1400081/1bf2c844c10d82b77e9de492cd06a40413b4713d.jpg,1400081,flower,real,134
train/1400081/b174c1769f183d8ab2cd2cbdba61509d5648e00e.jpg,1400081,flower,real,134
train/1400081/01669a877012685a3f01b1961048b32254dbbf3a.jpg,1400081,flower,real,134
train/1400081/b1ddacafe471938785395f8bf1178ad844e940eb.jpg,1400081,flower,real,134
val/1400081/03af9ae24756dcf257b26dc507febee06f039ad1.jpg,1400081,flower,real,134
train/1400081/836253c7c7c2b681302c73da650eebf26acd6aed.jpg,1400081,flower,real,134
train/1400081/d212f093eafea9c528cd374c4fa9484229727d58.jpg,1400081,flower,real,134
train/1400081/d948def0fd47661983a7587c26cc51d447e5d947.jpg,1400081,leaf,real,134
train/1400081/835f2c7c94fb6415ff629ace0a704ca02a37c33c.jpg,1400081,flower,real,134
train/1400081/03a77b3fb518718f04988751e59c2bcf3cf677c1.jpg,1400081,leaf,real,134
test/1400081/9a9fd8d3cb32d25b30fa2d59ef59969442ac7c71.jpg,1400081,flower,real,134
train/1400081/e3da023369f889c15b1e079ff82a0387cc50d6e2.jpg,1400081,flower,real,134
train/1400081/2fc543a23308ac9772082cc4d52b4d1b7801c95a.jpg,1400081,flower,real,134
train/1400081/d0cf2f02481479a40c5e9218ce6c45826d2927b7.jpg,1400081,leaf,real,134
train/1400081/4e4d681f4ce1830f3eb7e12b5f3f06ed9f1e4c4e.jpg,1400081,flower,real,134
train/1400081/d20f5d8c10384b8f71c53e2cb3a9f8ae08ab4c98.jpg,1400081,flower,real,134
train/1400081/7947f17b9d9acddc230489d9dbffbe018f33fac6.jpg,1400081,leaf,real,134
train/1400081/67f601900e0a62c1dc857825a30c2c6536d34104.jpg,1400081,flower,real,134
train/1400081/ca634d81247f2f0b910d21f6814b3559374cd13a.jpg,1400081,flower,real,134
train/1400081/41c68069707d4c1ad21724f1c27bddc146e44452.jpg,1400081,flower,real,134
train/1400081/ec474efecb8e5446c81b0a398ae10b9900d7a5b1.jpg,1400081,flower,real,134
train/1400081/1d8e3c503268ae1c737411efada11241cdef5301.jpg,1400081,leaf,real,134
val/1400081/026247db05cc1849430d16a5c2619eaf94e2967f.jpg,1400081,flower,real,134
train/1400081/e5dfec8de631a2514554cb4ae71ff6c751cc2e26.jpg,1400081,flower,real,134
test/1400081/b212082813363b7e04f2977cf1cf8030b9efd91a.jpg,1400081,flower,real,134
train/1400081/d9df0d85868ddbc904ed792307a67d1bf90ff5b5.jpg,1400081,flower,real,134
train/1400081/d17272ccefb4b5021e6e94cf568150c154edf6bb.jpg,1400081,flower,real,134
val/1400081/815f6b9b5e75958006cff18035f85aa90c2e1150.jpg,1400081,flower,real,134
train/1400081/79851df225e6ca4a6b53c04cda90032c7faa8916.jpg,1400081,flower,real,134
train/1400081/7b0abc43bc2ca34cce5270db8447906826c5e02b.jpg,1400081,flower,real,134
train/1400081/9fb257d33f84bb194bb34f4eec471049a1c3593b.jpg,1400081,flower,real,134
train/1400081/4a0e0f7359494464650a3aa998409d4a32ca70be.jpg,1400081,flower,real,134
val/1400081/019e8b12ef796d1181297d8dbedd4913ddc19e5c.jpg,1400081,flower,real,134
train/1400081/2288dffe0d5d4caaf3c4b86b51e51545591929a3.jpg,1400081,flower,real,134
train/1400081/b0b2018e98d69f00912af4e75ba71c006dede328.jpg,1400081,flower,real,134
val/1400081/37205070cdea4aafe9f09f8de09b41f4ef8ac185.jpg,1400081,flower,real,134
train/1400081/fc0878d0a081718b09ee0b800d18e7670e60a9be.jpg,1400081,flower,real,134
train/1400081/b4cd3231ae9b857e445a54f199975b220e49a5f8.jpg,1400081,flower,real,134
train/1400081/f0228700d8f6c9783e08ac4657d312f6457f617e.jpg,1400081,flower,real,134
train/1400081/17a9f313be9b1eb641d57da07a1ba431c7e0c683.jpg,1400081,flower,real,134
train/1400081/0e3dc7eaaf975a2e538b3552ce2bd2466fef7595.jpg,1400081,flower,real,134
train/1400081/b9e0ecc410e484640e1199e244ad393a1c9e05dd.jpg,1400081,flower,real,134
train/1400081/a79af18b1065dc42a9eb39af01751d14c1cd92ee.jpg,1400081,flower,real,134
train/1400081/4b7f6bf3607bf926cafc6cde950f439cef8c2000.jpg,1400081,flower,real,134
val/1400081/659961e4ab0baf4c21821c189c4f08a245135730.jpg,1400081,flower,real,134
train/1400081/61f76877f3bf001886b4e1c81f2d8c544ea7095f.jpg,1400081,leaf,real,134
train/1400081/b8847a820cec1aa47bf92c2d7ddce3eca94f6117.jpg,1400081,flower,real,134
train/1400081/bd244a59b2c4a49ff552c80256926a718683d999.jpg,1400081,flower,real,134
train/1400081/12edbf5d5669779829d2b4ce57f09196ac805339.jpg,1400081,flower,real,134
train/1400081/495a4ec51cc7c997db05782f18abb6df89ecf108.jpg,1400081,flower,real,134
test/1400081/9f6a64b91b3be5acbe3f91540f744c0be21e6f63.jpg,1400081,flower,real,134
train/1400081/47f3aa5b77e1561c600f0b49d2ac227d0e359876.jpg,1400081,flower,real,134
train/1400081/f6f9d7b20145ce6724f7cd9af833157ca8f3095f.jpg,1400081,flower,real,134
train/1400081/9c0cbafc8a9a80501e14f4289f0aaf76ec7e445c.jpg,1400081,flower,real,134
train/1400081/bd58aaee37ef56e4e9df89932fe8ca4ede38b6cc.jpg,1400081,flower,real,134
train/1400081/c5dc76b6604e13844cddc5552d9ef4dbc6b9937b.jpg,1400081,flower,real,134
train/1400081/48c13e0321bf99cdc69df9dc9009b356602aabc5.jpg,1400081,flower,real,134
train/1400081/05bbca9819f7a69039a9f5e30aa75b5859426223.jpg,1400081,leaf,real,134
train/1400081/c2a5a392a81730ee991826563b39d80ab8b183e4.jpg,1400081,flower,real,134
train/1400081/91c9f28be144a1d84f29fdf62ab1b3304e683269.jpg,1400081,flower,real,134
test/1400104/66f2a152605ae1a3177b6f0f8df3bc8ddd200f5a.jpg,1400104,leaf,real,135
val/1400104/c9a92d763bef54dd13304ad1b0471fd40aafc412.jpg,1400104,leaf,real,135
train/1400104/c90963a381acbdcd839c8195acc7f69d5d878ac7.jpg,1400104,leaf,real,135
train/1400104/a050372ec60b884726615fbc16c52c460961faf5.jpg,1400104,leaf,real,135
train/1400104/be6b8e48d62ffcb084d5c62a151672058cfd1ee3.jpg,1400104,flower,real,135
val/1400104/bf832a68ace11649b1dc431c21ff00f227f46c24.jpg,1400104,flower,real,135
train/1400104/e11425a81acb5fcc6205d16101fcb454c159c7db.jpg,1400104,flower,real,135
train/1400104/6cd66dca732ca366b974531b1710f733d1af0802.jpg,1400104,leaf,real,135
train/1400104/c0f0c54f65eb16b572376bc425ba9d03c17847af.jpg,1400104,leaf,real,135
train/1400104/57a177a686df9d5e11a29bbe627f221ef55e0ae5.jpg,1400104,leaf,real,135
val/1400104/4d9ac8dc4d14f47f80f49cac38021c54e37fd6af.jpg,1400104,flower,real,135
test/1400104/298107a09107fb3cdf6d78d9f4a34b9354456c78.jpg,1400104,leaf,real,135
train/1400104/b7c7bcd47f234f1d603e64aae11a2c311bd3321d.jpg,1400104,leaf,real,135
train/1400104/2c859f269fb22a47048521e7176309f4f9727604.jpg,1400104,leaf,real,135
train/1400104/4474b4d7e59539d87aeddae7bd5a73f648a12190.jpg,1400104,leaf,real,135
train/1400104/76cc33e2bbffa0665c598dda8b4bd66fb123292f.jpg,1400104,leaf,real,135
test/1400104/411ccc772dea76318fc3002c9382eb02a0eecc15.jpg,1400104,leaf,real,135
train/1400104/d82e0804ee4c4da98a9c23b0fc71c47e5fe3af4f.jpg,1400104,leaf,real,135
train/1400104/0e06aa914a925e1429e106e62fa5d8716a266585.jpg,1400104,leaf,real,135
train/1400104/b3c8227d9a4fe939451ce792c2bd6dc230ce85ab.jpg,1400104,flower,real,135
train/1400104/e07b62117d45185e6e351653b9a5a7fd8e2107cd.jpg,1400104,flower,real,135
train/1400104/941e2104ae1623bb1e07e8fd46719bc476ec1fef.jpg,1400104,leaf,real,135
test/1400104/8d40bb0030b6f6bd401aedde7e83fedf3b650ad7.jpg,1400104,leaf,real,135
train/1400104/249afb345a1ebb37ccb010f71244b294dde8ef47.jpg,1400104,leaf,real,135
train/1400104/b058e963fe225d0830ceab14ce55834157167399.jpg,1400104,leaf,real,135
train/1400104/b0005d6034e1bb951f526695e8a5a5591090e372.jpg,1400104,leaf,real,135
train/1400104/bc8fd96df62e1d60bc5638f3df098a721479bdde.jpg,1400104,leaf,real,135
val/1400104/ef7e6f2a17b025413e4e4d7797a02cf5fe818dac.jpg,1400104,flower,real,135
train/1400104/7c33d9f3fed7523acd230874994a6fc44b933823.jpg,1400104,leaf,real,135
train/1400104/d4ceb02b76bbd15969b284b28abc19550265ba70.jpg,1400104,flower,real,135
train/1400104/815ec0f09013fcfd123e9e5f6d120f4d63f63416.jpg,1400104,leaf,real,135
test/1400104/f6570aeaaf8ffa3fbf6b086a062ef5a5635edbad.jpg,1400104,leaf,real,135
train/1400104/2f62e2d535af08c194038e2853f779665350698f.jpg,1400104,leaf,real,135
train/1400104/20ecb9bc369d89e70ba38bbb93e993a97f073e51.jpg,1400104,leaf,real,135
train/1400104/67a8ff59e5db20c65fc46b35d5f82097fce3b29e.jpg,1400104,leaf,real,135
test/1400104/121d6829f85f3bed4069e647f08ffe37db04fe63.jpg,1400104,leaf,real,135
train/1400104/c766d570052071adf81dea1c1e91ea7a70243b46.jpg,1400104,leaf,real,135
val/1400104/e69e02fa2d904600eb13f62fc1259d484274e94d.jpg,1400104,leaf,real,135
train/1400104/40df26ea856cd8eef7c3189a51aa35f8b5e59671.jpg,1400104,leaf,real,135
train/1400104/9ed9e92c2a83526356ab083ca1778424cac3b89c.jpg,1400104,leaf,real,135
test/1400104/d53be1d60ed7112299479e16380c854bffe4522a.jpg,1400104,leaf,real,135
val/1400104/1c239ddf5b6edfd9052ff523a149c614f4a0455b.jpg,1400104,leaf,real,135
train/1400104/12b086a8a9e8c2738ff546c68544efbd2cbe48f8.jpg,1400104,flower,real,135
val/1402811/96eebca4de2b838092e3e03322f960a17c7520b0.jpg,1402811,flower,real,136
train/1402811/cdb4455b4306c598e9726a37975afcf2be041149.jpg,1402811,flower,real,136
train/1402811/4d2a411b6d38d59c9c23a37b155e7c10c841b413.jpg,1402811,flower,real,136
train/1402811/554b47d36c7fdfb18a87fed1665674450c530b06.jpg,1402811,leaf,real,136
train/1402811/9d1e96a16d4efb027a86bc3a43c3279ed3e3e396.jpg,1402811,flower,real,136
train/1402811/f4a86997e333810ce3dd3b7507fa977703aa6d59.jpg,1402811,flower,real,136
train/1402811/c4ea1de2d5744acdbce67b500da6588dd31715e8.jpg,1402811,leaf,real,136
test/1402811/c20204e456949d36ccd2e2d18596b713c7e7ab24.jpg,1402811,flower,real,136
train/1402811/22efde1150e9e935817171c06944d953050a37fb.jpg,1402811,flower,real,136
train/1402811/5043eff5cd25e6bfd232a1b8506fe53855d0d856.jpg,1402811,flower,real,136
train/1402811/def73fd28b837fbd9c81af2bd65d07c00c3d3c1e.jpg,1402811,flower,real,136
train/1402811/08815f6a9277c9d7fa53541867fdfd47e9fb9799.jpg,1402811,flower,real,136
train/1402811/ad2d05f94857ece234ddfb6cb9df326f595311e4.jpg,1402811,flower,real,136
train/1402811/c4ec99a56dee89e579a59162162bfa29e68efb9f.jpg,1402811,flower,real,136
train/1402811/b6874fab0f356414c158c271450ed47083324e36.jpg,1402811,flower,real,136
train/1402811/9cea41442fd7788b9413e577a305b2b73f1e3f4d.jpg,1402811,leaf,real,136
train/1402811/2e32056d2839216c8b0f31ace5433c5b05a6bfb8.jpg,1402811,flower,real,136
test/1402811/b744675297719872e279e559c8c414d67a050e38.jpg,1402811,flower,real,136
test/1402811/744e53a7b22c40ed79be0912f130e87a5afc1b33.jpg,1402811,flower,real,136
train/1402811/1af524ac3c8594791b72b44a6fa6ec596cb175bb.jpg,1402811,flower,real,136
test/1402811/6cccca879835f8b413e76977056c4dbbf038e950.jpg,1402811,flower,real,136
train/1402811/d13134d9068e4aa25a3b6022aea6c0852a21b668.jpg,1402811,flower,real,136
train/1402811/eaa7ec680da239ab405675f08f1e476ded96901b.jpg,1402811,flower,real,136
train/1402811/ee00d6df9920ce320f86ff9f0f5b05f2357a350c.jpg,1402811,leaf,real,136
train/1402811/1526bde2b6a89cf86e7d8857a2e26296f0995d56.jpg,1402811,flower,real,136
train/1402811/e1f6e22af2e94e17af2cd9cdada760b2d9f2a9c2.jpg,1402811,flower,real,136
train/1402811/ee1bef030c0fbf1f7ed2d67c777dc77ffd6fcb9f.jpg,1402811,flower,real,136
test/1402811/0e8d2a53978c5c7af777775f3f68325d1a1c3f0a.jpg,1402811,leaf,real,136
train/1402811/570e25cdb68a879237b8872702a4ad3bf4cf0bae.jpg,1402811,flower,real,136
train/1402811/6a139249edd8e948a4f5090f17d787e3621bbc8f.jpg,1402811,leaf,real,136
val/1402811/8d50c821444ebbe6068bd781c4734076e84164f7.jpg,1402811,leaf,real,136
train/1402811/b9f0ca40db0ce7e0490331798961314dcdca992b.jpg,1402811,flower,real,136
val/1402811/a8f114db0b4136ec6acc4283be965b315b006dfc.jpg,1402811,flower,real,136
train/1402811/d33a8edf49ce60b7289854161368447810283500.jpg,1402811,flower,real,136
train/1402811/b4afd81befc79d2d3e87d271d1c099f04f880b99.jpg,1402811,flower,real,136
train/1402811/5767563f0a63b6830a3cd6095babfba2ae997036.jpg,1402811,flower,real,136
test/1402811/5ad4c5e3f6120565a4933b4629a9b1684f574d3b.jpg,1402811,flower,real,136
train/1403826/d0435906295f9213b1eb97a1fe8638a897cd8f5e.jpg,1403826,flower,real,137
train/1403826/3a8917936e6ab8792cf9a62e882bfe30cff5fa5a.jpg,1403826,flower,real,137
train/1403826/951d2e046dc2891363058ec0e87bc7fd030da59a.jpg,1403826,leaf,real,137
train/1403826/f2b5e54a59fc1ae453cebc0d4bcb8781587ea24a.jpg,1403826,flower,real,137
train/1403826/38330edf4425a0d6770c2421c88b8c4551ac0733.jpg,1403826,flower,real,137
test/1403826/a663a092775c85d352896e45d6768e832fbd542b.jpg,1403826,flower,real,137
train/1403826/e75194f4c8b28862a023137a0ff06c3861ed86a5.jpg,1403826,flower,real,137
train/1403826/c4555971e58a6346e2f7cc892c1f0bd617e9775f.jpg,1403826,leaf,real,137
train/1403826/4e2a3d141e709642fa2395f2b0bfd3e688ef5805.jpg,1403826,flower,real,137
train/1403826/f70e46d2fccaf164ebe4cff9e343bb38f73509f3.jpg,1403826,flower,real,137
train/1403826/613c7a9c650f87e1937c36aaf92b8e70b67044cb.jpg,1403826,flower,real,137
train/1403826/848626a2fc05328c3682a998bdf7308fad425233.jpg,1403826,flower,real,137
train/1403826/0807219976092ae3e653bfae55f0ea24c15ae7f4.jpg,1403826,leaf,real,137
val/1403826/d9a6e32027809190fc7d7d02be03d90115babb95.jpg,1403826,flower,real,137
train/1403826/3ec515d7d921e56d1b08135e1958e38938cf723f.jpg,1403826,flower,real,137
train/1403826/7b8d46f0a94040a0ac486ea111b200bfcaf7b905.jpg,1403826,flower,real,137
val/1403826/6d6cb6bd202bdb4dd9d9b805f8829d0fdca2d8ab.jpg,1403826,flower,real,137
train/1403826/1fef45ab290941661c21b3d8e9ac93e226ca60a8.jpg,1403826,flower,real,137
train/1403826/968129a9c0e16c4145f4b28101f598cb88a381b1.jpg,1403826,flower,real,137
train/1403826/a34ea5abe25702079ce893658825b8d589195d52.jpg,1403826,flower,real,137
train/1403826/f4294594b63d109345b33102f9cd814dd8f7ef1a.jpg,1403826,flower,real,137
train/1403826/23a5219ecc60ddfc69fc8399ccf88c81890d9455.jpg,1403826,flower,real,137
train/1403826/d37bfdb9848fba4560294572dc0ea7829e2e1f05.jpg,1403826,flower,real,137
train/1403826/9f34c2c982d3fd76954c9189359dce8315a1e94e.jpg,1403826,leaf,real,137
test/1403826/f10c8e747fc3733ee5573df7937b759c643aa486.jpg,1403826,leaf,real,137
train/1403826/304ce4f0bcce4949cd8fb2e0e554bbd736e3d62b.jpg,1403826,flower,real,137
train/1403826/fcb72ef8caa46d6d04392ac2df7d394365118616.jpg,1403826,flower,real,137
train/1403826/687325f43a61d200de88d70455609371c2314a53.jpg,1403826,flower,real,137
train/1403826/8f1f618224ad486998b2af0d40b53829cae3865c.jpg,1403826,flower,real,137
train/1403826/6b88645b19a2791b41ac1aa0289bda0695926ebc.jpg,1403826,leaf,real,137
train/1403826/cca49da6c57fed404165bccbf9709bdc04b466c8.jpg,1403826,flower,real,137
train/1403967/c48c4b95eba55fa0248bcd8f08fba9b6362cea70.jpg,1403967,flower,real,138
train/1403967/37216f27f280ad080da41f6e85d758832c4f8494.jpg,1403967,flower,real,138
train/1403967/f288db340bd4eb68fa83b145a75ec2cfa0ee1c64.jpg,1403967,leaf,real,138
train/1403967/f73d75c6374029279982f9a97495e6946b46d97c.jpg,1403967,flower,real,138
test/1403967/24672922d3bb576d4addc02567f200568cd772b0.jpg,1403967,flower,real,138
train/1403967/daaf278a1bdf17c0c2185d5b6119416fd4dc1646.jpg,1403967,leaf,real,138
train/1403967/2a485a2572c70ff7f061cebb378cbaa9cc823602.jpg,1403967,flower,real,138
train/1403967/cb2ce92978127ffeda75b2d92d8eb720e8387b19.jpg,1403967,flower,real,138
train/1403967/9ddf7b1d3bdccaacb99a54f3bfec5886cb490468.jpg,1403967,flower,real,138
test/1403967/b2c68fac1e1d0edf2ae92a0a66ade60cdc6cb50a.jpg,1403967,flower,real,138
train/1403967/ab99bf2abab4ea838cc06e0ed8894084e68a2a28.jpg,1403967,leaf,real,138
train/1403967/cc17fbfb1f63519379f6002f7dafeb02036853bf.jpg,1403967,leaf,real,138
test/1403967/8456cd9896c321c47c78df63c909561ff05cedc7.jpg,1403967,leaf,real,138
train/1403967/8df278064144e009c037e3577166576fabe1e4ad.jpg,1403967,flower,real,138
train/1403967/ca28e60585a82c2cc1de7a50368fb0d5f8d67fc5.jpg,1403967,flower,real,138
train/1403967/b24f0bb89d9a6a09b95cc09cf0df63cfc7d873f9.jpg,1403967,leaf,real,138
train/1403967/9fbf85d87e5184d4e5a9d1e0cabfe0cf9e2451bc.jpg,1403967,leaf,real,138
train/1403967/d8a9dd0b16ed6cf54f0726cd8813abe0a4670464.jpg,1403967,leaf,real,138
val/1403967/58f4649aeddf96e767f542bf107f54c76e58967c.jpg,1403967,flower,real,138
train/1403967/1d5cd60c7eafc2ac475a4473a104f3e7b2d86728.jpg,1403967,flower,real,138
train/1403967/1c0b651642d24ba05b7c3720713c0ad7b6ce5ca4.jpg,1403967,flower,real,138
train/1403967/b1105b77dbfdb2a8887f1536846285c3cec01b4b.jpg,1403967,leaf,real,138
test/1403967/01cc3199351285bf491dc01953f851a70e2ecacd.jpg,1403967,leaf,real,138
train/1403967/397aac2d3935226f18153a9f6618fc9534b23a2c.jpg,1403967,flower,real,138
train/1403967/a00aaf4e995f83348e2c3fba40887964ecb858a1.jpg,1403967,flower,real,138
train/1403967/bbabfde5df5b5268f3d48cc3ab108109ac76848d.jpg,1403967,flower,real,138
train/1403967/61bdc8ced11d79a771d0a569819fab7179f3a993.jpg,1403967,leaf,real,138
train/1403967/4a443ed2676f1206e199d9e45409e18ce1e9831c.jpg,1403967,leaf,real,138
train/1403967/7b1bc6c2ad3a280a3b714779e424b0f532cb4234.jpg,1403967,leaf,real,138
train/1403967/3c9a8542832ca610e5c4632591ad37657d5b0d27.jpg,1403967,leaf,real,138
val/1403967/05be35bc34aa63fb02b3b197b596c3b4da04b012.jpg,1403967,flower,real,138
train/1403967/cae5558f918ba1b8e4c82724c6d3677c8a6e7115.jpg,1403967,leaf,real,138
val/1403967/dc1ce6ee1cbccbf909743df7cf0840c148b9c561.jpg,1403967,flower,real,138
train/1403967/9fc1cef7fe91a7274fb33a3effd4b5246e6af421.jpg,1403967,flower,real,138
val/1403967/4ac102f9f78fdbf2c86da2fe7fdb97396a256924.jpg,1403967,flower,real,138
train/1403967/7041be2eb7d6bac1fb129644b363fe2871b459ef.jpg,1403967,leaf,real,138
train/1403967/6c318ff6f664ec64eedeccfd2d7024b55eff8ff5.jpg,1403967,flower,real,138
test/1403967/9eccfbd862fc556d7aef90947977525f93c50b3c.jpg,1403967,flower,real,138
train/1403967/cefe9a9298e3b2affcd54aea21779ddf523eda43.jpg,1403967,leaf,real,138
train/1403967/3ac0bbeed91cb88b97e14d31deb45cd91fe06fd2.jpg,1403967,flower,real,138
train/1403967/57cd61b6f98409a2eb902335ec8e4891b1914205.jpg,1403967,flower,real,138
train/1403967/31ede877bae9cf8cee42a1e38a84783e396496a4.jpg,1403967,leaf,real,138
train/1403967/4b0b0142874b6e258bf81fc66fdb548e5ab9efed.jpg,1403967,leaf,real,138
train/1403967/0cdae0d92b1e20aef9f007594030fee1ef26907e.jpg,1403967,flower,real,138
val/1403967/6d78cdbe480de320a248e59a8de9e2d058771a5e.jpg,1403967,flower,real,138
train/1403967/5155317761e5c0e7e53583c025db94776eeddfa1.jpg,1403967,leaf,real,138
train/1403967/b5155c30707d30d77398362c600386cb6d48a512.jpg,1403967,leaf,real,138
train/1403967/2de33e50c5e5a81acf0b45d828ea258740f51ed4.jpg,1403967,flower,real,138
train/1403967/782a3eb20b46ce24c99e92e0429acb8fa2de9bc3.jpg,1403967,leaf,real,138
train/1403967/fe6f7e8c4b46bd990f859436084e3fb13fe6ffe0.jpg,1403967,leaf,real,138
train/1403967/5388bdd3450984d6e85e35d5733093fc4cae5c35.jpg,1403967,flower,real,138
train/1403967/50c5ffa87875dd0263026750165982980fc4e20b.jpg,1403967,leaf,real,138
train/1403967/2b95b67dab15ac40be1156d269f6aaeb68a35365.jpg,1403967,flower,real,138
test/1403967/754adc2c2548f07d0d03117ea6c636547b42f419.jpg,1403967,flower,real,138
val/1403967/529170fb92b7891fcc40a3db68882dba1851d0be.jpg,1403967,flower,real,138
train/1403967/047ef963c0398049c3e1e922259a096e3da20112.jpg,1403967,flower,real,138
val/1403967/b1397198334b572fdbf01bcea3b7c1c58b2fcee2.jpg,1403967,flower,real,138
train/1403967/60d74b123d328d42e5076953b9d8645b05d8d0f0.jpg,1403967,leaf,real,138
train/1403967/ae30ea5ec0a7c0cab2e4990f9345229446f43c3e.jpg,1403967,flower,real,138
test/1403967/f5598da230c3ffef59f7de58d09d36baecb98540.jpg,1403967,flower,real,138
train/1403967/9c163e44062658b0444e118e9bf9614d120abda0.jpg,1403967,leaf,real,138
train/1403967/243e669477b920331bde1d90434c10f76878d81a.jpg,1403967,leaf,real,138
train/1403967/2310dd7bf8afa04247297f0ae97619335e270fdf.jpg,1403967,flower,real,138
train/1403967/9b9ddb4178b7fcc80d4db03dc0407b8c0303dde0.jpg,1403967,flower,real,138
train/1403967/2a2864bee1e8ec7fc0f53f021839ae6fb35349af.jpg,1403967,flower,real,138
train/1403967/be860b2ebbde4568551a65c90c97d074f56a3e1b.jpg,1403967,leaf,real,138
train/1403967/e8aa70988be7c558b05bf76a47cd6aa18fade3a8.jpg,1403967,leaf,real,138
train/1403967/77b3c6f7e44b8e33037d62ca6e3823759960402e.jpg,1403967,flower,real,138
train/1403967/2b22c674a527864c0f2c712fa6a076eb6a0a6072.jpg,1403967,flower,real,138
train/1403967/d926238fff2c751b9d908620c2387b2405d226f8.jpg,1403967,leaf,real,138
train/1403967/4860d54cc0c453721f95a8c7ddcea34ebaab53f5.jpg,1403967,leaf,real,138
train/1403967/89f9486c7c92bb70439394e72d87842941873154.jpg,1403967,leaf,real,138
train/1403967/53b1455145c72728de78ec6ff845b7fc7e2e487d.jpg,1403967,flower,real,138
train/1403967/2ed6399c149a603737d300de2e6fcc49ca8711b4.jpg,1403967,leaf,real,138
train/1403967/ff77238aeafce5443c37a97b54829f3839eeed4d.jpg,1403967,flower,real,138
train/1403967/7a1491b0fa38190aed61560f49ebb6c32b1de8fc.jpg,1403967,flower,real,138
val/1403967/d17dc146c6cb3c2b1a40d543983a8447869a497e.jpg,1403967,leaf,real,138
train/1403967/ccae4b865e0b8d25fcf66d3d9a073634f0e11494.jpg,1403967,flower,real,138
train/1403967/0f1ebecbf8d314addd3f64cbb6c3dcfe2d77a191.jpg,1403967,leaf,real,138
train/1403967/a5d1bec6e91e1910fc2fed429b3c7f7e481416ee.jpg,1403967,flower,real,138
train/1403967/bcaef93721877a3e375b91a09941b010690150bc.jpg,1403967,leaf,real,138
train/1403967/9ca95439f3d71d5097d4a5dbe8046ab0192c28d4.jpg,1403967,leaf,real,138
train/1405686/24cf56bf74bae2b503113b2a730c76b3ccc93b16.jpg,1405686,flower,real,139
train/1405686/a5a630a90d54a59c93aa1149440493dcecb107d4.jpg,1405686,leaf,real,139
train/1405686/ee110aa602d841a8e1202f3e8b3ac213a456b16b.jpg,1405686,leaf,real,139
train/1405686/931ff098cb4c5944d18b2c38ffe95af81e97a510.jpg,1405686,leaf,real,139
test/1405686/6c117aa20a48487b0f1241b2e7abbe26a3be3811.jpg,1405686,leaf,real,139
train/1405686/f33d65508b969371fced4643219f13ed6ba51156.jpg,1405686,leaf,real,139
train/1405686/ddfecb611706cd687f7dca78b7b7a6e3350c0c04.jpg,1405686,leaf,real,139
train/1405686/43b565125ccd815c61505ae04852272928509c12.jpg,1405686,leaf,real,139
train/1405686/8bf90590d5b79e28d44a19027cf2852bea178cc9.jpg,1405686,leaf,real,139
train/1405686/39debb3a3872760811a6c84f196b8a38e2d288f0.jpg,1405686,leaf,real,139
train/1405686/4fbb46219609976c9059ebb0fd14c2aa37e3662e.jpg,1405686,leaf,real,139
train/1405686/e76106747586b705df6845d7dfb86ca5dc1df796.jpg,1405686,leaf,real,139
train/1405686/31272c3021f485ffb640dfc57363ac32937f6ebd.jpg,1405686,leaf,real,139
test/1405686/8c6b66fe7e5773592aa97f504369a0c166b54326.jpg,1405686,leaf,real,139
train/1405686/94700980838c9d5d822d231c0126add7c32fa21a.jpg,1405686,leaf,real,139
train/1405686/c1da2ad31d3214f270a79921389c9fbfaf81f712.jpg,1405686,leaf,real,139
test/1405686/acd01e53843bcbf8c6cf7ed8a45520231d02922d.jpg,1405686,leaf,real,139
train/1405686/5b31d646049825e13e47e814bc8aa28457adc430.jpg,1405686,leaf,real,139
test/1405686/25f784262c8abe59d150b0ddebd21816283e3ed3.jpg,1405686,flower,real,139
train/1405686/3d5c7e6444d53ad1a2aa0f967ab751ef799f66c1.jpg,1405686,leaf,real,139
train/1405686/7b2f14cefb74da6e595e4ecf80be758afd4cc63e.jpg,1405686,leaf,real,139
train/1405686/730bedacccadfa6e09a2717c50a2d8ffbc3ae0c7.jpg,1405686,leaf,real,139
train/1405686/cd8fc043262b47fa54cb60998e3310e17f031c06.jpg,1405686,leaf,real,139
train/1405686/19b93e0a92622a6ed5e60c2ad7f18c339394b7b5.jpg,1405686,leaf,real,139
val/1405686/ff3c604ef0f2cb6e35836aaf776fad08e5863048.jpg,1405686,leaf,real,139
val/1405686/fce931b3560c4944ae1c55d7bff6bbc51c679bf4.jpg,1405686,leaf,real,139
train/1405686/972a3ff940d839d14d2e630180caf59b1f32f1ed.jpg,1405686,leaf,real,139
train/1405686/bc735147e0e80f63857aee9a8b7c88e6234de51c.jpg,1405686,leaf,real,139
train/1405686/322ea649ab7b13691d98bb8d065457058ff28a2c.jpg,1405686,leaf,real,139
train/1405686/70fb745f61c79663a305d8360f1dbf8d21d9952c.jpg,1405686,leaf,real,139
train/1405686/89742eb362ec77d91e793ac26e1ba20fc47b5385.jpg,1405686,leaf,real,139
train/1405686/45a8c30a8b90bf3008d51fd18829ef4f16c82d17.jpg,1405686,leaf,real,139
train/1405686/b0bfad441642cc6896ca5c9ac8161ae465431a4a.jpg,1405686,leaf,real,139
train/1405686/79a9448808035ac312e9e93f191fa4553a12d286.jpg,1405686,leaf,real,139
train/1405686/c5de4b8f5c6321f9fef8ff78d9f3ff3021ec7e06.jpg,1405686,leaf,real,139
train/1405686/cb7cafee66267a39482ce126d7d6f8973ac58787.jpg,1405686,flower,real,139
test/1405686/962c8f0999a04b0182c255d8a8827de3cb24704a.jpg,1405686,leaf,real,139
train/1405686/24950597629cd9611f89239f8d2bc2944b149790.jpg,1405686,leaf,real,139
val/1405686/5f371c93599aa70cfff9ac31943c978ae31c67e1.jpg,1405686,leaf,real,139
val/1405686/e8d16c99550416eae4a718fd35e3afe3934c3bbb.jpg,1405686,leaf,real,139
train/1405686/d922836af962cb6998263568a5ed92f92baa99dd.jpg,1405686,leaf,real,139
train/1405686/a3897fb819752e43c33fc089c3e9f4f889676a1a.jpg,1405686,leaf,real,139
train/1405686/40c8ad834820293518cbc679571906c6a9aaee47.jpg,1405686,leaf,real,139
train/1405686/0f6ae0f8d7f2b30b37538032b54c293e64290bc2.jpg,1405686,leaf,real,139
train/1405686/9c39a33a0e35f5124b8100ae07dfb72ecc786cc9.jpg,1405686,leaf,real,139
train/1405686/fa45db01e5d73eed98e8e77490ec5411b6a04eea.jpg,1405686,leaf,real,139
train/1405686/3b8cfc3e751e703a6d8ae3ca004f2a62d9b4f165.jpg,1405686,leaf,real,139
train/1405686/f0d6b8b93cdf764ae5b26ab42d6232c13eb0ca7b.jpg,1405686,leaf,real,139
test/1405686/cadf0900da3d0271c0b0777cef81da3c5c63f6c2.jpg,1405686,leaf,real,139
train/1405686/734039a39762f9a52d021d100a34f4ec874e5cb6.jpg,1405686,leaf,real,139
train/1405686/aa8676b18355459e63406723d3cd5612a6e3ccc6.jpg,1405686,leaf,real,139
test/1405686/301d815ca284cd8a331c0bf3d0323da93cc057b6.jpg,1405686,flower,real,139
train/1405686/66063e5f0c2f707675311317b2f619127f0c2935.jpg,1405686,leaf,real,139
train/1405686/a1d3c885112813825c16745cfd8df3e3db461176.jpg,1405686,leaf,real,139
train/1405686/6c20a09751b1f63a367e50e74764eedd1bbe18e3.jpg,1405686,leaf,real,139
train/1405686/bf66e1d4e042563b76fd1a82253bb65000772f98.jpg,1405686,leaf,real,139
val/1405686/2a4d4fe8b98d41a696c39403008c7d8d38e67a8b.jpg,1405686,leaf,real,139
train/1405686/f7c5f82c8ea5543cce61d3c35e6f2d281cd57a40.jpg,1405686,leaf,real,139
val/1405686/2dba5f743a84a4ae5d220a68815925c700c065e0.jpg,1405686,leaf,real,139
train/1405686/bcb2d87d54fe7d72880bbc88300dde5f53f4250c.jpg,1405686,leaf,real,139
train/1405686/c14de0cb5e6bd5f9af7b88b6e5f5650e8d7ca348.jpg,1405686,leaf,real,139
train/1405686/6609d0f444025eb023a9d0b0ba4ac5ef0ba4407e.jpg,1405686,leaf,real,139
train/1405686/5376c267b95d1cf26ddffa3a68c4f99ff7131ca9.jpg,1405686,leaf,real,139
train/1405686/bd8605cc5a94413ae8098092218ca1dd88c032b8.jpg,1405686,leaf,real,139
train/1405686/83b7108329b1d8267306d0fe99acf4c88bd8e544.jpg,1405686,leaf,real,139
train/1405686/c2c0f4e3ddd9619b822390b619372833af35e02e.jpg,1405686,leaf,real,139
train/1405686/1121ca5f0d8cc0ad7558737fc01347dd95415238.jpg,1405686,leaf,real,139
val/1405686/2eaa11361132aa71031f8595af1cc3b8935e33ef.jpg,1405686,leaf,real,139
train/1405686/3f5b9daaba42ecebc9fd7474edd81cfc972eb1b0.jpg,1405686,leaf,real,139
train/1405686/0097ee88b369f0c610b72bf0397d427e613b376c.jpg,1405686,leaf,real,139
train/1405686/e01d19a04d2a4941998987cb19649a76b4cc7c42.jpg,1405686,leaf,real,139
train/1405686/2be07fdab1e2b969e31a495d1665a03f02e06153.jpg,1405686,leaf,real,139
train/1405686/21dc74d2e39356fbf763fc5f7b6d7b957e2eeffc.jpg,1405686,leaf,real,139
train/1405686/4a9cd011dbfb1019eb6c3980dbd675fb1ecc77f1.jpg,1405686,flower,real,139
val/1405686/d8c392935a9b9bcb15693f22c6cc058b90f3ee20.jpg,1405686,leaf,real,139
train/1405686/fc2585e80a66dce234689e57f5b7f4bfdad08758.jpg,1405686,leaf,real,139
train/1405686/52c0ab06dc950e68addd89ca5bd41a18bc02992c.jpg,1405686,leaf,real,139
train/1405686/178aba64762f3c8aead931de573291b91b546e9c.jpg,1405686,leaf,real,139
train/1405686/e0a4f24b1732239cfdcfc1727b8784c17637272b.jpg,1405686,leaf,real,139
test/1405686/cb60ad1c765c69abfa64e385c3ee319e4e2b6cca.jpg,1405686,leaf,real,139
train/1405686/62462d3c3ceaecb23ed5d13f1c4f6e81c285ef68.jpg,1405686,leaf,real,139
train/1405686/5771f6e6bc223e7a9db3680adbff6cf393753339.jpg,1405686,leaf,real,139
train/1405686/5f2079db78af2873a52bf85abce8c347ee5d529f.jpg,1405686,flower,real,139
val/1405686/e85e633a4b29f79438e3682923af88274f2b5781.jpg,1405686,leaf,real,139
train/1405686/4d512137f2f7324c774ba961b2aa3f8f1287a5e6.jpg,1405686,leaf,real,139
train/1405686/58433d5de5ff503df9f57087a6d1cf3875397778.jpg,1405686,leaf,real,139
test/1405686/2875ff7978f88faadbd180f79bf09796be6af9be.jpg,1405686,leaf,real,139
train/1405686/db6af1121a30f63c16997584910db3738289d744.jpg,1405686,leaf,real,139
train/1405686/e1e914f11e091392148fbca6118f0263115ebe28.jpg,1405686,leaf,real,139
train/1405686/c4b44fc1944d469d6b592e682d9cffec811052cf.jpg,1405686,leaf,real,139
train/1405686/266237cdf652ed775838541a285acb07953fa1ac.jpg,1405686,leaf,real,139
train/1405686/114e140605f963d2e09b0fb79309e81d94fb523f.jpg,1405686,leaf,real,139
train/1405686/835393abf7d345aa92fe1f73a5c645e55b7b5227.jpg,1405686,leaf,real,139
train/1405686/75803f6e45d74e88778da163ab65eebfff9af299.jpg,1405686,leaf,real,139
test/1405686/01bc5f1accd9d24bdbcb84a214ed07d8a1914a08.jpg,1405686,leaf,real,139
train/1405686/b310ccb346fd993f65cc390e690dba531eb3f732.jpg,1405686,flower,real,139
train/1406426/19b852c8b40bfa7ca5c5eff883d6db33c4ab12fe.jpg,1406426,leaf,real,140
train/1406426/582f24c63b8e553e4455b6e08c317efc92131c34.jpg,1406426,flower,real,140
train/1406426/bfa6d6cbee28cb5a4b34b0290ed581eec86a3244.jpg,1406426,leaf,real,140
train/1406426/e38f072cdf3287d09e27f72696c1aaac8851a014.jpg,1406426,flower,real,140
train/1406426/32cb4e1e5ae84c79b8f3752186b71b3b08c0cc3c.jpg,1406426,flower,real,140
test/1406426/1742b6f642f564e6a3923cfa2f4d0c8d6bb73997.jpg,1406426,flower,real,140
train/1406426/3a00f5ac4a50bf9b06339cc105b3ab0e9ad4e595.jpg,1406426,leaf,real,140
train/1406426/d45b1a8835d373ad70b4072adab095c3db3102e1.jpg,1406426,leaf,real,140
train/1406426/696e2b18991c8de47948c25d2f977c6852133ef6.jpg,1406426,flower,real,140
train/1406426/7a6541f91f396ef782f7551fd70d88ae0dabcab1.jpg,1406426,leaf,real,140
val/1406426/adbdd5924fab35f13d5cf3942f9bb453ccc7bec3.jpg,1406426,flower,real,140
test/1406426/20447c2cdb1208f039574795e7fe9c6c12224567.jpg,1406426,flower,real,140
test/1406426/198f83d4caae0a32b875319caa15c157a3463cec.jpg,1406426,flower,real,140
train/1406426/25dd19a7418c002b5e3e3717121dfc3d0cabb389.jpg,1406426,flower,real,140
train/1406426/838a01006970f07f21485802d9cb13e995fbc91c.jpg,1406426,flower,real,140
train/1406426/09560650687a8b7d7fdbddbc391e5a45d3ed0110.jpg,1406426,flower,real,140
test/1406426/52b7d2f81cf1805a92986596c33acb17cfa6b786.jpg,1406426,leaf,real,140
train/1406426/c743ccbc3758a3e438bceb330966198b4a37d72f.jpg,1406426,flower,real,140
train/1406426/f13c5136bd16b2251824a5b7974e1ba82f3e39ef.jpg,1406426,leaf,real,140
train/1406426/7539007e85f97ac708d08daee6b06d056dcb7b93.jpg,1406426,flower,real,140
train/1406426/3391ad7427804da36d66cb18c736d6abf9f4287b.jpg,1406426,leaf,real,140
train/1406426/b97c361a21c74d382f60885d53cb24d21aa68b0d.jpg,1406426,flower,real,140
train/1406426/d2c47f17adfa3719d5334df3107c63b2ebd66d99.jpg,1406426,flower,real,140
val/1406426/9e7bbb6aab7c567cd6811f0f8c6416a1b9997597.jpg,1406426,leaf,real,140
train/1406426/8f97b2dc5b8ae306deec8dc5d2bd3aee328d22fb.jpg,1406426,flower,real,140
train/1406486/57fbba677660b23e480b8de613a40263cdf2cc26.jpg,1406486,leaf,real,141
train/1406486/cad7446d320e08140982b2b90005fbf7de472582.jpg,1406486,leaf,real,141
train/1406486/b8d419b3a0ed833542c02c222e8baa5fee91352f.jpg,1406486,leaf,real,141
train/1406486/a4b7cd1ecab76491dddd3a2235bf30a313d95179.jpg,1406486,leaf,real,141
train/1406486/b0e027834dd8727abf27ff354312d7ec2b07cac8.jpg,1406486,flower,real,141
train/1406486/31eaa77fcff9406c4ef0d1f01b68a0ac55d880fe.jpg,1406486,flower,real,141
train/1406486/e7e289cecc4e09b2db43c5c291b270c41a496947.jpg,1406486,leaf,real,141
test/1406486/969ba3c2918eecfed9b181383cbbb72ff06e3cc2.jpg,1406486,flower,real,141
train/1406486/bc79c43b0b03b78bfdc3dfe1608d9c66e8a8715f.jpg,1406486,flower,real,141
train/1406486/ad09e04ca387668d040c8b665ad97e25c250c7e4.jpg,1406486,leaf,real,141
train/1406486/a596f26c0514b5a997d104fce877dd2661dd3a41.jpg,1406486,leaf,real,141
train/1406486/fecd680326e33358391c7db3ce7a327525b36a34.jpg,1406486,leaf,real,141
train/1406486/4d10fff9962bc0494c38086b3b53816fe5a3b9f6.jpg,1406486,leaf,real,141
train/1406486/8fea8059a46211fe738be966cf08d99880e31103.jpg,1406486,leaf,real,141
train/1406486/09b2f72e139b59206c2530b53594c7cee116247f.jpg,1406486,flower,real,141
val/1406486/935cab4f624599b8c0ac755e097cca30a0891e73.jpg,1406486,flower,real,141
test/1406486/ced1ea3ef55ee27d3961dacf9730e1cc8ba12cbb.jpg,1406486,flower,real,141
train/1406486/fac7c5376e97b0f9e0fa03a95e4b71168b150018.jpg,1406486,flower,real,141
train/1406486/eba16c583055ee14469a55649b9a204f974f1ddc.jpg,1406486,flower,real,141
train/1406486/8d6f9570f15c2b587fa5357dab8f93ef3c67cbcf.jpg,1406486,leaf,real,141
train/1406486/786d452fdcb533c4d06b35c77e96040c8082d737.jpg,1406486,flower,real,141
train/1406486/e8577f9471e9f0ab70d5be8a1db543b47e526e89.jpg,1406486,leaf,real,141
train/1406486/2db0200144d2cd618d7e488f9cfbfb6e8f54c07a.jpg,1406486,flower,real,141
test/1406486/bfe59a3e64ef000ff35120c5d40b2b634d5232a0.jpg,1406486,leaf,real,141
train/1406486/07eae2f42b624d085c410a3ca62c4ba0c13b6cb6.jpg,1406486,flower,real,141
train/1406486/50a233ca0c7e722b2e8116d70045046f6f74ca3f.jpg,1406486,leaf,real,141
test/1406486/770535f432d1ccf1829d631a24fed673550ed8ab.jpg,1406486,leaf,real,141
train/1406486/42d2b856504247c42981729b5c68e7bb436f2c23.jpg,1406486,flower,real,141
train/1406486/77dc9d18402a01b5bc19c4c69b31bdbe67b08652.jpg,1406486,leaf,real,141
train/1406486/85edc160616fdd371a7e8fd4924289eda71776a6.jpg,1406486,leaf,real,141
train/1406486/6dbda3af41810e7cecae8f080acf19c79799e629.jpg,1406486,flower,real,141
train/1406486/f5f94009a33ba4ac5855ac195f90f4579843694f.jpg,1406486,leaf,real,141
train/1406486/cdd6ee5880814c41cd73770b4cbbea094720526a.jpg,1406486,leaf,real,141
test/1406486/6d324f63db284fb90e79e8620507226d802eea1d.jpg,1406486,flower,real,141
train/1406486/a5c322ec74e2ac9827f75d991959721470b1158b.jpg,1406486,leaf,real,141
train/1406486/9b1697873068c9459365fac8131efef6b19833fc.jpg,1406486,flower,real,141
train/1406486/be4f37cfcfae227f5e0960064c3d12b8fbd22033.jpg,1406486,leaf,real,141
train/1406863/0374b4e408728cdfece712560fd1c6370b3d6a25.jpg,1406863,flower,real,142
train/1406863/2bb0ef4c82acc0cdd15fe036cea2139edfdf3b23.jpg,1406863,leaf,real,142
train/1406863/a932f3f9f9e0af0bb0d1a5b72c814f023a4004d2.jpg,1406863,leaf,real,142
train/1406863/086159ef9cbb0c70b9d491df3b9e9e7925fd18c6.jpg,1406863,flower,real,142
train/1406863/04009fc7b7a016f3ec08a0e60b6dfeccc4ddeaa8.jpg,1406863,flower,real,142
train/1406863/8a89975ba6ba6836c234ee3cc75e86da10632c1a.jpg,1406863,leaf,real,142
train/1406863/b4bc4586054b47b9890ba64c33318ebd74c989bc.jpg,1406863,leaf,real,142
train/1406863/df6eaa5d16fb42d6fc69de821697bde68e5c6489.jpg,1406863,leaf,real,142
train/1406863/a5a262099b2d08a304f77fcefc99af472d13c384.jpg,1406863,flower,real,142
train/1406863/3d8fc01a581618455e245677ea0fc6c5ab260f9a.jpg,1406863,flower,real,142
train/1406863/43cff81c7b17001e8cc1c8fbe56a6c75fd4e4e7a.jpg,1406863,flower,real,142
train/1406863/032747a15a877e9cb43516a239c0760503ac2707.jpg,1406863,leaf,real,142
train/1406863/ba33cd8dc363645980af28d2c5b18a06e8d37050.jpg,1406863,flower,real,142
test/1406863/98dc45cb73d8987a16611dbcbacd89f6200eb88b.jpg,1406863,flower,real,142
train/1406863/bc06c252fa1d4dd5b01492407a74c0f1649c26a6.jpg,1406863,leaf,real,142
train/1406863/548cfecc9e0bc15edc51eab004954dd75636d110.jpg,1406863,flower,real,142
train/1406863/3999e58e64394f62c29d9cdb186ca7a465e254c2.jpg,1406863,flower,real,142
train/1406863/4a4899f5a9df201d941bd9dccf2a2fd3893cfcd3.jpg,1406863,leaf,real,142
val/1406863/c1a71659213cea8fc0605f8ee0c005da4684146f.jpg,1406863,leaf,real,142
train/1406863/f171135fb7613fdf834898a28b312f4f68d73a28.jpg,1406863,leaf,real,142
train/1406863/c39047a1f9d2c8068b0bb62081ad3ba68294bac8.jpg,1406863,leaf,real,142
train/1406863/cd7f5d7a5cd85e19dd57bd73822b0f3421de00e7.jpg,1406863,leaf,real,142
train/1406863/87d62f8cdf599926e927c0dc5cc8b1eae3f7cc41.jpg,1406863,leaf,real,142
train/1406863/5953cd27097536a2a11afb9400a8e083ff0c8f19.jpg,1406863,flower,real,142
train/1406863/8846c0bf3508b159c83db6984b0fdefb549d9ee9.jpg,1406863,leaf,real,142
train/1406863/e9ce540ee2483db0a8d5d1b757d56dc8bfee8f37.jpg,1406863,leaf,real,142
train/1406863/806f441453758ef043113d2c6beacdf1e1319c5e.jpg,1406863,flower,real,142
train/1406863/eda9c2661cd4cd56a21fdd43c5de1d60a686506f.jpg,1406863,leaf,real,142
train/1406863/48c27e1dd4d1f031ae60b5fcd551162ca778ea12.jpg,1406863,leaf,real,142
train/1406863/348688f2be9db0d26fd2e4fc5142a75ca815fbfb.jpg,1406863,leaf,real,142
test/1406863/293753a32af88385799c85e588529f6ea1f5ec29.jpg,1406863,flower,real,142
train/1406863/5f18717b234bd13ef71dcca3de7b1eb9f2d8292f.jpg,1406863,flower,real,142
train/1406863/34b14a17394cab9ec02893e203b1a70edb1505fe.jpg,1406863,leaf,real,142
train/1406863/3baee2e1e361d1a0e18fef556356ebd211099fc9.jpg,1406863,leaf,real,142
train/1406863/630bfd87cfee0ebd7e206962a120a1a6cb863c6a.jpg,1406863,leaf,real,142
train/1406863/7f3c0f1c5171e55ee72272a995817fe738a63e44.jpg,1406863,leaf,real,142
train/1406863/60557ee0d21d5794a1e0ce251ed49e69a1edde1e.jpg,1406863,leaf,real,142
test/1406863/c833d550d1d2cb3be31fc3a748bb89d3d26530cc.jpg,1406863,flower,real,142
val/1406863/28d0447da288dcdccd6ae2cb8f990d8385ce2f97.jpg,1406863,leaf,real,142
val/1406863/8eccf246f73f105c74ef563f8f42619359821bcd.jpg,1406863,flower,real,142
train/1406863/67356a2afa3640c372c8877a282adc58f93a9b89.jpg,1406863,flower,real,142
train/1406863/3534164654b8aeeac3215339f5dd9b6db1ede847.jpg,1406863,flower,real,142
train/1406863/4a99c6d495b550f92470493d1150e872e04b8e89.jpg,1406863,flower,real,142
train/1406863/9aa7366170afd1bad243aaafbf0b5b9b8f271402.jpg,1406863,leaf,real,142
val/1406863/34081946694565c9aa67af3a94058ebc33250a0d.jpg,1406863,leaf,real,142
test/1406863/83e32f55cedfbb695fe3653d0b79825a8d09f8a1.jpg,1406863,leaf,real,142
train/1406863/11ec65ccdd0eae97f28f295b20ff6366a05a8b9f.jpg,1406863,leaf,real,142
train/1406863/5cb19498eab60febf9980ae7308e004107ce3ea0.jpg,1406863,leaf,real,142
test/1406863/d76009c0e8935287ba505221a3bb67bcefe9d078.jpg,1406863,flower,real,142
val/1406863/d36973a6f0d3c8469c69cd903296e09d05b39626.jpg,1406863,flower,real,142
train/1406863/a00466abe0f76b5922e62f5f0aa187efa3f34085.jpg,1406863,leaf,real,142
train/1406863/ce801c0d424b4b81e74ee4dfa8f7553451af5ec5.jpg,1406863,leaf,real,142
test/1406863/4b16acbf8f2ebfeca8ed9ed756a912deee8c8519.jpg,1406863,leaf,real,142
train/1406863/ba9e4edcb6e753380eb591b01dbe2140c5230be7.jpg,1406863,leaf,real,142
test/1406863/6ae6e2b7459a431a74af91469adf790a574c6970.jpg,1406863,flower,real,142
train/1406863/d0e79d804cc4236487abbc1af9aa6e30e17239ca.jpg,1406863,flower,real,142
val/1406863/3d54fa357eebdfaf8b8832039bf4e155d5ce59e4.jpg,1406863,leaf,real,142
train/1406863/0a477652fe73a9be8f2eba20b3169d3551769524.jpg,1406863,flower,real,142
train/1406863/fe4d8b78dcdca80ec903a13a5af35494eeed885c.jpg,1406863,leaf,real,142
val/1406863/470f20eea753cbb997f1610514d0e764887249ce.jpg,1406863,leaf,real,142
test/1406863/8518e69925eaaa1759a278a5d8c3c8548a6c7990.jpg,1406863,leaf,real,142
train/1406863/0f0a7b2277b24dfc78cf15559c6380b2c83b359a.jpg,1406863,leaf,real,142
train/1406863/a921341f69f1c51f22738f2d10201402f2fcf693.jpg,1406863,leaf,real,142
train/1406863/91b3e06ef311834faf87dea46a6d2fa44971d924.jpg,1406863,flower,real,142
train/1406863/6756e61051da1aa6cef3d897f5b53ebb091774b2.jpg,1406863,leaf,real,142
test/1406863/ca981a4c911f0426744523c35447571bcb6fb3e3.jpg,1406863,flower,real,142
train/1408214/ae534bb316095b43634b22471d0f0bc12378bfeb.jpg,1408214,flower,real,143
val/1408214/896a1700eb3a8d8489101539dd50ec18d1fe10d1.jpg,1408214,leaf,real,143
train/1408214/db1c5956bd756fd84537931f9452594f58e3d7d0.jpg,1408214,flower,real,143
train/1408214/c36904007769e063141475ead4c354a0b5a469e0.jpg,1408214,flower,real,143
test/1408214/66d38cdda518e17ff47b4a4f1ec978175607e872.jpg,1408214,leaf,real,143
train/1408214/10bb34971084dd50ede8cf1c130ad1a840e4ec5e.jpg,1408214,flower,real,143
train/1408214/e6921669d0a103c972de73af4a000fe8cdc3c630.jpg,1408214,leaf,real,143
val/1408214/22cbbf69f39d4264ea88afa407c7958cad6d6dc0.jpg,1408214,flower,real,143
train/1408214/a3758e8ec6bee4b2ac1eb2f45e79db7c777e1219.jpg,1408214,leaf,real,143
train/1408214/447bd01b5807c600bd3ef3b687f0b09ab19bf770.jpg,1408214,flower,real,143
train/1408214/36a7c08756bc747bfa2fbff319272ce6d7783b31.jpg,1408214,flower,real,143
val/1408214/b64a094897a8d503f073e65d4312f7ed012189d4.jpg,1408214,flower,real,143
train/1408214/c19e4d563c008c5e64180f746c18cf8d402a6178.jpg,1408214,leaf,real,143
train/1408214/22511ea4b353c3b834bf6a132e4200a73a288d06.jpg,1408214,flower,real,143
train/1408214/590eef93bc6a636939bf3db07091a12c1c1f4fe8.jpg,1408214,leaf,real,143
train/1408214/d003b82aacd9dd8d44ae4e2e52c0b175a97c6e60.jpg,1408214,leaf,real,143
train/1408214/db6f452e8116423a0f12c81a7afc3fa3b82c5917.jpg,1408214,flower,real,143
test/1408214/cf0f60fd4790a8a0d19494d9eb8c715ae177658e.jpg,1408214,flower,real,143
train/1408214/9a6bb72b8edc358577cb1ddd5be7714f368a9cd8.jpg,1408214,leaf,real,143
train/1408214/7b9cac232b79354ff41bc975b6159e4b7e99c1e7.jpg,1408214,flower,real,143
test/1408214/2693123b1fe72d5809555dce2f027833f0f4b061.jpg,1408214,leaf,real,143
train/1408214/c07f9ea851c8cc7b1ea1d57310c1a9cf2dea9dd8.jpg,1408214,leaf,real,143
train/1408214/f74ecaa4d5b31d44c74641a8953b2ed74df2afcf.jpg,1408214,flower,real,143
test/1408214/afb9bd10159778431e86669fe76037d10a3e8b0c.jpg,1408214,flower,real,143
train/1408214/661ebb6717d2c3209d707e18bb587fe3a5f9fd4f.jpg,1408214,leaf,real,143
test/1408214/f7331b7b3bb25714be067f37ae454ecb6bda49ed.jpg,1408214,leaf,real,143
train/1408214/d2a0445de486a5e18a3dd9c3df5849c95f590595.jpg,1408214,leaf,real,143
train/1408214/a47031590f22a599d610997225bca9e0c2383793.jpg,1408214,leaf,real,143
train/1408214/235815e4b17ad07ae5c66b82595aebe324a5d174.jpg,1408214,flower,real,143
train/1408214/224386d3fd0590ea8900027b431d26fcaacf3383.jpg,1408214,flower,real,143
train/1408214/39ffdb0108e803bcb1ff36e7976188a87a2d5d2b.jpg,1408214,flower,real,143
train/1408214/a6284c1594930b46f35e38493baa7877a7425dc8.jpg,1408214,flower,real,143
val/1408214/388d03d0eae5643b80b425945a02347853f87df3.jpg,1408214,leaf,real,143
train/1408214/5a8fa48e6f4ab3fa75d73328147248149c2ced83.jpg,1408214,flower,real,143
train/1408214/627925b5b13b6a84844a08572a40490d20e1bf7f.jpg,1408214,flower,real,143
train/1408214/171997dfc197b117fc3deed9db43d4ac6744ea1e.jpg,1408214,flower,real,143
train/1408451/95d2da4d4945c0869f188fa95da78c884deb572a.jpg,1408451,leaf,real,144
train/1408451/667bdd3b5998f0f2ed24d9f2c78d7a10855f0eaf.jpg,1408451,flower,real,144
test/1408451/7667c2d461a72bb1c6e912e89ea8f6cefda2f1e6.jpg,1408451,flower,real,144
train/1408451/cf8d86dd3342741e6fabc3a03927142ea2f05382.jpg,1408451,flower,real,144
train/1408451/a998fd0789787ab64a7cf804e502013d57f1e734.jpg,1408451,flower,real,144
train/1408451/c76f64e9091835c3801c4497319353b5b130779d.jpg,1408451,flower,real,144
train/1408451/d020b91921224eec3f0b69cf8a0a6cf0c6b71239.jpg,1408451,flower,real,144
test/1408451/09637a9b05042916ff0009a13454ad4cb6b7eb61.jpg,1408451,flower,real,144
train/1408451/82426cb14843a674384ec0508719ff74eab3c821.jpg,1408451,leaf,real,144
train/1408451/020919a880d9fad6eda017f4b0e9e6011193c9b6.jpg,1408451,leaf,real,144
train/1408451/4542400c9e5daea6e421a355445e55d0c8e76153.jpg,1408451,flower,real,144
val/1408451/0a362b091a1169fa2440e2e06066a953ef09a4e8.jpg,1408451,flower,real,144
train/1408451/19c1f93015309fe9924ed05848c37481af540352.jpg,1408451,leaf,real,144
train/1408451/4a2fa0d04e942d8de5b15305bdf85248c62016db.jpg,1408451,leaf,real,144
train/1408451/5b48c09cedd54ba6bcaff8f5b7f8e4146d8ae54b.jpg,1408451,flower,real,144
train/1408451/546d528727e3cb9fe57b32685269dab4250e17ec.jpg,1408451,leaf,real,144
val/1408490/2cd63133235777bf1b8aa16299c700c531bc8425.jpg,1408490,flower,real,145
val/1408490/403f0b949473e05efb61daea4d870155168657d8.jpg,1408490,flower,real,145
train/1408490/b7c23256d94547d2d66337c2740cbf36b154cf57.jpg,1408490,leaf,real,145
train/1408490/8f60e8ab2fe499ea321e30604f41e35cb3cf1dee.jpg,1408490,leaf,real,145
train/1408490/d9dabbff9ec4f4481ef8e962777fe44e15e2e2a7.jpg,1408490,leaf,real,145
val/1408490/7d09e1ec2c427a48b73107e333c9250c1beb49c5.jpg,1408490,flower,real,145
train/1408490/ad47458f026b3dbad475e1129b0a09f9ccaf10fd.jpg,1408490,flower,real,145
train/1408490/5b788138a0a212fc44b456a8b585f1caf35a85e2.jpg,1408490,flower,real,145
train/1408490/2ec2a3a8a47c3d60756bf53ba5b8ddbdc5e73826.jpg,1408490,flower,real,145
train/1408490/bdd6022b9167ff0c8ad0bc1cf47700db85bce6ff.jpg,1408490,flower,real,145
test/1408490/b62ff6095f5c437d616783c4dbec2f33353e2482.jpg,1408490,leaf,real,145
train/1408490/13e308d39e442028b999ec444fb6e9990dbaad3a.jpg,1408490,flower,real,145
train/1408490/6b89f0357872437f5b6539e40b671364cf7ec36b.jpg,1408490,flower,real,145
test/1408490/e8e0842ce125461048d2682cac827f79d228b1bb.jpg,1408490,flower,real,145
train/1408490/a48589b6a69fbfe25976d6606135ed483f1502b0.jpg,1408490,flower,real,145
train/1408490/1c16604500f4331aa59a284ee2f1f32dbf690780.jpg,1408490,flower,real,145
train/1408490/f44e3254433d123edfaeac3ee8b5caf4035c18d1.jpg,1408490,flower,real,145
train/1408490/f30394aa1d736aee45c888b972bd6b47da83d960.jpg,1408490,flower,real,145
val/1408490/e01a42c6d531cc750274cdd26a0faf2ba0ff907d.jpg,1408490,flower,real,145
test/1408490/b248fcda9e9be25d0e2da94591fc7e83a204e2c3.jpg,1408490,leaf,real,145
train/1408490/f51f8da5f11f14dc85ad68630179670e76a5821c.jpg,1408490,flower,real,145
train/1408490/0d65ae22f9afbf9c4089a51b0d267ac12bebd148.jpg,1408490,flower,real,145
train/1408490/a652791653f8c4144d207ca875297ea073a030fc.jpg,1408490,flower,real,145
train/1408490/f8fff229ba78ab5dc2909c78570f70fdcc96084b.jpg,1408490,leaf,real,145
train/1408490/80706c082f624a3e98a5c2ef723127aa33037a04.jpg,1408490,flower,real,145
train/1408490/0ee1a3a951bae69468832edeade4765b9117114f.jpg,1408490,leaf,real,145
train/1408490/e65000d8504fe2bc12e1acf501a2c38de9ae4938.jpg,1408490,leaf,real,145
train/1408490/c5bc3b8e843ba0375b924e66fbec07cb68f6237d.jpg,1408490,flower,real,145
train/1408490/0ee8a5465921482352c896615b75416b2939f59f.jpg,1408490,flower,real,145
train/1408490/990965c8f440f29e898cddec31a6986ca25eed7c.jpg,1408490,flower,real,145
train/1408490/550073761b84d9a23220951642db5dc4e60723fb.jpg,1408490,leaf,real,145
train/1408490/d605bd7e665cb586a5563d541415ebe6aeac08aa.jpg,1408490,flower,real,145
train/1408490/33603dd73c3e998277720e103ad2750d79b22793.jpg,1408490,flower,real,145
train/1408490/2af4528853c05a0ecd7cda88b15d870fce2f6acd.jpg,1408490,flower,real,145
train/1408490/f183291c05ff152f93ad624406acf4c55f843651.jpg,1408490,flower,real,145
train/1408490/5f25208465946d09d363778b90c428fbe8e951ba.jpg,1408490,flower,real,145
train/1408490/7f542002610bc9f693e0ead92822400d5425ef6b.jpg,1408490,flower,real,145
train/1408490/01e075fe640f749e8b795668796f6adf815acffe.jpg,1408490,flower,real,145
train/1408490/0979f48deb9e837612bee7114fb6705de2b699aa.jpg,1408490,leaf,real,145
val/1408490/e0762e5759e1fce0bea7867b5916b31a7132f7e8.jpg,1408490,leaf,real,145
val/1408557/ad1c8ff130e4ba5e612f66cbba60f3e03b3cddd4.jpg,1408557,flower,real,146
val/1408557/19b8073cdefc6d6b6fbf04de1bb6a6674e42bb5f.jpg,1408557,flower,real,146
train/1408557/1497cc79e01af6fa272dedb9972e103e48ff3a19.jpg,1408557,leaf,real,146
train/1408557/f54fb58d9534e02394c68042449abf13522f23be.jpg,1408557,leaf,real,146
train/1408557/bcf071cf1e96681cc6a4dfa65dc2c241750a5251.jpg,1408557,leaf,real,146
train/1408557/d6468d5138c8ddc5f64b3b3d2b3552f89a140e25.jpg,1408557,leaf,real,146
train/1408557/86b622975952e3985b2ba15861ef9fe5689b4bcf.jpg,1408557,leaf,real,146
train/1408557/8dafb777c9289a18bd226f6289b8bbcb6f4a86cd.jpg,1408557,leaf,real,146
train/1408557/d39347d7e4314638ec8c3029149b6dd4072d2e57.jpg,1408557,leaf,real,146
train/1408557/bd24e397f5b48dc6f7b0d14079fbddbd64ce1f89.jpg,1408557,flower,real,146
train/1408557/68cb0aeb061d9cf52880531bc0826d1222d8ee13.jpg,1408557,leaf,real,146
train/1408557/9e55fd82163142120ed777e2d031d3bc1f36e533.jpg,1408557,flower,real,146
train/1408557/ed6da68a73f6a9fa07e6114c914d43785bb486c3.jpg,1408557,leaf,real,146
val/1408557/f8f8e0fc9381906b5eafd3412f0f831b655407e2.jpg,1408557,leaf,real,146
test/1408557/f26c4d77befeaf8de03441b796743f834b4d05ef.jpg,1408557,leaf,real,146
train/1408557/2d6857b570c2eca173c2c7064348324e2e2f011b.jpg,1408557,leaf,real,146
train/1408557/4526c923e5dbc87259ce88d335408e3d4b40d111.jpg,1408557,leaf,real,146
train/1408557/ff7f199dec1b02e24dae9820e513789842959c4b.jpg,1408557,leaf,real,146
train/1408557/e09e5440ecd4815ae02be0834ab501bea70797f0.jpg,1408557,leaf,real,146
train/1408557/d8be47af0c561984d0ca1e9fdfe735a7cb545789.jpg,1408557,leaf,real,146
test/1408557/6b1ceab6549d20d7d1d039cadd07b58ed56956be.jpg,1408557,flower,real,146
train/1408557/0af37fe65363e712985a8e99b794d69549c2407f.jpg,1408557,leaf,real,146
train/1408557/da522a34a33e4e2766473a5cbc88baa4bdac9c0f.jpg,1408557,flower,real,146
train/1408557/8b21f75a421a33087ecdf547638e01237ec9a610.jpg,1408557,leaf,real,146
train/1408557/fc711f1536a7c2785e895d4e86ba218562bc12c7.jpg,1408557,leaf,real,146
train/1408557/246661b8824d7dfac7e1844b8ba9b28f488ca444.jpg,1408557,flower,real,146
train/1408557/eac71be565addefb1d7ee233ce3f210037737eac.jpg,1408557,leaf,real,146
train/1408557/624302882b4704e3b4cf5c48bed3ca861e305991.jpg,1408557,leaf,real,146
test/1408557/32f51efb46ffd24638623ce7f7830bd190591405.jpg,1408557,flower,real,146
train/1408557/af2c69e5697919625e6ffeaa459faefcfee5085b.jpg,1408557,flower,real,146
train/1408557/764e48ab45798913ab8aff9d457b1c3a712f320c.jpg,1408557,leaf,real,146
val/1408557/309d5185f13e861ffa3a62e74e806266a8531129.jpg,1408557,leaf,real,146
val/1408557/fe79a3bcdf1ef4014938801e0e37b0f33bfb7f64.jpg,1408557,leaf,real,146
train/1408557/d9d294178d99bab61c0832e212f098bdeb421b0a.jpg,1408557,leaf,real,146
train/1408557/a7c730bc4c00d61fd2b13b0e3e1c6590d9437c15.jpg,1408557,flower,real,146
train/1408557/727c6f2cb07fbd6c469d01dcddf9af1f53c00866.jpg,1408557,flower,real,146
train/1408688/a84c21601d69380b284241a5fa04e7f77a9fd06c.jpg,1408688,flower,real,147
test/1408688/5bf22dd5f39a52d27e479b2e57575d395a34fc76.jpg,1408688,flower,real,147
val/1408688/54724f3aff799561c58fdb27278ae3fa0939e02e.jpg,1408688,leaf,real,147
train/1408688/c34b747789b06d26a737f148a94911c671b3fd9b.jpg,1408688,leaf,real,147
train/1408688/36b33b326ab94f247da6bad342a77778ceda66f3.jpg,1408688,flower,real,147
train/1408688/8facedd9d460ef325ef0a4441895a3b4d07c8129.jpg,1408688,flower,real,147
train/1408688/37cf5fb84a4fe693dde3bef600397b3a7bedbd2e.jpg,1408688,leaf,real,147
train/1408688/b844bc3058dd00d8fc03645a727d350e20623d49.jpg,1408688,leaf,real,147
train/1408688/c8bfd68b5eb807d790a83234e02d5c4bee1079f6.jpg,1408688,leaf,real,147
train/1408688/662f0f38ccd8de1253904ea8956f8660056e9638.jpg,1408688,flower,real,147
train/1408688/71a81c2fe9bb23c7af86f2fdc6fafdb6abb79fb5.jpg,1408688,flower,real,147
train/1408688/24e187ff164719cf353ee9db2a41f29b82911235.jpg,1408688,flower,real,147
val/1408688/13cf98cf916f708d88738c3f184a5e69c4b2850a.jpg,1408688,flower,real,147
val/1408688/4f40ee94ac08b0ae661841658d54f506cdacfe0c.jpg,1408688,flower,real,147
train/1408688/ecb071baf86173bcc9e147dd0c8ca50e93ea181c.jpg,1408688,flower,real,147
train/1408688/86fd91eaed47c444625b61cfa296cce737ec83ed.jpg,1408688,flower,real,147
train/1408688/f38aede43e9cd68c5490754f6911e1ec804af767.jpg,1408688,flower,real,147
train/1408688/a13c4581dd1bdd19e29a5ab3aa8366537e7b3f41.jpg,1408688,leaf,real,147
test/1408688/41b3b39c06b58c6555dec1774775ec28e9966f0e.jpg,1408688,flower,real,147
train/1408688/2c95ad21f2236a83537d342039ff9d5910a293e6.jpg,1408688,flower,real,147
train/1408688/a4f4d2a1b2c7783dedda820d8c5cb1170b605442.jpg,1408688,flower,real,147
train/1408688/14695f721c7f7b5bc597e979bc0738c67e38f3f4.jpg,1408688,flower,real,147
train/1408688/2f1002e918f7c2fdff6e8334e4a7ff1cd078e902.jpg,1408688,flower,real,147
train/1408688/c6076570a2396c2a61a86bc9a4ea82dc7c3d959a.jpg,1408688,flower,real,147
train/1408688/5637fab8c1b9f76eb66193e03b9b76515ede9e23.jpg,1408688,flower,real,147
train/1408688/6f23919cde4bf9dcdc07bdb080958ecfb01866f8.jpg,1408688,flower,real,147
test/1408688/81d28aa2d130d8c10bea039f05442008234d4203.jpg,1408688,flower,real,147
train/1408688/3d56e09b6787f6aa07da8663506195792d7e2f91.jpg,1408688,flower,real,147
val/1408688/48e2b1ba6c071b93fb9fd18897fc412c95e868ee.jpg,1408688,leaf,real,147
test/1408688/7d3627f119d7a5d904d9a791aae00b941a8c3317.jpg,1408688,flower,real,147
train/1408688/8b16a0f0986d45d8f9bdfc7114d3a6ecf4843164.jpg,1408688,flower,real,147
train/1408688/a4631461802e42aef6662058a9cd86ff5b6fe9ef.jpg,1408688,leaf,real,147
train/1408688/6f300b759e6c68efeaaa1530a4e42c2449a286fe.jpg,1408688,flower,real,147
train/1408688/1798538141cf63fb613920c6be328b7b2ca0f385.jpg,1408688,flower,real,147
train/1408688/58993b4349793fc9e0f6b0955c5811630ce464ef.jpg,1408688,flower,real,147
train/1408688/9e96cd8c1d4e3892773ad35455146d0890f4eaed.jpg,1408688,flower,real,147
train/1408688/f4adc915ad400e0577bab4fd8844305e92cd2090.jpg,1408688,flower,real,147
train/1408688/0530792f8529a834adff01d9f630bd283b21503f.jpg,1408688,flower,real,147
train/1408688/963536dccf12708821fb692990e12faa8237ebfe.jpg,1408688,flower,real,147
test/1408688/a8872de02962b62af606994ea3e4be5b5427b0f9.jpg,1408688,flower,real,147
train/1408688/d8a7f1d1a6550d57d0156d371e83e2948775de5c.jpg,1408688,leaf,real,147
val/1408688/18f572ad638c93649577cec15b95e55d9ee28188.jpg,1408688,flower,real,147
test/1408688/6860b2f0b9f0d4bac841d18cf2fe225bcfe83e61.jpg,1408688,flower,real,147
train/1408688/7a8de0f98cc0accbc3f92631d71b6d21b60f6aee.jpg,1408688,flower,real,147
val/1408688/c6ca6b8bfbda0ded5ed5efb0a498db6698622be2.jpg,1408688,flower,real,147
train/1408688/fb0f7bfeec1c2dd70384e74e561c934a33263280.jpg,1408688,flower,real,147
test/1408688/bb58cf8843587cd20e737ef6d8cea251aea0d163.jpg,1408688,flower,real,147
train/1408688/969830b98e08ca7dff79638039405a1651952efd.jpg,1408688,leaf,real,147
train/1408688/4dab44373030c621cd0c8e4f4a52f834f55423e5.jpg,1408688,flower,real,147
train/1408688/8b8569944469e3c39dbe75575ca95ae528136c88.jpg,1408688,flower,real,147
train/1408688/18ce894ef3d0fbd2f624555475a23f411fae55af.jpg,1408688,flower,real,147
train/1408688/00fb80cb55019535140f777f50237137f078cf26.jpg,1408688,leaf,real,147
train/1408688/ce1de66f3be94c5a65dd8d02ee4de1f1f0931ae3.jpg,1408688,flower,real,147
train/1408688/490a62223bb9ee1e1691cc1c5e8c96221e8087fb.jpg,1408688,leaf,real,147
val/1408688/1f6737adabd87df466073902bf22fc0368ab8ca1.jpg,1408688,flower,real,147
train/1408688/78b368f03d2f327b7b5d994b2786438520262243.jpg,1408688,leaf,real,147
train/1408688/06737f45cca9e1e196359caea1e62fb2c4fac6b1.jpg,1408688,flower,real,147
train/1408688/844b9eab1b91edb6d57424056d979108893e49a1.jpg,1408688,flower,real,147
train/1408688/8b73d01cedc018770ac97280ce391431ce5cb6bc.jpg,1408688,flower,real,147
train/1408688/bcf4cf9545087b759b5844b4dcf5c27a88af543c.jpg,1408688,flower,real,147
train/1408688/304ae490bbd927ab7fe39fae0ecad7581252ff32.jpg,1408688,leaf,real,147
test/1408688/e9a31cf74f915ba6f05bd3cea4c7d1f0e87278bd.jpg,1408688,flower,real,147
train/1408688/8b9333f47b8f433d1358fd0f31d7044eaa5f6ccf.jpg,1408688,leaf,real,147
val/1408688/740cb3144b2a488c6a2b742b33f758dd4130f655.jpg,1408688,flower,real,147
train/1408688/505726c8678e6c61af2ae978362392ee60bbd4b8.jpg,1408688,flower,real,147
train/1408688/c3b5542e579bf8a2f1a512d86e975eb5ad43bf18.jpg,1408688,flower,real,147
test/1408688/08fa3a5e5343b0ec096b1708da236442cc0491c6.jpg,1408688,flower,real,147
train/1408688/ef4026900b542130ec47e9b9e408e4da6ecda853.jpg,1408688,leaf,real,147
test/1408688/7fa4b1c2d9e38c132760cb46fdf1c78b790cffb0.jpg,1408688,flower,real,147
train/1408688/140abadb55a5e6d99d56dbe67d84888a6d447d60.jpg,1408688,flower,real,147
train/1408688/755e46f4b48d18a68f716bba55158dec582ca663.jpg,1408688,flower,real,147
train/1408688/23b8e14eb8fb60a5c1375e1b408301b2010d8efe.jpg,1408688,flower,real,147
test/1408688/2bda64f358090f2c879a42ab50220ef412e30f9e.jpg,1408688,flower,real,147
train/1408688/924abf856d96284d06603195ac8855107ab80b68.jpg,1408688,flower,real,147
train/1408688/cfcc9a083116aaa8413fc789671039e7ca140106.jpg,1408688,flower,real,147
train/1408688/9600d22547585c957c0f5d6e0562a54eb8ce67b4.jpg,1408688,flower,real,147
train/1408688/87e602ce39c3bf5d070c4c49651ea00bfa9a08d6.jpg,1408688,flower,real,147
train/1408688/a988c4bf3852fb20795834ccdd0a965292a63882.jpg,1408688,flower,real,147
train/1408688/6cb7a61a13ac8388e496a6e5966a046ed188f417.jpg,1408688,flower,real,147
train/1408688/9e4f1770fd8d681ee83d7a7f0330d54ae47e7903.jpg,1408688,flower,real,147
train/1408688/11850e67baab82f9f10d372662a62bd1a6b2ff17.jpg,1408688,flower,real,147
train/1408688/ebc865d49b0239841e30f84182dc109a6b6a6a29.jpg,1408688,flower,real,147
train/1408688/382bd1c6da1bf22271e1bb465c2a85ae662dd523.jpg,1408688,leaf,real,147
train/1408688/9981c89911f5fc102884a962dac82a818e8fee4f.jpg,1408688,leaf,real,147
train/1408688/f84ded3e3e4571a7f338a4f3a166d040872cbe99.jpg,1408688,flower,real,147
train/1408688/e33d1aaf0d57fa27041e8343140dc02cf68cbaa6.jpg,1408688,flower,real,147
train/1408688/e6ec81aa59601dcc00a038b7dbe004fe1a21e494.jpg,1408688,flower,real,147
val/1408688/4214a6257f6c2eca67552dc5cfaaf6e2efdcf1a4.jpg,1408688,flower,real,147
train/1408688/fde2c581f770d0aa6716fa5630f36e8cb1590e03.jpg,1408688,flower,real,147
val/1408688/7411a288d289074939c6851fa324f905f56a7e7d.jpg,1408688,flower,real,147
train/1408688/c28bbd30db63cbfa8a53701974f0d68cf4ffc508.jpg,1408688,flower,real,147
train/1408688/bfbbbaf1012d645057b0e0a1689c81166972bccc.jpg,1408688,leaf,real,147
val/1408688/f2486463ab32006a0ad5a6149f4bef6ab0f95695.jpg,1408688,flower,real,147
train/1408688/26b16daad8667966ccc785f5d24572616d9e4190.jpg,1408688,flower,real,147
train/1408688/a9ca93a93156dedddc2db37ff9f9bfe27791382b.jpg,1408688,leaf,real,147
train/1408688/0a6f3459d06bb0f046dc8d43808f32182395089b.jpg,1408688,leaf,real,147
val/1408788/9fc8c01c37b8d908c56f7c9ebfc4fbb269270c93.jpg,1408788,flower,real,148
test/1408788/71e1eba4ee9727285950bee502ac39138e7adc59.jpg,1408788,flower,real,148
train/1408788/13a6a869bd41998eefb2f52d04322615a2231337.jpg,1408788,flower,real,148
train/1408788/a747b2ee7c743baa27356c7b76c6b00bc0e933aa.jpg,1408788,flower,real,148
train/1408788/fbf622c4d6fee4a2730f2ed1fce7c6f262257c81.jpg,1408788,flower,real,148
train/1408788/87507a8d86551038b7bfbf94bc13c3cd3c76dc77.jpg,1408788,flower,real,148
train/1408788/d05ecf3d4904c262f5326b55c71abf54f53e9d08.jpg,1408788,flower,real,148
train/1408788/7ad4229fb2b8eb023b7888a4a4683924c334e4e9.jpg,1408788,flower,real,148
train/1408788/28304e11a58056b45eb7e328186f26810a73dfcd.jpg,1408788,flower,real,148
train/1408788/5d019247187d6b0a150deed477074cc02cd3c3ea.jpg,1408788,flower,real,148
train/1408788/cdf593f62e079464272ae8bef763c175ea1968b4.jpg,1408788,flower,real,148
train/1408788/b2da32b2e48fb781f54c548dab1fb29fd23883b9.jpg,1408788,flower,real,148
train/1408788/5699e42ece3861a644f173969ab468b24abbc1e8.jpg,1408788,flower,real,148
train/1408788/b8952c99888509a21c182837d42643966c483712.jpg,1408788,flower,real,148
test/1408788/b248b67a2f9f25bbfac66bf43fcf733929d901fa.jpg,1408788,flower,real,148
train/1408788/43c40126d1930b6117fbca5d4195db27234699cb.jpg,1408788,flower,real,148
test/1408788/ce9491bb59ee8e6049e74009fac9e709235c96c7.jpg,1408788,flower,real,148
train/1408788/5b1a74bc7a3a2754aa7f71a165528139ee69236d.jpg,1408788,flower,real,148
train/1408788/47bf8c256d346b5181cbd2bbd62f6a8d0d841ce2.jpg,1408788,flower,real,148
train/1408788/c8fbad48e217b9d7b26e402baaa2736434e0114c.jpg,1408788,leaf,real,148
train/1408788/a954598f48ac4ebad75bdc4bddcd297708e4a760.jpg,1408788,flower,real,148
train/1408788/46cbd4eb97cec3115bff1c153b731dec968179d2.jpg,1408788,flower,real,148
train/1408788/f6db82a5e5a6209cbdd2aa28e2159642e20f8f2c.jpg,1408788,flower,real,148
train/1408788/ce8aad63773f75424f91e2997ae8eb46a2ef2dd8.jpg,1408788,flower,real,148
train/1408788/1edb4ca8d3f04a2ef05d37d5f4a94d1640755e49.jpg,1408788,flower,real,148
train/1408788/b0bd51e527b31c93b694d72e81c3852021377a3e.jpg,1408788,flower,real,148
train/1408788/e72c6443f528a6a27f78bd0c5bd433879b234897.jpg,1408788,flower,real,148
test/1408788/5d9162cee8df55decf3809db00d8103f859e8c83.jpg,1408788,flower,real,148
val/1408788/e47bce4ed3cf2e5d3ca3b610ef7163ce3d8810ce.jpg,1408788,flower,real,148
train/1408788/64f8a10cace5395314634bfdd9ca70d6408eee86.jpg,1408788,leaf,real,148
test/1408788/d1eac00dbc4da1094c869a7deae5817b5fbaaa06.jpg,1408788,flower,real,148
train/1408788/7584db0e44ba9cebf52044e28e8c2b5ba72c18eb.jpg,1408788,flower,real,148
train/1408788/462b5d0af011960fa4153d635efca1df28b7e69c.jpg,1408788,leaf,real,148
train/1408788/e0568f9e92515ad992182271d76c686797b4e932.jpg,1408788,flower,real,148
train/1408788/a8e0ca7358ee930ef3ece54a2dc98b286262b41b.jpg,1408788,flower,real,148
train/1408788/e36fc83275ecfc6f5dcb02cc5051af81a8e48a94.jpg,1408788,flower,real,148
train/1408788/372fc46be8b03ea81afd83dad34f5b8f128ddfb1.jpg,1408788,flower,real,148
train/1408788/1acdd6f97732bfc4b4505640222820dfc4e9b60c.jpg,1408788,leaf,real,148
val/1408788/de5c95b25ac4ebacfa205de31e62b1ca61d69df9.jpg,1408788,flower,real,148
train/1408788/be4dd4e1009545f301647a956e71e36b662e7be0.jpg,1408788,flower,real,148
train/1408788/f03f3f55cba20bc5f64e15fd60566fe7352f1172.jpg,1408788,flower,real,148
train/1408788/751f2ca2bdf9ee153d7ba7d363da73c4b66fdf57.jpg,1408788,flower,real,148
train/1408788/cdfdff879056de9ea600769cfab787e15061ba5c.jpg,1408788,flower,real,148
train/1408788/b87fa174eb1a1b70e05f05ebe7503d4f42199188.jpg,1408788,flower,real,148
train/1408788/e21beb328ba07da3d4b3cf483133db4f917369df.jpg,1408788,flower,real,148
train/1408788/924aa4bbd02f911ba9c5e534d04459c811b30d3f.jpg,1408788,flower,real,148
train/1408788/a2fd2cb7c7d3b6eb3ab44d36b109dac0aabf8575.jpg,1408788,flower,real,148
train/1408788/dbf722cfa7da27cfbf471846658c06e461eeda83.jpg,1408788,flower,real,148
train/1408788/d9755c508bb10ea3fef7000761e6736ebbf8b8bc.jpg,1408788,flower,real,148
train/1408788/549e8669445d1b34ee15854efdde14304b661d61.jpg,1408788,flower,real,148
train/1408788/e7b8dbc1015016e773f8ac7ab78c4cda66095735.jpg,1408788,leaf,real,148
train/1408788/cf0d079199338af2d58b42846aa77df9e5d5ec15.jpg,1408788,flower,real,148
test/1408788/19d43a1ea8b707d38223e83713c4e979ec42b242.jpg,1408788,flower,real,148
train/1408788/549fad6b096a26344323f2cb6eb0a217e53a527b.jpg,1408788,flower,real,148
train/1408788/bc7ec1c7877282a80a142a32435601604dad496c.jpg,1408788,flower,real,148
test/1408788/980333282cfacb3a963ef1493a4a0165dbc09831.jpg,1408788,flower,real,148
train/1408788/d060f395a5645ced87713de0076a783c071f460b.jpg,1408788,flower,real,148
train/1408788/7ad48b6435563c9dde4d7f9f6660754e7a54c858.jpg,1408788,flower,real,148
train/1408788/34a6a0b40fc84b2c7a1ebe6f4dbd8e7448e7f37d.jpg,1408788,flower,real,148
train/1408788/779482772f2be0344cfd6ef13773e6d63a84e8c6.jpg,1408788,flower,real,148
train/1408788/f1da4fa09d861a931e8740d5da29ade6bad51aa5.jpg,1408788,flower,real,148
train/1408788/932d4af65762dbd98884c9bb680614b615cd9177.jpg,1408788,flower,real,148
val/1408788/999238c706258f5ff6b1a36f4a280c8b3ca1ca65.jpg,1408788,leaf,real,148
val/1408788/619b676b021e65a87fdf49badc588e1a9680f7cb.jpg,1408788,flower,real,148
train/1408788/5b20a140cf65c55b14657fff4dc513366c0bf598.jpg,1408788,flower,real,148
train/1408788/221bd8b5dc9410144f01db6c617d21755c41ae75.jpg,1408788,flower,real,148
train/1408788/b27dae637461b773c02a7716dd62476ea3f1b002.jpg,1408788,flower,real,148
test/1408788/2d5179c919c030a2abe435d66308b60beb209c6d.jpg,1408788,flower,real,148
train/1408788/37d8d4c58a3194462a6c281982d4f98639e15375.jpg,1408788,flower,real,148
train/1408788/8f1377a22af398a58f2ac64c3a87e4b505af425c.jpg,1408788,flower,real,148
train/1408788/863d4a4e23ca929f8c83354adb8e8741a922aa51.jpg,1408788,flower,real,148
train/1408788/afa358cbbd68c50fa661e7813345a71c19e1c8c6.jpg,1408788,flower,real,148
train/1408979/1237eb229fab9f2882a8f197d4ea4eba793ff5b9.jpg,1408979,leaf,real,149
val/1408979/239a37aaba7012875052e1aa4d27de17ac541802.jpg,1408979,flower,real,149
test/1408979/05f5e748130eb770d731b431cfabdf627cbd435d.jpg,1408979,leaf,real,149
train/1408979/517e4ee769452c69bcb6a74ee84ad2e6c377ec54.jpg,1408979,leaf,real,149
val/1408979/ae46e50cbf1becb0d02092038014d890da1d9104.jpg,1408979,leaf,real,149
train/1408979/aacb7d865d25f213245368ccf3c96a81dd30ce2d.jpg,1408979,flower,real,149
train/1408979/b1a836962af3e4cfb63fc985d73f250b22c1299e.jpg,1408979,leaf,real,149
train/1408979/68d6a300c41a5afbc19f97953c2ca38ae11b8034.jpg,1408979,leaf,real,149
train/1408979/7db2ee93c3d8507661228239dd91a19198ecc64f.jpg,1408979,flower,real,149
train/1408979/17797cfda6c70e7ec343afbded64ff3505599dcd.jpg,1408979,leaf,real,149
train/1408979/198c8985cab269d033ffa201782492a2b592d395.jpg,1408979,flower,real,149
train/1408979/43095a9039dc87b3398b19de491d055f1f13b4d1.jpg,1408979,leaf,real,149
train/1408979/4f3b44cd4ac6839cd3ea56f7de42fe4473805184.jpg,1408979,flower,real,149
train/1408979/274955667aad6280616a98743d35e0ad86a97275.jpg,1408979,leaf,real,149
test/1408979/39b5afada681b09465750a368bd452752471e5b2.jpg,1408979,leaf,real,149
train/1408979/343bbea2f81a4667814684f8fd34940c679383aa.jpg,1408979,leaf,real,149
train/1408979/1bf7e047ad49f9062639401e13b246b81b052eb4.jpg,1408979,leaf,real,149
train/1408979/d878baedf0a086e03c3a99872537e9735bf25a08.jpg,1408979,leaf,real,149
train/1408979/39e3031f7e3c399d6ebe7fbe0f3623404480f80d.jpg,1408979,flower,real,149
train/1408979/7db5fe01b49368c9f37b281e39cd07eee4a3a77b.jpg,1408979,flower,real,149
train/1408979/7f8732b9d1ee658e30d5cbb2bd0141422b33bbc5.jpg,1408979,flower,real,149
train/1408979/6ec837f6a63bd9a61b0fa7bd5623e3b6f49bc1e2.jpg,1408979,leaf,real,149
train/1408979/1b25d65ef35f83e4c94606587d41fc3adbe8caf3.jpg,1408979,flower,real,149
val/1408979/5d83fb50c75301836ccba2a023d1f80b35f4a0f4.jpg,1408979,leaf,real,149
train/1408979/670565468da0af3dbf01b5f3fb5cae61776df9a4.jpg,1408979,leaf,real,149
train/1408979/ef449319d37bcbe40825eae205fb40f41c58611f.jpg,1408979,leaf,real,149
test/1408979/77298957f3aabf8b3ced80227a23b1d4de16aba0.jpg,1408979,leaf,real,149
train/1408979/8aca6d309cf28bdb1583c6de9abc2fa353b10a44.jpg,1408979,leaf,real,149
test/1408979/2b8b18a2e763b3c89e795d954fd959f273023871.jpg,1408979,leaf,real,149
train/1408979/28db68e18289dd06c149c572c6f49e4d17a11adf.jpg,1408979,flower,real,149
train/1408979/a49a8e2f0db1e8682c511e27b4f1ae117def254e.jpg,1408979,flower,real,149
train/1408979/f88c189685c1053472ea82603f538ca291197b4b.jpg,1408979,leaf,real,149
val/1408979/f44ea326bd9d2ce1592f5b92c4e8ddb8dc4241ea.jpg,1408979,leaf,real,149
train/1408979/31d690e500b7a4c0f216c50c3a794460db577294.jpg,1408979,flower,real,149
val/1408979/d6f0309f9c1e09ab0202c39f27a023306bc3584f.jpg,1408979,leaf,real,149
train/1408979/e52ec83ac3907eea351bbc51ea3526224833da9b.jpg,1408979,leaf,real,149
train/1408979/eae5488ca906c15f29a98294b6d0377e73262309.jpg,1408979,leaf,real,149
train/1408979/330375e395f96295fb54905c4f50272f5bf1bd4f.jpg,1408979,leaf,real,149
train/1408979/0e65dade606a68da04aa3e93317e6d9553d4f767.jpg,1408979,leaf,real,149
train/1408979/66a4f429a45e7ac5489b3fcf21ea986efcd052c8.jpg,1408979,leaf,real,149
train/1408979/45b5a56d5fee861df26770e7de1f6f5863fffa80.jpg,1408979,leaf,real,149
train/1408979/e364a845a5094c18cffe49ef06d4d8a6d8050eae.jpg,1408979,leaf,real,149
train/1408979/2008eb73032dc6f4bf0e1e5672569716442a790d.jpg,1408979,leaf,real,149
val/1409195/46c89193c465530c8f116a41790d55c0d0145d95.jpg,1409195,leaf,real,150
test/1409195/31e30d864f477075a18aaa3df1115196d9d76e71.jpg,1409195,leaf,real,150
train/1409195/e97a2b9a1b7832867c6ef34289f824514e793bef.jpg,1409195,leaf,real,150
train/1409195/a68328c08b81167ab5fee38991e427f3e306bdb4.jpg,1409195,leaf,real,150
train/1409195/81eaf40fe3369863fc1f4fb4f96cc2a53d4c88bb.jpg,1409195,flower,real,150
train/1409195/48091717b9ad8e5d2c3e2c09b67b3d7ade95c424.jpg,1409195,flower,real,150
train/1409195/dd2fdb0556db64b067c5383a476b6a76ef74359f.jpg,1409195,leaf,real,150
train/1409195/4855ac7c1bee14012f6786fcca8d9bded90e11e8.jpg,1409195,leaf,real,150
train/1409195/07a4d25524f42c6ef73ce51b66710bb91a4bbddb.jpg,1409195,leaf,real,150
train/1409195/f547cde7ed96375fa0b5fcaee1325f39cda6d535.jpg,1409195,leaf,real,150
val/1409195/e7e1c99a9109a01527f9cdd2528770de58b1019f.jpg,1409195,leaf,real,150
test/1409195/d8cbd89c31904fbbbce276df1fee87200be9c6cf.jpg,1409195,leaf,real,150
train/1409195/fbeb566e98add4afb5b8bf78b0a15ebefb76d871.jpg,1409195,leaf,real,150
test/1409195/6ab6dabba3afbf35a8210fc8d0100fc004cc440c.jpg,1409195,flower,real,150
train/1409195/2d56133b13db40aa25b3d5f5a9abff82e8b4e160.jpg,1409195,leaf,real,150
train/1409195/b7fa89ce0990b9949c82aa2366132883085b8330.jpg,1409195,leaf,real,150
train/1409195/aaa9b941dd45d109f7512f7f56d423e44aa2076e.jpg,1409195,leaf,real,150
train/1409195/4b611a30654a62173fea3153d96b896d5b19b9ee.jpg,1409195,leaf,real,150
train/1409195/41ee280eb3ed65d12f1fc1e444a8604523450fd0.jpg,1409195,leaf,real,150
train/1409195/d62219e983e7ca1897c0a32f629efb31b00691ff.jpg,1409195,flower,real,150
train/1409195/3e47ce7bdbe94f31a4f89a7d0b32607f2970fdb9.jpg,1409195,leaf,real,150
val/1409195/a5c84e32b6734903cc7ed98e863a0a24a8975feb.jpg,1409195,leaf,real,150
train/1409195/8fd0fb5571693e53942d13f387e6d2c751e49a65.jpg,1409195,leaf,real,150
train/1409195/2cec8528b90708e7f2897875373bf52cc1194eef.jpg,1409195,leaf,real,150
train/1409195/9ea91d0d6610c378455d55f8baf778c080decb6e.jpg,1409195,leaf,real,150
train/1409195/c2d378fb8d4ad44b29dfd16c069a2535c5376db9.jpg,1409195,flower,real,150
train/1409195/ece66d93516850a04b084d44bd1cb9a924ac418f.jpg,1409195,flower,real,150
train/1409195/cc70e723c9fdf764057f86205f0b03e823453708.jpg,1409195,leaf,real,150
train/1409195/2c943f0fe0fba86940853c71f6850c7b5b1e8e24.jpg,1409195,leaf,real,150
train/1409195/579000bbad35b91bc6b2950f241908c6f26119c5.jpg,1409195,flower,real,150
train/1409195/34b7a5ff96804c8974e501b4ceb40e22d372d93e.jpg,1409195,flower,real,150
train/1409195/52dfdf6ca83f627630a8daee76934aac58aa7a56.jpg,1409195,leaf,real,150
train/1409195/a85aeae87a03ee2e9d9c6b7522ace8156ff58674.jpg,1409195,leaf,real,150
train/1409746/06b01ea2464db549343790fc6c50132509e4dd18.jpg,1409746,flower,real,151
train/1409746/8c04453daa41ee0586d9d02b30fab6b827030a67.jpg,1409746,leaf,real,151
train/1409746/6003e53ceb57b14975f983da8c1fd18f3691f739.jpg,1409746,leaf,real,151
train/1409746/818db3d0c242a8a2ebb0dbaefc053d73c90a82ef.jpg,1409746,leaf,real,151
train/1409746/57b54f10d239eb3ded4b2d30522afc8f3f5f6727.jpg,1409746,leaf,real,151
val/1409746/105a00c3e30a9d2cc4186af778f799d16e253f41.jpg,1409746,flower,real,151
train/1409746/78b696dd5113955d52cef47c67c01fcdd7c428d4.jpg,1409746,leaf,real,151
train/1409746/0af2e51c6188db4c5072e3768034ac1093e758ed.jpg,1409746,leaf,real,151
train/1409746/9ad98cc95b1fd852083d14533c7b2879de48ecbf.jpg,1409746,leaf,real,151
test/1409746/4c0c4eecaff54f775582b87675a96e8a8f4529db.jpg,1409746,flower,real,151
train/1409746/8e085776087761dbdcb309185b6fb8e8ce22d88f.jpg,1409746,leaf,real,151
train/1409746/f8f1362df2b3226133d36c53e0257fd20f625a41.jpg,1409746,leaf,real,151
train/1409746/522fbfc831a1778a591fbf0725563e702f90f76a.jpg,1409746,leaf,real,151
val/1409746/d55123277c1a53f6bf05aeaa54126528826b802c.jpg,1409746,leaf,real,151
train/1409746/1e50112eedd9352076a27878f73d12976b11fa36.jpg,1409746,leaf,real,151
train/1409746/2d52963064c20e0b60824c4875f1a75a698df2a1.jpg,1409746,leaf,real,151
test/1409746/515faa9e70123a2d8c39742b89f394d3971161e7.jpg,1409746,flower,real,151
test/1409746/d0283f8f82986eef34067cd6c423a96753156eef.jpg,1409746,leaf,real,151
train/1409746/61acc453177c3cd61fed44ea7e7cbd122aca561c.jpg,1409746,flower,real,151
train/1409746/55603b066a72a725caaed1abb121ac005172489e.jpg,1409746,flower,real,151
train/1409746/e7f866fb9e1ab8af536605739b90495481947074.jpg,1409746,leaf,real,151
train/1409746/bb309ec9556c0a7b39d471e849c348eeaafa79e3.jpg,1409746,leaf,real,151
train/1409746/76e579f9cef7685c508cea12fa7cdd47d238a8bf.jpg,1409746,leaf,real,151
train/1409746/e2694fe591df77988381d8cdc3db8f526db6ab0a.jpg,1409746,flower,real,151
train/1409746/5734cf1159b744f62d42a66837808054c764e4fd.jpg,1409746,leaf,real,151
train/1409746/a92a2d7f6e595032c3fe6ce6fbfccd731307e2b8.jpg,1409746,leaf,real,151
train/1409746/f0f932fe162fae1bfc9039d54ff908022edb813e.jpg,1409746,leaf,real,151
val/1409746/c97fab94b053f8f8f0212e1ea3cc70eb2bcf2589.jpg,1409746,leaf,real,151
train/1409746/90d67353022f5fdfd229e66ea112bb7139b53e70.jpg,1409746,leaf,real,151
train/1409834/bdd9db8d76bbd1fa2cc017525466b3b444fe789c.jpg,1409834,flower,real,152
train/1409834/44775552c846ddf6c0591527b276965de9117f58.jpg,1409834,leaf,real,152
train/1409834/636a8cc82d0740f82530ee487d110a49b3aac54d.jpg,1409834,flower,real,152
train/1409834/1f4fadb9e9aeecfc4686f35fb397b2a42ebdb76e.jpg,1409834,flower,real,152
train/1409834/58d7cca38f21049123dc022bf7d751ea092267a2.jpg,1409834,flower,real,152
train/1409834/3215d14bb0d3f2d6c86b875d71595b5c35079bca.jpg,1409834,flower,real,152
train/1409834/05d9f30f9194d3fcace6a089dc8b24f5d4b66b44.jpg,1409834,leaf,real,152
val/1409834/58198e2a87ef54a0db1a53a58a97af67a941f1ab.jpg,1409834,leaf,real,152
train/1409834/33b6384c64505f245e81d2b70f382ff4739247a8.jpg,1409834,flower,real,152
train/1409834/0e244e0fcee6fda46e75e991ba872b1c6ae56359.jpg,1409834,flower,real,152
train/1409834/9a398220686f313d1de57646186c7ddfc79e99a5.jpg,1409834,leaf,real,152
train/1409834/1a7bbe3c98d4480b71bb0941ac8fd1ad87735744.jpg,1409834,leaf,real,152
train/1409834/db7a1231d2e1cf583199850bf56f22c8b760aebf.jpg,1409834,leaf,real,152
train/1409834/e60cf3ea74ec32c1ba77e48eb5617b224b0981bd.jpg,1409834,leaf,real,152
train/1411524/59127c0351213337bdc0e9272f8b8e3850553add.jpg,1411524,flower,real,153
val/1411524/6d159ef4b1f03dbf1317ba05b3f1a3508b0e2163.jpg,1411524,flower,real,153
train/1411524/cca9ebd4575efcec9fa89284ef22e885bab6e97e.jpg,1411524,leaf,real,153
train/1411524/0f9dc420cf17c1081b73532d8c653e5a4b701692.jpg,1411524,flower,real,153
train/1411524/a14ec273ba4084210d1132b4ab8623367016c62b.jpg,1411524,flower,real,153
train/1411524/15d01f6ba84ca829874d4515f3912f19de4b7da5.jpg,1411524,flower,real,153
train/1411524/394e6688ea9a18c722dc6e83e7159aaf05a07778.jpg,1411524,flower,real,153
train/1411524/37990a54eb32b6428baf77b8a9a574dd8c1d7323.jpg,1411524,flower,real,153
train/1411524/6042096363c0434379d92700bcad861629c0d9bf.jpg,1411524,leaf,real,153
test/1411524/2f1b4d4eda98311c352f374a55412f478aabb7f3.jpg,1411524,flower,real,153
train/1411524/4db0214d621d355caf97709d464a9c77b347f1c1.jpg,1411524,flower,real,153
train/1411524/4a44e03b70e3c98f31a30886024d91d6a5bff5fd.jpg,1411524,flower,real,153
train/1411524/0e3f60ba95351bc0ed647172f23bd0ae561fc1ed.jpg,1411524,leaf,real,153
val/1411524/e8d132dfdede8a48a4a58305404da12daba99d5a.jpg,1411524,flower,real,153
train/1411524/0c92509fe98fe79b85b52913929f96282d188cd2.jpg,1411524,flower,real,153
val/1411524/7a1b55f2b933d68e6c8af3d921381d580f146031.jpg,1411524,flower,real,153
train/1411524/36a666ae2e1d85c649547b0d2dc2ae7227edaebc.jpg,1411524,flower,real,153
train/1411524/0c16996566fa9ac0c7fd54df75c3625c2de0f7a9.jpg,1411524,flower,real,153
train/1411524/e0214f5afd0ccf96e2a64804424e6948c088635f.jpg,1411524,flower,real,153
train/1411524/975899f45926d316f5a3fd240be8e705a5af64a4.jpg,1411524,flower,real,153
train/1411524/64e4c17a05a4b22217c313ee8d5391ee4b456f5c.jpg,1411524,flower,real,153
test/1411524/8ccb18d2fe8d2edc6979f89429c254bfc5dd33df.jpg,1411524,flower,real,153
train/1411524/075fbee56786ff12622ece40e10399d125ddf8f5.jpg,1411524,flower,real,153
train/1411524/bb5d0039c811e285a7417aed7bf6a625a967428a.jpg,1411524,flower,real,153
train/1411524/298bb53c65b5fc98756519f034b8ff7175a790f1.jpg,1411524,flower,real,153
train/1411524/9578af749452adf90913a46b1e899672fa5937aa.jpg,1411524,flower,real,153
test/1411524/8d58e06a07537b6deeaa739e793aa831883bac42.jpg,1411524,flower,real,153
train/1411524/06d33139b94a6293eae988c62a014c3993804766.jpg,1411524,flower,real,153
test/1411524/ee28cb18da45f7ee7af8a74b6ad989e21a8659e5.jpg,1411524,leaf,real,153
train/1411524/f4486c439ed276e4c86ac4fe0351730776cecdaa.jpg,1411524,flower,real,153
train/1411524/ae9b1eb115c54f1650de2a556c9e0515674e88e0.jpg,1411524,leaf,real,153
train/1411524/76f051832f1e20fee2e42d8f11cad750b3ca8262.jpg,1411524,flower,real,153
train/1411524/68830715f6a49a258dc19d67f3007a690ca23d13.jpg,1411524,flower,real,153
train/1411524/23cd589f28d0a82c54a7bfe576658502233b3c84.jpg,1411524,flower,real,153
train/1411524/03089d646c7e64e8403805b8d7b8567ccee7fa2d.jpg,1411524,leaf,real,153
test/1411524/9a1e189fe88716598f7066ef5b1c164450a634ce.jpg,1411524,flower,real,153
train/1411524/4623e08ef75a3614b4e8a545057074d0bbbf1d67.jpg,1411524,flower,real,153
train/1411524/d7b5d1bc6eb866abf4d1439ebc1a6afa4a232efe.jpg,1411524,flower,real,153
test/1411524/d045c61b5e68f24a203dd983bc661a19cab06f09.jpg,1411524,flower,real,153
train/1411524/dc44ef7eeff6fc3d2b9ef81207e3d1db4b5a7326.jpg,1411524,flower,real,153
train/1411524/8d198b315f339dcb05194cfc80d8272da6c8f4d4.jpg,1411524,flower,real,153
train/1411524/b656d8e32627c76b6fd2d81c207d17b22bbce1ee.jpg,1411524,leaf,real,153
val/1411524/734bcdf4ab837676e5fffb2e4635138a0a8e4018.jpg,1411524,leaf,real,153
train/1411524/0c0eaa74cdb849ef4053bccb30138e25ae6accf5.jpg,1411524,flower,real,153
val/1411524/550f87aa7c198fc87dc229a3457ddba4415aa754.jpg,1411524,flower,real,153
train/1411524/c1ef12dbbbef26411f2faae059f6ebc8da4abac8.jpg,1411524,flower,real,153
train/1411524/2461621b28a7dc83b3f58670cee6c08534064598.jpg,1411524,flower,real,153
train/1411524/ce1a15f256e7fe5006899e78c7014b6ae8359289.jpg,1411524,flower,real,153
train/1411524/2af36a847f64b205caa80bc4505cf8b3be6bfff1.jpg,1411524,flower,real,153
train/1411524/84de3bf1782a0e6ea840b11a9375aa9e967193d3.jpg,1411524,flower,real,153
train/1411524/50adcc5cdd4821590624f84eb222bcfee4c48014.jpg,1411524,flower,real,153
train/1411524/ce41e4d902d3a344716b5a797e2bc85a34f1fd1a.jpg,1411524,leaf,real,153
train/1411524/89560f672b59a8648865e3d7cfd332fa1bbedec8.jpg,1411524,flower,real,153
train/1411524/16cc514be0dbe3e35b6f42ac6505f727d4d49af6.jpg,1411524,leaf,real,153
train/1411524/9a6572136fa959a836c41e2500688ece5a992786.jpg,1411524,flower,real,153
train/1411524/645f207716857f759b8b14f51f93b2a7543d3b49.jpg,1411524,flower,real,153
train/1411524/ae96bba01520553dc00d8199bdc97abaadffeb75.jpg,1411524,flower,real,153
val/1411524/a0982fb29c218eb0965e6e8b3a938b253d658f18.jpg,1411524,leaf,real,153
train/1411524/0246f55045ed5f919795d8f81a2f08d762c9b25a.jpg,1411524,flower,real,153
train/1411524/e2229257db299ded253b3a8e8d4ec5e4ac4a3cae.jpg,1411524,flower,real,153
train/1411524/b30bfa434ead96ddf9aadc1b8c5873d81f6d7399.jpg,1411524,flower,real,153
train/1411524/7c9c7ce3a4b82dd95d9fe17b02199552bf65b876.jpg,1411524,flower,real,153
test/1411524/c7b714abb1fdababc7f73555bcd1978405beda0f.jpg,1411524,flower,real,153
train/1411524/8e6ca280cc4edd29a453bc1abe90d1a8615aa1a5.jpg,1411524,flower,real,153
train/1411524/ebc16afe42f24f9a3671b3deb338f46848237f4b.jpg,1411524,flower,real,153
train/1411524/26dad4e9b1c98266ff13e3b8296ea1482f926ebc.jpg,1411524,flower,real,153
train/1411524/28608eab3ca7f14ae430c0a783023b4fbfcde2a5.jpg,1411524,leaf,real,153
train/1411524/720cafe0f9f1d3636320358ba27d8b5f75f068f9.jpg,1411524,flower,real,153
train/1411524/a9168307331341a3d59afe8c774e75987980044a.jpg,1411524,flower,real,153
val/1411524/09fc87f8f341b82cd87fffcce1d4882d90ec9e50.jpg,1411524,leaf,real,153
val/1411524/9a143d41c80c41c6e43ccc1fbe1f10df230712e0.jpg,1411524,flower,real,153
val/1411524/2876d8f2aa3a6bb1f886ede3ce8fc0593efa7f84.jpg,1411524,flower,real,153
train/1411524/95eba518fbf597d179dba71f8fd4460727571a7e.jpg,1411524,flower,real,153
val/1411524/5cd3433eac521a58fd61ab3be199ff19b08cd3ba.jpg,1411524,flower,real,153
train/1411524/cc01ec8d7664c2d0d136bb7542ba9f759b612989.jpg,1411524,flower,real,153
train/1411524/0eb5c9a96433f74be79f58d6b00297b0c2d3fe3b.jpg,1411524,flower,real,153
train/1411524/a30cb0ac67b676c7bb4b7778b95667452fe22d13.jpg,1411524,flower,real,153
train/1411524/8a958e32a65f46184b362cfdd5a809c3e6c38779.jpg,1411524,flower,real,153
train/1411524/089f87890fdb87cffbc5107729db0fb7569c668e.jpg,1411524,flower,real,153
train/1411524/d46ee3caf8b9c4ea6366e4ce75f39b4406fa71ed.jpg,1411524,flower,real,153
train/1411524/0d59f561308fb3da86891afaf74c227246d94e65.jpg,1411524,flower,real,153
test/1411524/92e83a3b582986d67dd24172018859d698aa46d0.jpg,1411524,flower,real,153
test/1411524/f1991fb611f9bbc511cf6c9e2864ee94b8306d52.jpg,1411524,flower,real,153
train/1411524/e5f872fed2c8edc6722dd03b6842e51ed7a330de.jpg,1411524,flower,real,153
train/1411524/1c5ad123b19fc9eaaed5cd3bfa46708eae147da6.jpg,1411524,flower,real,153
test/1411524/9467886488b9b69331249320659060237cf36dbc.jpg,1411524,flower,real,153
train/1411524/bb4e23eb4415221174ef9e824d716d57264bb303.jpg,1411524,flower,real,153
train/1411524/8944692de14eb0f3a8629f28937f31c037d73a73.jpg,1411524,flower,real,153
train/1411524/372e77b3d036f271d342abd8bfeed87daf4bfd2c.jpg,1411524,leaf,real,153
val/1411524/5de5cb7225925d576f84b351704e428f521e9eeb.jpg,1411524,flower,real,153
train/1411524/37d0b449fbfe6f0a46ddc1c0db3c6952c6f7344c.jpg,1411524,flower,real,153
train/1411524/a225d09770dde6a269c9d92dc679f772c18bba00.jpg,1411524,flower,real,153
train/1411524/22ceea4b971e5fb46e8df31a103e2c62bc8d748d.jpg,1411524,flower,real,153
test/1411524/8d648017cdfef183a1b25a9cf8b88de020fa08f8.jpg,1411524,flower,real,153
train/1411524/a0c0d584e9f944238d0c9015bf994d4cbdc2ecdd.jpg,1411524,flower,real,153
train/1411524/3796ef705fd4c79d734533b979f8469db58c0330.jpg,1411524,flower,real,153
train/1411760/ce4d0f38a860e42c5fa7f4751fd4e5050002b222.jpg,1411760,flower,real,154
train/1411760/f2510ab7a2295a1b9e54cbdafd8b103f86de8470.jpg,1411760,flower,real,154
val/1411760/9a0ae6c25dc714ebde4a33dd244dc30e9dbe4d93.jpg,1411760,leaf,real,154
train/1411760/8e36312df1f9a89fe6c15e85ec2c2434b7bf0337.jpg,1411760,leaf,real,154
train/1411760/f06f14c2f657d6fc298dc2baaee2a0f339e03818.jpg,1411760,leaf,real,154
train/1411760/3ebc59474f5905aff2f3f3804b5e04c117c1ad8d.jpg,1411760,flower,real,154
train/1411760/800b5e116cf24079fec88ff2134ee162ecf8b5ce.jpg,1411760,leaf,real,154
train/1411760/4be8a61bcfa81de02d7c7d40a9aaa0d6d1621721.jpg,1411760,leaf,real,154
train/1411760/5ee1745a6186521edc6ff0f989f45c3f28e4e055.jpg,1411760,leaf,real,154
train/1411760/217f4c45696af9597063025e3fd0490d5dd090e6.jpg,1411760,leaf,real,154
train/1411760/2685eca72a2d5cec81e1b0a49c08dec3c4e1c629.jpg,1411760,flower,real,154
train/1411760/44fe1a59b57bbe17e59b5c0c3a0e58f41e83e313.jpg,1411760,leaf,real,154
test/1411760/2dcf26dbbb6a713b51fbd3c4c3a953216c681f32.jpg,1411760,flower,real,154
train/1411760/17473d5efdd191a112d8c16837303f8c4dca1df8.jpg,1411760,leaf,real,154
train/1411760/abe0b49be26fef9d6e7a92aacddb1fa768b2022b.jpg,1411760,leaf,real,154
train/1411760/4171783312d26d20567ba92b515213263ab310b7.jpg,1411760,flower,real,154
test/1411760/4791daa03b3e11a8e2e7e7f4f89286dd0303fef2.jpg,1411760,leaf,real,154
train/1411760/f9d8b543062f7c521ddf2d334da2902cbcf02cc4.jpg,1411760,leaf,real,154
val/1411760/358bef136c39277d1cfc96233434e405e96559e1.jpg,1411760,flower,real,154
train/1411760/1b5ab9476f981c99a03190e9c2b8e72d651b3230.jpg,1411760,flower,real,154
val/1411760/fee4e02310d81aec205d8b86392df0eb45e0105b.jpg,1411760,leaf,real,154
train/1411760/eb6dc75810fad56169c94c7b1e4ed2c054101275.jpg,1411760,leaf,real,154
train/1411760/0ea7f3dd06152bac0df9f0e7763e2ca545505ac9.jpg,1411760,flower,real,154
train/1411760/dcd96d241a196fe811635cc0f7a63c3ff634e606.jpg,1411760,flower,real,154
val/1411760/c772cedabf479744e746d5cf8a33484b36a1493a.jpg,1411760,flower,real,154
train/1411760/93547b2ded24d47df7a7f03cd40e9acf7749b900.jpg,1411760,flower,real,154
train/1411760/a12a65d4debad83f929f33f69529fdcd79ee75b3.jpg,1411760,flower,real,154
train/1411760/ce831a58f35205ddaa592d67a11e30294539e230.jpg,1411760,flower,real,154
train/1411760/3c3501be6bec9b3cdc2ba177bf5a54c1add82528.jpg,1411760,leaf,real,154
test/1411760/514ddb1f053d7020098ef67374b20e103cc65a20.jpg,1411760,flower,real,154
train/1411760/9647c76c43a2d80560791634fa920e5ce9385f01.jpg,1411760,leaf,real,154
train/1411760/ec56fa397bab53c7f46f3ff0f4cfbe24b65458e6.jpg,1411760,flower,real,154
train/1411760/3a3842985ca2ec86993de2f799373d0819e89bf0.jpg,1411760,leaf,real,154
train/1411760/80eed698388699a1af9fa69c28e5d551b1695ba2.jpg,1411760,leaf,real,154
train/1411760/ec1b74bca56f3d37ab06c3969cd2ef7b5a8c1840.jpg,1411760,leaf,real,154
test/1411760/b6863216f14e871e8dd0f4b389ee6ed7d86ba569.jpg,1411760,leaf,real,154
train/1411760/c6e8cacab001ef9b4fdf834342e17bfb17d8a79e.jpg,1411760,flower,real,154
train/1411760/141c310eac4e24be9bb607ebd7c555a3dba5f59f.jpg,1411760,leaf,real,154
train/1411760/3d3fc53eb6a6c48b0097fa458cc438d7e1eaeed2.jpg,1411760,leaf,real,154
train/1411760/48c94231d7bfa4c1eecc9b7900ddb5b220715070.jpg,1411760,flower,real,154
test/1411760/0c72ea592d365598f994a065c8f63d2a8557ea6b.jpg,1411760,leaf,real,154
train/1411760/f8edab1e6537fbb94c179326a0558a33ab09c408.jpg,1411760,leaf,real,154
train/1411760/8e6c761ba11e76ba199cc0ef5e89a0e52a5268cc.jpg,1411760,leaf,real,154
train/1411760/159efcd42b34004afef7adcca83d89df17db84a1.jpg,1411760,leaf,real,154
train/1411760/660d2600b3d5096824e90b35ed29319294a80a74.jpg,1411760,flower,real,154
train/1411760/dd2ce7e4b2f9a2335636416b9a9f92e973b836b2.jpg,1411760,flower,real,154
train/1411760/366cce3a1fef0e83cc5c3716d8e059c3633bc920.jpg,1411760,flower,real,154
train/1411834/ce90872dad34d4cbc106b4637bb2a3b2304c18f9.jpg,1411834,flower,real,155
train/1411834/a17e8b46dadb84e2d0b65c9961e24c8a5abde55b.jpg,1411834,leaf,real,155
train/1411834/cc08bdc10e86dd2c5b74a87d537d6707648b065d.jpg,1411834,flower,real,155
train/1411834/902ee5f73d23fb2599326d54cfdc5e4e625a98a3.jpg,1411834,leaf,real,155
train/1411834/a23e90c4c17a01036513f52d519d6e6a5463530b.jpg,1411834,flower,real,155
train/1411834/4eb424426ccccd80d8e59550b1428db03c4c84da.jpg,1411834,flower,real,155
test/1411834/ae7ed1e9a2819e05695d14afb09c228dc8bef357.jpg,1411834,leaf,real,155
train/1411834/16c21aa3ae2b1826768da8b72c21172ab3778093.jpg,1411834,leaf,real,155
train/1411834/3d5ed9e4cae8cbf66f89c84383679cfac871ddf6.jpg,1411834,flower,real,155
train/1411834/8a1e4e7290eb9d649320096e6730ccb0f86bbf67.jpg,1411834,leaf,real,155
train/1411834/b7ff7f0096b3a24d90892246521ca555eb9e2a58.jpg,1411834,leaf,real,155
train/1411834/4a49551efab137e10df7961d5f504301f1e19443.jpg,1411834,flower,real,155
val/1411834/d3314b31da5be13c9d15dca9e8d38128ec3c653a.jpg,1411834,leaf,real,155
train/1411834/8b6dfbd1135f0407288b3ddefc131379fcfdf782.jpg,1411834,leaf,real,155
val/1411834/b554b2fdff982625660afae84871918dda6bfdb7.jpg,1411834,leaf,real,155
train/1411834/d9986e08f63dabcafd4859c0c11765933e8d9349.jpg,1411834,leaf,real,155
train/1411834/3759ed66e8307119bca160d9f54a95362fbf09b9.jpg,1411834,flower,real,155
train/1411834/1c26138c65553217a2ff542328c364311093aa68.jpg,1411834,leaf,real,155
train/1411834/a4f8952417402327d8749b55b36c6e12abf774e2.jpg,1411834,leaf,real,155
val/1411834/d858e4b1b7897ccf2b2f5c9f2e5150eac00d53ce.jpg,1411834,flower,real,155
train/1411834/eb1f92e75269a1d5282b1bfb15b28f68ee98d46a.jpg,1411834,flower,real,155
train/1411834/8dc917e25194bcc212f10a1115d3d8710f6b97d1.jpg,1411834,flower,real,155
test/1411834/74d5c6a0280211f2047bffa9440c85414d56d2f5.jpg,1411834,leaf,real,155
test/1411834/751f232f26d2bc1fd5fffd162bba5fca25e143be.jpg,1411834,leaf,real,155
train/1411834/540787c44990de66957b1d25c446e231cd665feb.jpg,1411834,flower,real,155
train/1411834/cb732788f14966b6a6796cb355bc0fd2c9d4054b.jpg,1411834,leaf,real,155
train/1411834/1686fe40e9d0847ad5333599e5fccad357373f3a.jpg,1411834,flower,real,155
val/1411834/e09209095662d3b32b986a612c10995e162bd617.jpg,1411834,leaf,real,155
train/1411834/4da851a47366293951d0cbbb5b8257166b2818d9.jpg,1411834,flower,real,155
train/1411834/16826bfd5f8820158241ace747b31ae4d112f460.jpg,1411834,leaf,real,155
train/1411834/1b46d588eeb3ee297c3fc6c8d7b8fb002b291551.jpg,1411834,leaf,real,155
val/1411834/a0b618ff02e8d6319e7a3c78dbe01d13a7763cf7.jpg,1411834,flower,real,155
train/1411834/d1c35d12a81e4e038e9fd404cc4676168433973f.jpg,1411834,flower,real,155
train/1411834/6b18b9972bafac0022ba39f5f567aae8f27c8add.jpg,1411834,flower,real,155
train/1411834/9625da33a5ed4010f45d2c5d6e8ee0e22c34912f.jpg,1411834,flower,real,155
train/1411834/ef6ea8fae9dff3f8575f20d0e602552503637733.jpg,1411834,leaf,real,155
test/1411834/163ce5cebd849bb95163107e1e46aec51d1e5d0d.jpg,1411834,leaf,real,155
test/1411834/6ca662519465dd91083c858db6ada2ab4714bd99.jpg,1411834,leaf,real,155
train/1411834/752f8fb1199e68589c6d3fbd4b42bbe6a04500e6.jpg,1411834,flower,real,155
test/1411834/8df855785b3787f7c6b42d75fefdcd2af9ece0f9.jpg,1411834,leaf,real,155
train/1411834/282b28a8974be0b3863dea9c04e325acb3ac8ed2.jpg,1411834,leaf,real,155
train/1411834/43ec2374ec17e238eab4cbe601a95d13eccfc0d5.jpg,1411834,flower,real,155
train/1411834/9f306f9a09d143163c02e39f07c2abb10b662636.jpg,1411834,flower,real,155
train/1411834/25680f5dc96df97fe4bde394a1df15981243e4d8.jpg,1411834,leaf,real,155
train/1411834/8c7bce089a951f49b89326dac12701dda32c3e35.jpg,1411834,leaf,real,155
train/1411834/742894630562f9ba2dfe6c9e2968f1364a3e9134.jpg,1411834,flower,real,155
train/1411834/e469ebb21c08d0129fa0c99c758ba275014dbe5e.jpg,1411834,leaf,real,155
train/1411834/bde92fa2ec16820d0e41c86dec788b7856b3a08e.jpg,1411834,flower,real,155
test/1411834/bcf57ff8626e1693a0efbfd5ca7964ef14676bb1.jpg,1411834,flower,real,155
train/1411834/262559da439b83b73f2366c5c8a2c2c7ffa01d50.jpg,1411834,flower,real,155
train/1411834/39d1d493fb2080543647b632ff45e2138b2758c4.jpg,1411834,leaf,real,155
train/1411834/7f1e68c077c4750c1cd8a6f92a7efc6bc4d9f7a3.jpg,1411834,flower,real,155
train/1411834/ff99af634f77d27032f3bae42287cd2d8635318e.jpg,1411834,leaf,real,155
train/1412337/8acff5ebaebaeb1f9e5381d47e00322933a6d25f.jpg,1412337,flower,real,156
train/1412337/4ea14044f3d99c32ca2f0d847b5f50eeb1dd8bf9.jpg,1412337,leaf,real,156
train/1412337/05a5dacf5c148b23004375ce5231d6b6fec651fb.jpg,1412337,flower,real,156
train/1412337/94f45be8c8d6f319b0475e66aa53a295affba035.jpg,1412337,flower,real,156
train/1412337/72396c5798d3d3ff8c1431601b1aa03270a15b48.jpg,1412337,flower,real,156
train/1412337/8f8ccd387f592aa335041c21c1df6f95505f013b.jpg,1412337,flower,real,156
val/1412337/8f007412def1675055824798572b3e43c7ac0ead.jpg,1412337,flower,real,156
train/1412337/0fd4081116cc998faaf73b2a215f92fb1c3fb8cc.jpg,1412337,flower,real,156
train/1412337/38f20e621c281c40767450bf4b9399d139ddd1be.jpg,1412337,flower,real,156
train/1412337/6241161f7b8ea1f109c996dc03b82c74750cf55d.jpg,1412337,flower,real,156
train/1412337/767e169c286776ad3e5ea80793256c90881c1a9d.jpg,1412337,leaf,real,156
train/1412337/b82c61e9bb002e82d84f2cddfbe0081f92892ab1.jpg,1412337,flower,real,156
train/1412337/63c6aa4f44e50d619ee79990ac0f833ea90719c3.jpg,1412337,flower,real,156
val/1412337/e175b91a86083f6a59148b17c6a6b87806c86569.jpg,1412337,flower,real,156
train/1412337/b0a7beea0548b3c1441572e21a7ef955d86d013b.jpg,1412337,flower,real,156
train/1412337/04dd26451da343496f01e5e3ffc95f020c1a111a.jpg,1412337,leaf,real,156
train/1412337/b7e58061e152ecfd46c7a45810a84e52f4beb279.jpg,1412337,flower,real,156
test/1412337/8a43a06a82276e349e265e02725bec7dc4cbee00.jpg,1412337,flower,real,156
train/1412337/4045d53993a1d674c81330e58e48297d23992ea3.jpg,1412337,flower,real,156
train/1412337/b726ac3422be126c6e54158788ef0a50550f161e.jpg,1412337,flower,real,156
train/1412337/0ff73c3553b1ff2d1945b867e41a363b2da0279f.jpg,1412337,flower,real,156
train/1412337/3e4bab6293d9f99cb101c27ac23bc559fa3c62a1.jpg,1412337,flower,real,156
val/1412337/fb5625b5544f2b6e5b21c2422d060308d6e9ef68.jpg,1412337,leaf,real,156
train/1412337/7f7b7577f743301ae79a93a22de77f93a0fb9c85.jpg,1412337,flower,real,156
train/1412337/c3fb820049debc163120e57b8043a287efe88e68.jpg,1412337,flower,real,156
train/1412337/2caf9aed11652b2558371529607f142c087affa3.jpg,1412337,leaf,real,156
train/1412337/e859a03195d04216fc66888d41192154ebe9c481.jpg,1412337,flower,real,156
train/1412337/5b7af066c1ff4a6f56c540cd6b49aac6e73cbc97.jpg,1412337,flower,real,156
test/1412337/ba22d7ec64f38305ad16589d846f4c10f2de037e.jpg,1412337,leaf,real,156
train/1412337/cb24e9f593609e246403c443a5b9f39f78c62f67.jpg,1412337,flower,real,156
train/1412337/b5a5f73a216d0221b8e6a8e1ab6474e5cfdf752d.jpg,1412337,flower,real,156
train/1412337/60885707fdd2581136efe2a872717c227c4af123.jpg,1412337,leaf,real,156
train/1412337/36120a95b2659ca88df4088a1ba4cc6d977c57bf.jpg,1412337,flower,real,156
train/1412337/8cf7d54f284ebeb95f4442713fb3eaac3c2c8ab0.jpg,1412337,flower,real,156
train/1412337/bf5defcf624980f6e5e7dc146f8c3d7d747934f1.jpg,1412337,flower,real,156
train/1412337/de8006ee942ddf586b0f955a3ee5d208bd62ccad.jpg,1412337,leaf,real,156
train/1412337/28edacb4fd3b951608d6a13563dd56891b3cce99.jpg,1412337,flower,real,156
train/1412337/73d965474476b959ea2277cf65529d3595e0372e.jpg,1412337,flower,real,156
train/1412337/3659e4d0992f56d754f33a967072f864d9baf8ad.jpg,1412337,flower,real,156
train/1412337/46c11b88af8924fa4f02c27b7b215b5c64da205f.jpg,1412337,leaf,real,156
val/1412337/f7f767fe43a99e7ce1f0216e86ee587c7aa05736.jpg,1412337,leaf,real,156
train/1412337/f0f224143f9df3ad7b417178c301cf3dd2ff4b73.jpg,1412337,flower,real,156
train/1412337/85873c485057c5ea043b2655226a42a6bd56456d.jpg,1412337,flower,real,156
train/1412337/ee1d9611891f285ce68a7af417c72e59d4592c8c.jpg,1412337,flower,real,156
train/1412337/256001f8183f55b6dba921b928e539d625046eb0.jpg,1412337,flower,real,156
train/1412337/09d1cc636bcda834014342476cb5c8143a056fee.jpg,1412337,flower,real,156
train/1412337/6d57f7c37a56262937f201a7094049c1f6c0e60a.jpg,1412337,flower,real,156
train/1412337/f17740f5ebe70aa71a359e9fa05a918c49dc6138.jpg,1412337,flower,real,156
train/1412337/2f7b0dc836da4b2cd558d3c6556007b727dae574.jpg,1412337,flower,real,156
train/1412337/1784dbd022b43c75bdf3ed606230db76e4b3ebd0.jpg,1412337,flower,real,156
train/1412337/4edf540340db58cdf76d1a62b631724c8582060c.jpg,1412337,flower,real,156
train/1412337/c3e0f2dd9ac0095922fa0764c73db0a83f751419.jpg,1412337,leaf,real,156
test/1412337/90fe901bd9da30ee2ccb200f7368daad12f4152f.jpg,1412337,flower,real,156
train/1412337/1b8193d1dc876562dee440c7648460e32272662d.jpg,1412337,flower,real,156
train/1412337/e33c6f8b575820e29e8f5fb97409885a09192398.jpg,1412337,leaf,real,156
train/1412337/2a4887aa157d80da4908ee8d067aa9a8a468ee81.jpg,1412337,flower,real,156
train/1412337/16b64469223756550266fff48e2ff96dc195a543.jpg,1412337,flower,real,156
val/1412337/7d44e1d8b138ab7085d7f84e7b798c84d759f659.jpg,1412337,leaf,real,156
train/1412337/5f022a525b2213f28dcac2cf70702e68d6b4497d.jpg,1412337,leaf,real,156
train/1412337/0db574cf23a1257b7dfab499c0d226977faf8acc.jpg,1412337,leaf,real,156
train/1412337/0c7b5a0ef1df32341edc21c6e1e62cd2a9e838e5.jpg,1412337,flower,real,156
train/1412337/71d0fd2d0e853649d838c8c07ee2d9bef88beb94.jpg,1412337,flower,real,156
train/1412337/95096b1949166fb94e0f501edf781b30de760468.jpg,1412337,leaf,real,156
train/1412337/acbb6aaaf06bd8ca52bd4335ec5fe68d78c89c94.jpg,1412337,leaf,real,156
val/1412337/d9c1efcdec506ffaacdcc08aa0e0b22810a89cac.jpg,1412337,flower,real,156
train/1412337/a79c578b6ced25cdfe6f6662f3a6dc1bf12445be.jpg,1412337,flower,real,156
val/1412337/e93ec177707e24934ad182ee29c61fa2cc2c0cfc.jpg,1412337,flower,real,156
train/1412337/6a9ca226ec384847396cbdc2eeb447d94330d3b4.jpg,1412337,leaf,real,156
train/1412337/d01dcc22d34de5d4e46470d6b9063cd59fded0b7.jpg,1412337,flower,real,156
train/1412337/4ae34bc5c9826234e2e7645fce5f0e20ea956d59.jpg,1412337,flower,real,156
train/1412337/58586ae7987ea65ec5d935c73f19739df4367bb4.jpg,1412337,flower,real,156
train/1412337/6ef8afabd4e9000bcf2bae1a24d2d2185d3477cd.jpg,1412337,flower,real,156
train/1412337/e1779414c47e9a8a0df4cf20f3f1ec9d60b17d24.jpg,1412337,flower,real,156
train/1412337/7260621e5260797bfcf32164c15ba3859231f2c8.jpg,1412337,flower,real,156
test/1412337/bd77b0c5ec5187d50c647ce42580c833fbc01765.jpg,1412337,flower,real,156
train/1412337/86b4595247d3b2b8d17b8581455ac44522dfe9b1.jpg,1412337,flower,real,156
train/1412337/a4896abe1cb7a7230ceab745282b4e560b869f23.jpg,1412337,flower,real,156
val/1412337/2832c31c448e578876cc47d887f02fae83537eed.jpg,1412337,flower,real,156
val/1412337/4fcea6242618701417341da39f8f307140726b91.jpg,1412337,flower,real,156
val/1412337/6b4b4a3dbbddbadc0246a8b1672f30fe8731808d.jpg,1412337,flower,real,156
train/1412337/02b7e9eedc552095035cbb022ea878501d98d310.jpg,1412337,flower,real,156
test/1412337/0cc957ad79b7493cc365b5100a60af9ee0d51a46.jpg,1412337,flower,real,156
test/1412337/8671ef068eb9281d59b85ffc3e647544ba79faa7.jpg,1412337,flower,real,156
train/1412337/d74179f0d6a4f5cce40f74df08342a1b1498376c.jpg,1412337,flower,real,156
train/1412337/f68bda1d1d6f254a7873abdbcf1b77368b9d9946.jpg,1412337,flower,real,156
val/1412337/d13773ea365b65f6dbd9c11880a0a7c010e3b195.jpg,1412337,leaf,real,156
train/1412337/e3e14fa4646f68f231d172a4572cb0e05466a8dc.jpg,1412337,flower,real,156
train/1412337/e2752c9781b1ca1de0a5b9d039c9e97ffa548533.jpg,1412337,flower,real,156
train/1412337/ab22877a5ad57d1eb105fbc482ff5d311a248d96.jpg,1412337,flower,real,156
train/1412337/baeeeb19a00e3781e22f3e84430672eb474b9917.jpg,1412337,leaf,real,156
train/1412337/c2f5a8d8e447430d3ed61a3b46838fffa05e9627.jpg,1412337,flower,real,156
train/1412337/49ea7fbef81d810207796b05b3e51b568cffaf5c.jpg,1412337,flower,real,156
train/1412337/4bfc64e9271f0c76337395d894c4b3951afceea9.jpg,1412337,leaf,real,156
train/1412337/05a7bec21f6dba769e94d3566f43ab92c2a3dc22.jpg,1412337,flower,real,156
train/1412337/93224084651cedcc1b711a801d0beefe0008aace.jpg,1412337,flower,real,156
test/1412337/9457acfac9eebe2b60207de15ced31f026bfaadf.jpg,1412337,flower,real,156
train/1412410/1420905b150ff5bfb67ed348f0e67b54726a9756.jpg,1412410,flower,real,157
val/1412410/67e4bdfd90006f1f8e62124b43e45af81ae4cb29.jpg,1412410,leaf,real,157
train/1412410/08e4bdb68ce850036ad0368aaf15d755c0de85ba.jpg,1412410,flower,real,157
val/1412410/150eac43f90e15d3031cbfb43593c2a462e2f4de.jpg,1412410,leaf,real,157
train/1412410/621e6767398c88d4f56b2f3dc7d9f145c669306f.jpg,1412410,flower,real,157
train/1412410/97e75c738a26394082903970aa78cf48536db7bd.jpg,1412410,flower,real,157
train/1412410/e7c26ca422520ba8b6d47ebaf9a5097ea49e26c0.jpg,1412410,leaf,real,157
train/1412410/85b5714506004fda06d926b081b2156896f796db.jpg,1412410,flower,real,157
train/1412410/eab883b173348ecbd10c4492533b0fd1be7343a9.jpg,1412410,leaf,real,157
train/1412410/ff1b67dcbec1a8647599006e47dbc6515988ae0a.jpg,1412410,leaf,real,157
train/1412410/ad5391f4844ce7c67202f6d86f48ba33061db292.jpg,1412410,flower,real,157
train/1412410/db4dfbd5569c7630f306d42913f7d1d0b5f17189.jpg,1412410,leaf,real,157
train/1412410/5599311f8579d9709b4a9b3b8f5cb5ef7405d4a5.jpg,1412410,leaf,real,157
train/1412410/72d727b49cfc5665e06c997641851f2f18989ccb.jpg,1412410,flower,real,157
train/1412410/44e3a69b3f3f4ae8d291d3e2c11cbebef8c7efa8.jpg,1412410,flower,real,157
train/1412410/15bb43928dc775413a895e954b4a4d9434b4fe9a.jpg,1412410,flower,real,157
train/1412410/12554c029ad0d7a79577d4028ea1de20d6c3a423.jpg,1412410,leaf,real,157
train/1412410/b35f60adb987962b610654f92c48204cd723dcc1.jpg,1412410,flower,real,157
test/1412410/3133ff1fad46054a39f8f52bf503351e454c882b.jpg,1412410,flower,real,157
train/1412410/573d46717ddd79343978e45196a9e683694bb769.jpg,1412410,flower,real,157
train/1412410/2b4d391fffd5452354f6253c20c3bc1ca134105f.jpg,1412410,flower,real,157
train/1412410/ec0a89b07b35b135e565c3ce62be8f45cd26e904.jpg,1412410,leaf,real,157
train/1412410/ed4591a0b2fe5b02c428fee724490e79ebc30a24.jpg,1412410,flower,real,157
train/1412410/5e3de21287a815e9260f4bc519ca6f7561b1df8e.jpg,1412410,leaf,real,157
train/1412410/326f5b0c2b33c25cb89c898e120b83534bf355d4.jpg,1412410,flower,real,157
train/1412410/d1d4378f6be0c7c2cf3b4c1917030b23090f1b95.jpg,1412410,leaf,real,157
test/1412410/415d1a0fd02080dd798b0553db1d4faab6ded4b2.jpg,1412410,leaf,real,157
train/1412410/8468125137964d791e29811fa938eaf8ed96ef23.jpg,1412410,flower,real,157
train/1412410/14d7e48a1dddfff0fb6ad9760917fe2f06c6d54e.jpg,1412410,leaf,real,157
train/1412410/f7631a3387a7c65966db06e0f81366d478988c45.jpg,1412410,flower,real,157
test/1412410/954405179d0e9fea44c40753b7c459085c488a62.jpg,1412410,flower,real,157
val/1412410/cf8dd9d1a787b2532765e0769a23b131ae3514f8.jpg,1412410,flower,real,157
train/1412410/9c3bd3580412bfabb2736fb560bd2bbebde0c518.jpg,1412410,leaf,real,157
train/1412410/9c2f4ee12186ffb71ddb5b80649eb28e25218008.jpg,1412410,flower,real,157
train/1412410/27064ee07b12ef0cbe4af8786c5742dafbc9460c.jpg,1412410,flower,real,157
train/1412410/99b1478be1fdf01f39a5ac03e92964fbbefb56ff.jpg,1412410,flower,real,157
train/1412410/09db7274da4d7e1e6b7cd2d661e0a039fcb24ff5.jpg,1412410,flower,real,157
test/1412410/d7f2a67db7500a6cdf0670eab1dfea5cda599f9a.jpg,1412410,flower,real,157
val/1412410/d06ceeb92ee07ab8a2e47b927397b93612fac6bd.jpg,1412410,flower,real,157
val/1412410/dc811f17191e7735b07d8d9712a051ebba10b01b.jpg,1412410,flower,real,157
train/1412412/3372a41f1f242fcc05fa7bd9988cf38a316a5206.jpg,1412412,leaf,real,158
train/1412412/a91ccf65766518cefdb3453720d9ce8a3310aea1.jpg,1412412,leaf,real,158
train/1412412/ce8235dc7d535238b3218bf33e9419f11d540644.jpg,1412412,leaf,real,158
val/1412412/f3d67c8bd90ee0d92cd8cdba5aa212860c681a2b.jpg,1412412,flower,real,158
train/1412412/38177d3f4c11442e2773618064c18fb5d557206d.jpg,1412412,leaf,real,158
train/1412412/539e1bc09360cf36feea9601022c0b4fda36c16a.jpg,1412412,leaf,real,158
train/1412412/52d82050b0dc85efac61daf1b5f2aa32e2b91de0.jpg,1412412,flower,real,158
train/1412412/b8c5ba65033f56cbdcb4cb2e8d55c895e0c96805.jpg,1412412,flower,real,158
train/1412412/1b6b831e12e1dca47518a7c7557137327472490f.jpg,1412412,leaf,real,158
train/1412412/9f47f05b2085ac0da36307f02bc0e0bb7677d098.jpg,1412412,flower,real,158
test/1412412/1f3068b840d928ad699f4e0ec3bfdce1e376b42b.jpg,1412412,flower,real,158
train/1412412/716ad1e6f0319fa162670972e9e5e2e0bd8914c4.jpg,1412412,flower,real,158
val/1412412/6916e0301a3fd70d8069f2e0a4b356159da72daa.jpg,1412412,leaf,real,158
train/1412413/ac97f2ebacfaf7c1fc1ae69e0fb5cce94821fa75.jpg,1412413,leaf,real,159
train/1412413/b325c2a269601f3d716862e9c7f46d02058632f4.jpg,1412413,leaf,real,159
train/1412413/ff73581c64c072df9991249f60544d5e6a757930.jpg,1412413,leaf,real,159
train/1412413/3142105a96405c5fca6f1986fc5cbfa23ae6910a.jpg,1412413,leaf,real,159
train/1412413/cc344f85e4fb7f938eda6110ef9955578f82d39d.jpg,1412413,leaf,real,159
train/1412413/6e7b18a72d6ff7039e81be2d0bf13e3a6ee8abef.jpg,1412413,leaf,real,159
test/1412413/121b11696edac898aa3c61757895d7ae753ba03a.jpg,1412413,flower,real,159
train/1412413/384fd42042bfd4d2f98c72096948862bf52c4588.jpg,1412413,flower,real,159
train/1412413/8915efb18a058f74506e9d5d1a3597be7202579d.jpg,1412413,leaf,real,159
train/1412413/dcdc48d872538a789374b984059efc52dc3779e8.jpg,1412413,flower,real,159
train/1412413/15d18b9dbc9a327f0157a3815ea4a5c12337320a.jpg,1412413,leaf,real,159
val/1412413/d99c8456995cdff586dad839007d94f14d146220.jpg,1412413,leaf,real,159
train/1412413/9602032c28593c40276777d121e9081a55d28de4.jpg,1412413,leaf,real,159
train/1412413/1b0961be2916daa51ffdeba4fcf6987b49962a3b.jpg,1412413,leaf,real,159
val/1412413/62fb90cb2a4045976dd581302e30737073ecc904.jpg,1412413,leaf,real,159
train/1412413/446cca860b568fe44a9a531cbd91b2389c690562.jpg,1412413,leaf,real,159
train/1412413/13f7cc4dd457b31469b610f3e736d3eeaf4d2e6c.jpg,1412413,leaf,real,159
train/1412413/fc64578d6f2442d6f0ca0f02b0e4fae749bdb0fa.jpg,1412413,leaf,real,159
train/1412413/37090be79223817e9142b196b27b213eae876930.jpg,1412413,leaf,real,159
val/1412413/530b56eb5508a503dccf2081399b09bbd2d4c242.jpg,1412413,flower,real,159
train/1412413/16985897b369100e0c7bb342e6eb380acf3f9e81.jpg,1412413,leaf,real,159
train/1412413/f7fa45b7864aafcce42276e9e3675289ea08692c.jpg,1412413,leaf,real,159
val/1412413/aafbe05293130ed7dfa9064d38f325d04520ecb0.jpg,1412413,flower,real,159
test/1412413/d60e225a6f1890d8abc067a0a06bcdd073a59793.jpg,1412413,leaf,real,159
train/1412413/cd2b9f09b5c149a4efb5c853bd4b97732a03985a.jpg,1412413,leaf,real,159
train/1412413/0de278bde0739446193cc101f466e5bc1ddb9536.jpg,1412413,flower,real,159
train/1412413/ec0b9dd30cacc64aecf93a4c8dfbf5b3f1f8c5c7.jpg,1412413,leaf,real,159
train/1412413/a51cbf401b1a17b52b0d946c60a3112a4f450049.jpg,1412413,flower,real,159
train/1412418/9bba199388cd462cab777308cd28f2518623c927.jpg,1412418,flower,real,160
val/1412418/14696b52aaa7fad30c04128a7529067e4c7f6751.jpg,1412418,leaf,real,160
train/1412418/cf75402c453db568331252e584d44c64d382123c.jpg,1412418,flower,real,160
train/1412418/7fed9c17c469da7cfc371d6c129776b514289ef9.jpg,1412418,leaf,real,160
train/1412418/6666bed4009305d98e81c3ca2d9c36e37534b101.jpg,1412418,leaf,real,160
train/1412418/f5039763ed01208d6262be2e8ee443f863eedbc2.jpg,1412418,leaf,real,160
train/1412418/878fbe94ec07fbd088a84a7b34901c6bd73ce499.jpg,1412418,leaf,real,160
train/1412418/9f8b76ca428020c6c2ae5bcb418508a33b2c2fce.jpg,1412418,leaf,real,160
test/1412418/7abb2d30d43ef0540e4a2d67fcf308158c332812.jpg,1412418,flower,real,160
val/1412418/440ad048a24ad8378f15ca6b5737f5efd0721693.jpg,1412418,leaf,real,160
val/1412418/0ff2e06ac9fe1da23aec4990baebdc573b2233de.jpg,1412418,flower,real,160
train/1412418/19e1fd9cdca421f931b1ae282c57b6c3ac86660e.jpg,1412418,flower,real,160
train/1412418/5d7adac80a669fbb55a05a043eab7d5b31f11310.jpg,1412418,leaf,real,160
train/1412418/f2faa7bfa01cfeba5cbfb4a2dbf7031500d7a4cd.jpg,1412418,flower,real,160
train/1412418/a8f5db26a0546b7a7f9f6ab27d4e191e970efc91.jpg,1412418,flower,real,160
train/1412418/db2dd828e445bc19def44892f2fac683ab797def.jpg,1412418,flower,real,160
train/1412418/cdc62d605f8e138f2ed727cd13b1beede1aa322f.jpg,1412418,leaf,real,160
train/1412418/188d13d9a4f96eecb38c791ca69c39bd617eca88.jpg,1412418,flower,real,160
train/1412418/9b91b7c63190c233b11ccdecc9d31ba781d548da.jpg,1412418,leaf,real,160
test/1412418/494343eaae063b48df49c049f60e89e25539e908.jpg,1412418,flower,real,160
train/1412418/12ba3a0d39429eb8f5daeb579c203d67824e125b.jpg,1412418,leaf,real,160
train/1412418/7d50bac95746ea237019f35f29a4be438eb15fc5.jpg,1412418,flower,real,160
train/1412418/68e9a2f00f75751a14eaba1e4ee11319e8444216.jpg,1412418,flower,real,160
train/1412418/093be8d74d19b829367f23e64b742f9fee062825.jpg,1412418,leaf,real,160
train/1412418/50f2552bf2a3467349df6566c4fc6f792744b373.jpg,1412418,flower,real,160
train/1412418/2f0f4ddd7997f903fbafa1330de8a3db124711fb.jpg,1412418,leaf,real,160
train/1412418/c4aba66f3b0a95782d159ec160be0fc31a3ae072.jpg,1412418,leaf,real,160
train/1412418/dd9ce99cbe56c2d87df4bbb6a1a2de6b0b27cfd6.jpg,1412418,leaf,real,160
train/1412418/9f6083811e6551e5c8eeee231fcaa3baa59613ef.jpg,1412418,flower,real,160
train/1412418/5d1b64519c530124a0d3edc537144b4f0fb9fac9.jpg,1412418,flower,real,160
train/1412418/76c9618a3478d3df053ac6b35805ca44b9c213cd.jpg,1412418,leaf,real,160
train/1412418/b80455f2a2d3098c00b59e71d8f161b71e68bdc1.jpg,1412418,flower,real,160
train/1412418/e0e1cc9e270f6cfa1715af79e1b834b5c02ed844.jpg,1412418,leaf,real,160
train/1412418/b4335afd771cc9713254ed927856686ff7009764.jpg,1412418,flower,real,160
val/1412418/340a1e87a5191bb9151d9e3b0fe2a19f0cf75349.jpg,1412418,flower,real,160
val/1412418/342bff833862f53f655bc4c10f43a539a9b8ddf2.jpg,1412418,leaf,real,160
train/1412418/30561365191bcc3b4368006777a18bc7e0c27409.jpg,1412418,leaf,real,160
train/1412418/4b8c1b83a50f53255a6274093aad4599d6655179.jpg,1412418,leaf,real,160
train/1412418/d9a927bf2c63723e0b08834684f9a22a7ab423b1.jpg,1412418,leaf,real,160
val/1412418/f94a0abed59dee50b17fec9c5f9dbb7712f1c171.jpg,1412418,leaf,real,160
test/1412418/5a592c7420f070af1bd8612cb81fdf58b83a5555.jpg,1412418,flower,real,160
train/1412418/e42ef2e94a696ee154c9049a0fd15eba9057e422.jpg,1412418,leaf,real,160
train/1412418/1f2f75530596f01cecf7c8d60e767ba7c510926e.jpg,1412418,flower,real,160
test/1412418/f35d5c024986ae15f8acf9ad9a6b3ddfc3cfccab.jpg,1412418,leaf,real,160
test/1412418/53a3df3471e70cad32ffb27f948ad7de21b3f2da.jpg,1412418,leaf,real,160
train/1412418/40ac53499768595deb62a073cb85cd52b426e6be.jpg,1412418,leaf,real,160
train/1412418/cd47f56471ab520c53667f0eaf7c8aab19e991bc.jpg,1412418,flower,real,160
train/1412418/0d7ade2169be4a28a93d94e7ac746f26cfae5647.jpg,1412418,leaf,real,160
train/1412418/0134feb6f0aee580b2131469059e5334b5b1f90a.jpg,1412418,leaf,real,160
train/1412418/67f96fcfcfaf6e733b50267d28318f7b640f22c2.jpg,1412418,leaf,real,160
train/1412418/c754e52c4b12ca4bd91c78c476a39bc3de9ca887.jpg,1412418,leaf,real,160
train/1412418/cd038c13460185f0ecbe0d17e7fae144454c53e1.jpg,1412418,flower,real,160
train/1412418/0659daa8f31176d9fb99702137bf475a8fe30635.jpg,1412418,leaf,real,160
train/1412418/58798d9ee53e24591be331404402d58348d76ea2.jpg,1412418,flower,real,160
train/1412418/8af397f914634753d82faa97ff739b4b5970a1e5.jpg,1412418,flower,real,160
train/1412418/5b438d265a939bbe02a71099885a8e961d5d2b6b.jpg,1412418,flower,real,160
test/1412418/d348e0a985ef7c1194ec2c33bd345922f32a9323.jpg,1412418,flower,real,160
test/1412418/c3ee7f8fb8db14950e1a2658b37382fc88467aeb.jpg,1412418,leaf,real,160
train/1412418/d4387dcd76f2a0889b13c7e3b17111f6850ba37d.jpg,1412418,flower,real,160
train/1412418/bd1d89c6223329d902b632cf146e09ce455ac83f.jpg,1412418,flower,real,160
train/1412418/38a696d275292761f136d833d2c858f7de564721.jpg,1412418,flower,real,160
train/1412418/d31c6c065b046085e09eb0e66ed6043e2e494058.jpg,1412418,flower,real,160
train/1412418/fa327c82d2f0559fe825a2fc9f41d77423c9bb8d.jpg,1412418,leaf,real,160
train/1412418/66829d7d354d9e3879219592ef75c004b82aa855.jpg,1412418,flower,real,160
train/1412418/8224926e9cc9ba3e20625cb1cf434a5cd2b74d7c.jpg,1412418,flower,real,160
train/1412418/6885d82db78ff642af61bd007caadf35aa2c6569.jpg,1412418,leaf,real,160
train/1412418/f5caff2d99a3737f9f75056cde0cc88ca9e868b9.jpg,1412418,flower,real,160
train/1412418/e70c2f3f830300b4fbd0d7965662e515905d23dc.jpg,1412418,flower,real,160
train/1412418/4d95b38e4b1e23c0d0f1cd555467b2b17a1db997.jpg,1412418,flower,real,160
train/1412418/a4202f11f3b95dbe7e61b4b58e27fa7e9ccce1c5.jpg,1412418,leaf,real,160
train/1412418/57257f339820d5162f821bc725f7c5c0777b268c.jpg,1412418,leaf,real,160
train/1412418/1f19c6b7ae936a668d9ac43959815b48a70272e2.jpg,1412418,flower,real,160
train/1412418/fd6ea533cf20f21eccc6c194c2a11bdd49cfb2c2.jpg,1412418,leaf,real,160
train/1412418/1eb56e379a883c66f6517efcb71edb13cb694803.jpg,1412418,leaf,real,160
test/1412418/c9c6ee4f01e8aa6dcaf6bfe9dff29a5da187be7b.jpg,1412418,flower,real,160
train/1412418/5e67f71cfabee7898949eb7597bfdefe0eb214c1.jpg,1412418,flower,real,160
train/1412418/2a8473b85af6685fc3146e26751719a4ca7562dc.jpg,1412418,leaf,real,160
train/1412418/2398d456002adddb701a4bfc0cc9306798c46fd7.jpg,1412418,flower,real,160
train/1412418/a8d5f5dcafca38b225b291df2cbc35fbc6aa5bb4.jpg,1412418,leaf,real,160
train/1412418/258b508dbc57d5fb01d09cedf1a987e6dc9a2bb0.jpg,1412418,leaf,real,160
train/1412418/58252ceef0a23d2d32a0e0e8053f18280c43abab.jpg,1412418,flower,real,160
train/1412418/ff799140cc52032e3e7c9923b18388cc1bc826ed.jpg,1412418,leaf,real,160
train/1412418/1190611d4f777b316bbe9905b93b158bfe142ceb.jpg,1412418,leaf,real,160
val/1412418/aea880d56de145097424ab22db7e0a74e349adf7.jpg,1412418,flower,real,160
train/1412418/e6c5a6c3bf9e239f44f10d15ff483d62dc83a8c6.jpg,1412418,leaf,real,160
train/1412418/b3bc89916cf5b9b65ddcf1ba24891a20a699269d.jpg,1412418,flower,real,160
test/1412418/a9a1f3737e12a792200d62a71d6b8fd8abd4bb58.jpg,1412418,leaf,real,160
test/1412418/f0da61bea7e6a5e1364f448098a6c81540c38fad.jpg,1412418,flower,real,160
train/1412418/04ab6d30dffca3af779e668b75d4843e1eb23f3c.jpg,1412418,leaf,real,160
train/1412418/3ed440b151ced190a92d75f6866d051d3176ed24.jpg,1412418,flower,real,160
train/1412418/00846b6f510c6443c1eebfe0ce6ccaad58621494.jpg,1412418,flower,real,160
train/1412418/7cac69c80dd51eae7681c82ebe45812db0abfb61.jpg,1412418,flower,real,160
train/1412418/33200ad732d96b4527d9dbc774fe32c3fc7a9893.jpg,1412418,leaf,real,160
train/1412418/41dd9cea5ca4e1c18d04a99f11da6614d7221b56.jpg,1412418,leaf,real,160
train/1412418/a26b430057b9e611751c2793eab8d9afc5688ae9.jpg,1412418,flower,real,160
train/1412418/0c87bc36c53d153e0e6e2a6298375d61ddab05ce.jpg,1412418,leaf,real,160
test/1412661/3af23fc9f0c37cbf4236bf3afa002bdc78466c2d.jpg,1412661,leaf,real,161
val/1412661/b5389af08f03b793fa0dc8ed30f10d4ee854b647.jpg,1412661,flower,real,161
train/1412661/ee27d318647e0db81d71df7da96fce32985f784f.jpg,1412661,leaf,real,161
train/1412661/42f3003352f5a1ae6f586f79e09a9baeb53e9865.jpg,1412661,flower,real,161
test/1412661/fe7bba220f91a216b48c5dec3e57ac73aca0c656.jpg,1412661,flower,real,161
val/1412661/a63590c9561e5829d04d4fe4fa99bdf2c2521b40.jpg,1412661,leaf,real,161
train/1412661/1e42a4888deb088eeedbb71fcfc393e4374acd81.jpg,1412661,flower,real,161
train/1412661/9d9b55ed5c5ff69622eba29ed76b0076589e71dd.jpg,1412661,leaf,real,161
train/1412661/ae4785afca953eb9f7c7417cb66e5eeeeb793c44.jpg,1412661,flower,real,161
train/1412661/04eb016cc86cd7f7638b8cd886a8883a5f9e44cf.jpg,1412661,leaf,real,161
val/1412661/be8fc50b04059165f783f937aad2d7bb2f3917b5.jpg,1412661,flower,real,161
val/1412661/5bd158f8e22b25a1639c255420571675e3e5d4e3.jpg,1412661,leaf,real,161
train/1412661/c00a47c0f973961b2c44baaac931271ddfdad73a.jpg,1412661,leaf,real,161
train/1412661/ebe93b9797ff436ea23beb4469571a6325f2b8b8.jpg,1412661,flower,real,161
train/1412661/b6be86dd9e3326cc725357233c811c3da74ad561.jpg,1412661,flower,real,161
train/1412661/5d1e21b5792b3b12f5a5c5dae2b73b02369518f1.jpg,1412661,leaf,real,161
val/1412661/fdb87e9265efe68d692cd6e9aa89e244d6853588.jpg,1412661,leaf,real,161
train/1412661/0e03cfcc2919cf82d18a462fbcbbd9d477b482f5.jpg,1412661,leaf,real,161
test/1412661/7c67bfb9594a0323953852c3662b20c464824896.jpg,1412661,leaf,real,161
train/1412661/433fa2fda0ad97ecd55c7ba77b2b475cccdc8dda.jpg,1412661,leaf,real,161
train/1412661/cd8d6ae4d66013c00e6ddf52969fe022f045ce55.jpg,1412661,flower,real,161
train/1412661/e892d583d9cc75a99fc31c4d8af61008ce3c0fbf.jpg,1412661,flower,real,161
train/1412661/6f4238fc85cb815b10b3fc9edcea13ec173140dc.jpg,1412661,leaf,real,161
train/1412661/962e319134e1da918a042ba35b905981b310ed04.jpg,1412661,leaf,real,161
train/1412661/214f7151ef056d266320238069d6e1393b43c8a0.jpg,1412661,leaf,real,161
train/1412661/7dbbc1479744f3ac450fe927c511e4c3dac7d618.jpg,1412661,flower,real,161
train/1412661/d2b340097a40323b46620d48bdd9f930547c8b20.jpg,1412661,leaf,real,161
train/1412661/249b6404aa5d98cc8a3e4481f9a60899deba2728.jpg,1412661,leaf,real,161
train/1412661/f91b135c4907dddfdcf7d06e9dd7fff132c861be.jpg,1412661,flower,real,161
train/1412661/0e8d06aeb76563306732e603f5c44c9b1f48694f.jpg,1412661,flower,real,161
train/1412661/ad6fd16b2fbf431b561734d052d15535cf5035fc.jpg,1412661,flower,real,161
train/1412661/88dfaa3aed4481486f00dbb5343fe72fdca2f2fa.jpg,1412661,leaf,real,161
val/1412661/ed283eb3285c0035465a3003e116135342df7884.jpg,1412661,leaf,real,161
train/1412661/696f2839fe5a6eba54166cb8b1b34750bd2deada.jpg,1412661,leaf,real,161
train/1412661/fa3d073a26f71f72129bca500e8d8cde90adda12.jpg,1412661,leaf,real,161
test/1412661/55db695502162ee2506fbf22d05f12bc0929e00b.jpg,1412661,flower,real,161
train/1412661/2bcf0e2a1c069fb86eff3f0e361c08f3322bcc49.jpg,1412661,leaf,real,161
train/1412661/829acfef1024f7b45157ffcbd6d06b1f062fa457.jpg,1412661,flower,real,161
train/1412661/e533d0062f23eaa0b2264a5c96eb61e1ef39dadb.jpg,1412661,flower,real,161
test/1412661/a0266621e1b537b17f06cd94d5fbddc7e272a8d7.jpg,1412661,leaf,real,161
train/1412661/876eb1ff7667236dac9cbad9885e6acf92127b5b.jpg,1412661,leaf,real,161
train/1412661/b55bbe27cc8b27bff6f1c589cade5579f7dd1fcc.jpg,1412661,leaf,real,161
train/1412661/7af4a6cf3948c386b9b18215e6d303e5cf368488.jpg,1412661,leaf,real,161
train/1412661/bf962d06bd8d8bd53c7e091824233d3685086f97.jpg,1412661,leaf,real,161
test/1412661/042aea4007786cf838263830b7e20b930a936468.jpg,1412661,leaf,real,161
train/1412661/38af9c9182d389c946a7fc736fd48647b9d5a946.jpg,1412661,leaf,real,161
train/1412661/553c8027da755dd2513b457a0087d43fb59fbb16.jpg,1412661,flower,real,161
train/1412661/793e65a681b492c6c35b5ab202339fc6589b0a8e.jpg,1412661,leaf,real,161
train/1412661/f6cfe9a05f0f2c152bc53587caa11fee93b8557e.jpg,1412661,flower,real,161
train/1412661/2b6a051f55e5fcb64d366d836c5b0ef4c3f54f16.jpg,1412661,leaf,real,161
train/1412661/bbace3d5d474ae9b2c8aa508f19c9cc2c9e8f94d.jpg,1412661,leaf,real,161
val/1412661/411d57a5da3125d9756f564837f7c9d06bf97bdb.jpg,1412661,leaf,real,161
train/1412661/6a1663e4406ce9811c5ed38bcfe2be28e1f8f1d6.jpg,1412661,leaf,real,161
train/1412661/e7fcaba0b38b3b55d6e86da94bd7cc10ae0325cf.jpg,1412661,leaf,real,161
train/1412661/26b4dbbf249a56b3e77834ed5acad96193cdd6c8.jpg,1412661,leaf,real,161
train/1412661/586956f660f49f3499a83915126eb1b389aba1b0.jpg,1412661,leaf,real,161
train/1412661/a7a9f010d3b41c4b9a2e5e701d2a4e560a9959ef.jpg,1412661,leaf,real,161
val/1412661/4882ef368efeaca144a07e31eb90482f782b8117.jpg,1412661,leaf,real,161
train/1412661/b908d6c977b6c7071f5d77872e7a5cd352000e06.jpg,1412661,leaf,real,161
train/1412661/01db4e2b948e119c4a705879931217d1f10b98e0.jpg,1412661,flower,real,161
train/1412661/6a476c783c4804b7b86f9c2a885a955a79b7c3bf.jpg,1412661,leaf,real,161
test/1412661/cfbc415ed79b0c79e8dce2beb1d17d8c90f00100.jpg,1412661,leaf,real,161
val/1412661/6f413c1814b58c1ecb917ef9164170fe3db11d6f.jpg,1412661,leaf,real,161
train/1412661/c7371494fae8ec9c8b82c4480ee143a0ae655a52.jpg,1412661,leaf,real,161
train/1412661/221a67cfd370f3f708deac19208922ccd5e069e3.jpg,1412661,leaf,real,161
val/1412661/50e7607144be688cddf9ada5c6b2743d3995d2a2.jpg,1412661,leaf,real,161
train/1412661/bc28d7af8c5953b82acc6a0b6c84329f917be9cb.jpg,1412661,flower,real,161
train/1412661/a00eaf3d0cde5668dfe94f4739496af9b3ad6e5f.jpg,1412661,leaf,real,161
train/1412661/4331ae30f56fdafb2c3ddaf033bb3793dd2388c3.jpg,1412661,flower,real,161
train/1412661/6651fc974a01edcfb49051c9333d04a2a0ac4d66.jpg,1412661,leaf,real,161
train/1412661/add08e54c0ed375e3812415a18d0f6190f8d1aea.jpg,1412661,leaf,real,161
train/1412661/1115d37151813850a9734a87063d66a8ef2c84e5.jpg,1412661,flower,real,161
train/1412661/99ba133aa317cb2bdbb88437e2707e4842a13a0b.jpg,1412661,flower,real,161
val/1412661/5feddc3cbac94d840e81fde52e81a0bc268e2686.jpg,1412661,leaf,real,161
train/1412661/1da603b5fe34f78706e85f9e8f4979d451e88907.jpg,1412661,flower,real,161
train/1412661/2228091b09fb18cac7f3583974aff3e0b334ce94.jpg,1412661,leaf,real,161
test/1412661/5fed0660408a7c12c5f3e6df4765a57e88d78db0.jpg,1412661,leaf,real,161
train/1412661/cb992fde20447d51d7d7d6315940134cd8665c00.jpg,1412661,leaf,real,161
train/1412661/f6a878dcf9640a1bcd998f598123ee7efd22b3d1.jpg,1412661,leaf,real,161
train/1412661/4ed2ba38c31fd19e992f43b0be9cbccd39937882.jpg,1412661,leaf,real,161
train/1412661/809e10151c69937ee3eea2864d7fe28dd52848a6.jpg,1412661,leaf,real,161
train/1412661/df89fd6c7fc4d3e5856ef543fdfe860ebf831064.jpg,1412661,leaf,real,161
train/1412661/d13d8f93f9141abd00437023ab0aa5fd207da028.jpg,1412661,leaf,real,161
train/1412661/2e7c87c89a5c5c4bf909e0ab7c528735bf8d9d6b.jpg,1412661,leaf,real,161
train/1412661/1068d5464972b9ace4062342160b2195cab4f403.jpg,1412661,leaf,real,161
train/1412661/8efa05ce70a58884e783d48f35952913d061304a.jpg,1412661,flower,real,161
train/1412661/956af7abbfbb3481b8660d6a7a51f21150e44dce.jpg,1412661,leaf,real,161
train/1412661/755140511cc7a722e32ee75c18b2af8e30dbd51b.jpg,1412661,flower,real,161
train/1412661/b5f50b6cf2a0221598d787cc1947b41c50437935.jpg,1412661,leaf,real,161
train/1412661/380bbd355d51e9292f1906d8ad3dc33aa7c186fa.jpg,1412661,leaf,real,161
train/1412661/2ec1de5a5eb08a12b09ac726c572f905e5d68eef.jpg,1412661,leaf,real,161
train/1412661/6ea9899959e91f90792e4e467e6f4002e2172ba4.jpg,1412661,leaf,real,161
train/1412661/08a863e9e548086f18baebbb4cb5ea03eeb7d72b.jpg,1412661,leaf,real,161
train/1412661/a4b97490018939d36ffc49b266a0c8617cc33a7b.jpg,1412661,flower,real,161
train/1412661/6e5345d63146db682e74eb8cde48e9886a866693.jpg,1412661,leaf,real,161
train/1412661/1fed993914f412f7e1b16f06996c90acdce30b6c.jpg,1412661,leaf,real,161
train/1412662/b5e9d26d0acca3e7c1ef09927e880400d5946970.jpg,1412662,leaf,real,162
train/1412662/a4a134a3b5ff943d264335b55c2954ba61517038.jpg,1412662,flower,real,162
train/1412662/65fcb0223a5f2e7c7bf41f35ce6431152c14a292.jpg,1412662,flower,real,162
train/1412662/3501c557392d0c08e3be782f68d773f152c98058.jpg,1412662,flower,real,162
train/1412662/9cc364fca2226a39d173da6d5861f554fcbea777.jpg,1412662,flower,real,162
train/1412662/e45d55c689628be0b43485e2012ae28a5d79c56d.jpg,1412662,leaf,real,162
train/1412662/c9ff6d93258d8d1585107a27433ed3f8127e036c.jpg,1412662,flower,real,162
train/1412662/581608e4df1e8be5741e215a21b6573111f896e2.jpg,1412662,leaf,real,162
train/1412662/def8db7eff1008334f92943d13a827805e3c7e11.jpg,1412662,leaf,real,162
train/1412662/845d6f40596d294e41bc11ea2ee3ed811f866782.jpg,1412662,leaf,real,162
test/1412662/786896a26e10a0baa084114cf2352f1ee246860e.jpg,1412662,leaf,real,162
train/1412662/acd6bf88be7d03b55a73b06a1065d482c86171b0.jpg,1412662,leaf,real,162
test/1412662/dc34c2b60a542f6314b91a136d167a7464201afc.jpg,1412662,leaf,real,162
test/1412662/f98cd5645c0c573f094c785ae633d5e8c41f27d1.jpg,1412662,flower,real,162
train/1412662/4e649e188c509e4920ea5bc067be41efb293350a.jpg,1412662,leaf,real,162
train/1412662/a29f162a7d87785704063e28613844f8465f4636.jpg,1412662,flower,real,162
val/1412662/7fcf8e8080eb849c04e4467de2bb78115f527ae6.jpg,1412662,leaf,real,162
test/1412662/5c5cbde46fd81e24cccab3f15645a8090d05f9bc.jpg,1412662,flower,real,162
val/1412662/35f4f18ca9834801060cbb459b2f723d129aad32.jpg,1412662,flower,real,162
train/1412662/489de7bc1fad5b2046c20a4fc9e8f7e817ea4848.jpg,1412662,leaf,real,162
val/1412662/21dc47db2ce9baff140ced209f036fda41880a6d.jpg,1412662,flower,real,162
train/1412662/b1397439fb584d0b56d45ca1d09f65fa500baa83.jpg,1412662,leaf,real,162
train/1412662/0ed3111cfd10d3c286e5c1cf862b28b0bfe264f8.jpg,1412662,leaf,real,162
train/1412662/11fbced02c2537ac310fe16cf5b923c8220e6bcd.jpg,1412662,flower,real,162
train/1412662/50911912b70c9e1abce3e08d237d7c8c22374c82.jpg,1412662,leaf,real,162
train/1412662/12e64089614fa86da26fce0645628e5a1a28109f.jpg,1412662,flower,real,162
train/1412662/e36ee82a1aa6c31e4f311178d54d1ec239b32797.jpg,1412662,flower,real,162
train/1412662/ba608c433c6802fbf979fd1e07d0976abd5579c1.jpg,1412662,leaf,real,162
train/1412697/f73288db8a45900a17218867897be1c45154179b.jpg,1412697,leaf,real,163
train/1412697/1569eb757e8780441117ff189ce246b0ab6ca102.jpg,1412697,flower,real,163
train/1412697/f84794d772dc38c6ffe159dbfa840998944d0571.jpg,1412697,flower,real,163
val/1412697/16b6dbb7ca0aebc5359a5d472f5281fc43da8f28.jpg,1412697,leaf,real,163
train/1412697/be578189332599b8a446089735379cd5bd67148c.jpg,1412697,leaf,real,163
val/1412697/fee0cdabcdd340c4fb093896dbb629d403f3a37a.jpg,1412697,flower,real,163
train/1412697/246dc8eb23d3161f73c920d90f292068998a93e1.jpg,1412697,leaf,real,163
train/1412697/8ab2956bd8bf83fefa7c9065334dfaa1c1a5be19.jpg,1412697,leaf,real,163
train/1412697/afca0cd841cb2142e04a10104fc16bbdb921e4cf.jpg,1412697,leaf,real,163
train/1412697/9de558c9df88e4ea3c46db5da53a61131379b73a.jpg,1412697,leaf,real,163
train/1412697/adb24dc477794bc2405e3101a9d7f667af69df4e.jpg,1412697,leaf,real,163
val/1412697/0e662165c7e3904e16a2a5e2060978ec398b34be.jpg,1412697,flower,real,163
test/1412697/ea99ec654f663c406370259a3aa79391d528776d.jpg,1412697,leaf,real,163
train/1412697/5e7387d7a642f222c2512dc76ccadf505d223d8a.jpg,1412697,flower,real,163
test/1412697/861253d1778c1a6afc358c47f2266a67492bf518.jpg,1412697,leaf,real,163
test/1412697/79c1fa4c67ab1b66f1b2b3b2ca819c822069f79a.jpg,1412697,flower,real,163
train/1412697/26456332dfd566e74f259229f4bf06f48fbe14e6.jpg,1412697,leaf,real,163
train/1412697/65f3202e4cae0a2d05682e2d0500e5f0a25c8299.jpg,1412697,leaf,real,163
train/1412697/d56ffa3fd9c6cc0a012de8074e5a8a40163ac2db.jpg,1412697,leaf,real,163
train/1412697/d92a2726b3fb5c410bd469786b2593d3dfe35708.jpg,1412697,leaf,real,163
train/1412697/f571089393acd0f28987c33522eba88c103dc0e6.jpg,1412697,flower,real,163
train/1412697/b20339e82b78aa3a33fa0d731f2ddea7c5b62912.jpg,1412697,leaf,real,163
train/1412697/81f38ab842f74bdb7b67421860f6bf8d59f1403a.jpg,1412697,leaf,real,163
train/1412697/138766fa90084c37ea416bc4134283d5ac9c94aa.jpg,1412697,leaf,real,163
train/1412697/72d8aa69b05eee6578bd2a9480e831a049a3244f.jpg,1412697,leaf,real,163
train/1412697/2effecf830a666edc8dd7a8875a18f597b21051f.jpg,1412697,leaf,real,163
train/1412697/d7f88cbebcc0cf97c71acb4ebe26a7a84dfd369b.jpg,1412697,leaf,real,163
train/1412697/07b227e32dbc9224550a4e884e81a8d5b725d51f.jpg,1412697,leaf,real,163
train/1412697/dec491f3ff0643e56b0a6ecf6e55c1d1a06d3048.jpg,1412697,flower,real,163
train/1412697/fd14bdd5b90a1c8d47cd2258fbc4ebb51bb6a3a4.jpg,1412697,flower,real,163
test/1412697/c15bd808cdcc928df24efca05abbb8bc594e8067.jpg,1412697,leaf,real,163
train/1412697/736fff8db222893eeba2fb63564b72b239e66e0f.jpg,1412697,leaf,real,163
val/1412697/c4165dc485d276e5c402b090f7c1b62ad206340d.jpg,1412697,flower,real,163
train/1412697/ccd85ba4b87cb14c3519292a749f5d9e1a36f3aa.jpg,1412697,leaf,real,163
train/1412697/68c35f21ddd1a15260f13deffcfc00f7f3ea3181.jpg,1412697,flower,real,163
train/1412697/1ec1401371f5e0770e407d9f1e63fcdebce10547.jpg,1412697,leaf,real,163
val/1412697/b8ac28db8163b6ecd9154886ec93136acc03b1c9.jpg,1412697,flower,real,163
test/1412697/8f7bd562bcf813d4f819aa9b9b2f88619042fa82.jpg,1412697,leaf,real,163
test/1412697/876c7da5c5d38a511c2c77bd75830c96e4f54336.jpg,1412697,leaf,real,163
train/1412697/2fdd11b88025c67a3c4fbd888035299b357371b3.jpg,1412697,leaf,real,163
val/1412697/4052cac2aa7cef0fd9074b5cc6685e335425fb96.jpg,1412697,flower,real,163
train/1412697/9e424404193c4f3312a070577b9f85f058703aec.jpg,1412697,leaf,real,163
train/1412697/944e56532f856ba17cc64dd54f0d4c561002ca16.jpg,1412697,leaf,real,163
test/1412697/663f8899b9bd11cd7885ead29a76ef7b5140a98b.jpg,1412697,leaf,real,163
train/1412699/23ee74cd3e9a79640954e8e497d3eed544ccb365.jpg,1412699,flower,real,164
train/1412699/9dcc752b7610b64abbf8558ee49b88b4c4135d7b.jpg,1412699,flower,real,164
train/1412699/0f735ce8797b4c36b0fafedcf8f0f374a42fbbdd.jpg,1412699,flower,real,164
train/1412699/1040f41f7ec36c6c6fd326d067e8c51d4e9a881c.jpg,1412699,flower,real,164
train/1412699/313ff7f01049aefe31ea350562e783b2acf0b104.jpg,1412699,leaf,real,164
test/1412699/029820e363822065c84859800398f0f8323a8fce.jpg,1412699,leaf,real,164
train/1412699/21d6360c4ae81497f810a69fbfb3b7a565b68ad3.jpg,1412699,flower,real,164
test/1412699/ee903863a6d3948f6e64092a07eefbddf1835fc5.jpg,1412699,flower,real,164
train/1412699/b9114ae0bf755e8746953d6c203e64c69c776cb3.jpg,1412699,flower,real,164
train/1412699/f247abd2a3edd083306926acd2d5760e8bd0889e.jpg,1412699,flower,real,164
train/1412699/41ad4c75fdb7ce618aaa70875cfa07e9d2687f3e.jpg,1412699,flower,real,164
train/1412699/ff444aead99c4e94cd0d9eefa7fbc3988370c7aa.jpg,1412699,leaf,real,164
train/1412699/761632c3db18d4afd7bdc537fc17a1e1a7cfc200.jpg,1412699,flower,real,164
train/1412699/5fd992b4495a117032f3d39ec626d843d8a5ceb7.jpg,1412699,flower,real,164
train/1412699/3190901eba90c06698a5bbdda316a1ab1664a81e.jpg,1412699,flower,real,164
train/1412699/3217c022d65ac90c3dfbab5de7d1299f78f0e5d3.jpg,1412699,flower,real,164
train/1412699/a862cd8d5bb3f0ff87b302337576e62d78cc4664.jpg,1412699,leaf,real,164
test/1412699/826f085d085544ea413f521514b5694f20d35652.jpg,1412699,flower,real,164
train/1412699/7477e22fc757b2f253d3efe8dc1dd62fded97dae.jpg,1412699,flower,real,164
train/1412699/8c64cb2527d4f6673d6f24e70a6c85b36b1f1f0a.jpg,1412699,flower,real,164
val/1412699/18a8ded0db767c9f5b8ebe893db7e29e8599f4ee.jpg,1412699,flower,real,164
train/1412699/55128b0873f8553a43e9c1012d9b6ba36d29b804.jpg,1412699,flower,real,164
test/1412699/57b6b38a3056f1c02e25e27ff47521dab6064d92.jpg,1412699,flower,real,164
test/1412699/a8c2f2a08e7ad5bf694d766a1b7e3e0fe1acbcdd.jpg,1412699,flower,real,164
train/1412699/f467758d2108ccf5bd0c0d92852856839209c465.jpg,1412699,flower,real,164
train/1412699/b606fa02f571665c0d974171410a54a97f5c4e16.jpg,1412699,flower,real,164
train/1412699/995c0ccf8a56fb85515a218ecb7a797885c69ca0.jpg,1412699,flower,real,164
train/1412699/d0706d63b80f9c3ed330f4a0c849061693926585.jpg,1412699,flower,real,164
train/1412699/cb858541316b063672ec33ac439f79a13bb93c8e.jpg,1412699,flower,real,164
train/1412699/61d65f8022522b87514a2bea1533f368dc176781.jpg,1412699,flower,real,164
train/1412699/beb90ca93c4d2c1e9ba85afb5e99501f6dabac9d.jpg,1412699,flower,real,164
train/1412699/a776bb7d3223c524e10652b3320fb165939d04bc.jpg,1412699,flower,real,164
test/1412699/fcf33d25f84bfb4504bdb48004703b3e2ce5996a.jpg,1412699,flower,real,164
train/1412699/48bcd7dc31869a6e640042bcdfef9684e2a65d0f.jpg,1412699,flower,real,164
train/1412699/e67f0d280f2a0c8144a37c45c8134f500697563f.jpg,1412699,flower,real,164
train/1412699/4e369ec32675c3cfc8d492dc45ac144e8db78196.jpg,1412699,leaf,real,164
train/1412699/6bdf5e9562b1b5eca25346a29119550708da270a.jpg,1412699,flower,real,164
train/1412699/2e0ba521c8edbae338a7a46d2ca00089175a80c6.jpg,1412699,flower,real,164
train/1412699/e4f87689bf93b55e97375e9c0bf2ebcaa94d7b4c.jpg,1412699,flower,real,164
train/1412699/8e61dc390e6fe0bc83a01dd77f70f8dbd683fbf3.jpg,1412699,flower,real,164
train/1412699/cfb491aa0053c90990888ff2f396e9e7d5da8d0c.jpg,1412699,flower,real,164
test/1412699/7ec6c1cdf491e32119a2d9f9d13c74a632f08e16.jpg,1412699,flower,real,164
train/1412699/c272700bbab45c3cc9c8a2545dc578ece903ca9a.jpg,1412699,flower,real,164
train/1412699/6900126338ab32e2dbc9df74319b3f583f9b93c0.jpg,1412699,flower,real,164
train/1412699/d8208ac17a2352ae6e817a4d61c1f9ba892a6c5d.jpg,1412699,flower,real,164
train/1412699/2b66f6e6317c6254290ddb3332192eac2eb8f4f1.jpg,1412699,flower,real,164
train/1412699/45bd80126ca6bcc5ed32a360642052e096e6edeb.jpg,1412699,flower,real,164
train/1412699/438fe25df16243ad42ed281fb09f71f18ddd277d.jpg,1412699,flower,real,164
train/1412699/6e7ab4edc8005106bb3bd8a75eae146e8ed1a6fc.jpg,1412699,flower,real,164
train/1412699/9697b6972dfdc2d82fb93060cf2fe14799434150.jpg,1412699,flower,real,164
train/1412699/b4f009e0d9d20127af2c78661f0f652aa6f2e0a0.jpg,1412699,flower,real,164
train/1412699/19c75e64cc8f12393c624a58354b82f313b9ae1d.jpg,1412699,flower,real,164
train/1412699/f0668700f976443afdcc187d01db54a5bf584426.jpg,1412699,flower,real,164
train/1412699/54cab856f125c50499c6354d0a87c7807622d7ee.jpg,1412699,flower,real,164
train/1412699/b094699d3d23ee211dd4b83785097aa63cbfdee8.jpg,1412699,flower,real,164
train/1412699/19f6f635437b5802563c6342dbaddea645e6df67.jpg,1412699,flower,real,164
train/1412699/f8c5c9ebc66264189a8c30729fcf90ce42ba8c1a.jpg,1412699,flower,real,164
train/1412699/27a7705fcf409c8e27a012c77977edb2d8f7c5bc.jpg,1412699,leaf,real,164
test/1412699/1351bfb33ed838589b3525e2dcd55b0b0c5671e6.jpg,1412699,flower,real,164
test/1412699/a6dc5bb271620cd7bb4c7dc57d189527c253eec5.jpg,1412699,flower,real,164
val/1412699/63c92d6fe94f2e73d50687fef190bc909e653125.jpg,1412699,flower,real,164
train/1412699/b88ac012239fe45e2fb4b7da3a6b65cffdc7fe77.jpg,1412699,flower,real,164
val/1412699/d10b267e838923dbf21e867d52702195698fa513.jpg,1412699,flower,real,164
train/1412699/c1386e02bf9c6bf2ab95e81f1d9896759488017d.jpg,1412699,flower,real,164
train/1412699/662eecc3be48a6cd8b46d3922dd37ac9e2d37601.jpg,1412699,flower,real,164
train/1412699/1db860d9503ff9bb3d797a8a3c9982d03aa93647.jpg,1412699,flower,real,164
train/1412699/e3ab76101b508512aa626b5e021d29ea296314b2.jpg,1412699,leaf,real,164
train/1412699/9a02c9766e30a7d659d588e57ee59e7521bb9add.jpg,1412699,flower,real,164
val/1412699/b2dacb65c772d3740e6e0f79d554b604c00ffebe.jpg,1412699,flower,real,164
val/1412699/64ced768857dd8b2205d8404302d7d2c4031a991.jpg,1412699,flower,real,164
train/1412699/026a3be38d5dbd0b7f1e83be9173a08aaf00963b.jpg,1412699,flower,real,164
val/1412699/883fca8811e37f91593833ab03cbab3cc82ca7e2.jpg,1412699,flower,real,164
train/1412699/a0e5932eb5473b7ae587b6ff6afba5914b6236bd.jpg,1412699,flower,real,164
train/1412699/7555554d382600a98e0c80d21e3ca62d36e387e6.jpg,1412699,flower,real,164
train/1412699/86e12ddabfee286ff7b5776f4abd599f14ff50a6.jpg,1412699,flower,real,164
train/1412699/a6ce77eb017f7da5458ac81a2c3f6309a9fc2037.jpg,1412699,flower,real,164
val/1412699/64cbf8ff4433e661f9a8a656597f059077e6f5cf.jpg,1412699,flower,real,164
train/1412699/c950a18450410cbde0d855cb6c1d55c849905db9.jpg,1412699,flower,real,164
train/1412699/3356ec856ede91101dc35a7a85c0e4d49c533d3d.jpg,1412699,flower,real,164
train/1412699/aa4de37791fc439f4cd0dbecff72c89d6ef085e7.jpg,1412699,leaf,real,164
train/1412699/85a954291c374fedea4312074230040364866b8b.jpg,1412699,flower,real,164
test/1412699/b35b5970a7f885a168071785e98de3ddae8f9654.jpg,1412699,leaf,real,164
train/1412699/3530ecba53b30f2201c7312961126519e6451465.jpg,1412699,flower,real,164
train/1412699/128d802f49669b450b17bd99adad1aa1fd2b65da.jpg,1412699,flower,real,164
train/1412699/9034cf662b81cfd822722123b8410581d45a3058.jpg,1412699,flower,real,164
val/1412699/969f0e3586672b520e0a84c235909b4e8c6ca82d.jpg,1412699,flower,real,164
test/1412699/91901c44deb48014662adbeca591f58e57e13b0f.jpg,1412699,flower,real,164
train/1412699/1a86f308851e9bd42d3fc0a1d2d23cc300a61a57.jpg,1412699,flower,real,164
test/1412699/b10c0b863f6b86c22f420e6e4a7df469276cf2f1.jpg,1412699,flower,real,164
train/1412699/4b35298b878677f6c71d38df6d66f99bf864d58b.jpg,1412699,leaf,real,164
train/1412699/d7116c3db6f46df2c2f520fd63ce8510d88eb20d.jpg,1412699,flower,real,164
train/1412699/08153c2e2a98c03a550807909a27006438fe447e.jpg,1412699,flower,real,164
train/1412833/f386eb01c4f699f2fe5ea46cd722ccbf6b45f9b2.jpg,1412833,flower,real,165
train/1412833/a8ac0b3147d943a736885e9acd63fd30dc576250.jpg,1412833,flower,real,165
train/1412833/f40cb3fdd6a5d6b7d69b07d9c6ec5bb7f737f701.jpg,1412833,flower,real,165
train/1412833/c3fcff9dddc68b639eae6a490383c09aa41fcb5a.jpg,1412833,leaf,real,165
train/1412833/d7ccf4f8bb9968705a9783ac26593aa1840a1d37.jpg,1412833,flower,real,165
test/1412833/3e729c190c70fb38ffeae6d1a0d68fc2f6faed58.jpg,1412833,flower,real,165
train/1412833/565a94a59124245d2a282165f597c11a61af7336.jpg,1412833,flower,real,165
train/1412833/23a71fa1b934b1ec450417d3f27152f7bbb608d3.jpg,1412833,flower,real,165
train/1412833/f11fafc5e5c2d998c7700f5bddf83b6fccea7063.jpg,1412833,flower,real,165
train/1412833/c03d0aa90d32e4605929822c8755ff789f9bdbfb.jpg,1412833,flower,real,165
train/1412833/b9ea411e473434f918e8aab3d6c3ebfc5aa30973.jpg,1412833,flower,real,165
train/1412833/6d6b8434dcdb79690853bca5183e651ac5ecf6f0.jpg,1412833,leaf,real,165
train/1412833/b07bf0ea44dc84fa2b65d0caf6e8e73aee2d2ce2.jpg,1412833,flower,real,165
train/1412833/f82c4cecda7e9778ea5dbb573986d6e9986641ac.jpg,1412833,leaf,real,165
test/1412833/5039a4991c27d22a9b00927b5274f8a20cace650.jpg,1412833,flower,real,165
val/1412833/3abb977d83f6931c8928260f65f72cef27a63308.jpg,1412833,flower,real,165
test/1412833/5a9e76cd298c9faf88b2fd453825ac88472eda9a.jpg,1412833,flower,real,165
train/1412833/0d765449795f66f8adb304002405b9e0119ad239.jpg,1412833,flower,real,165
train/1412833/5da1e7785dd5e26d9efbaf027129efc4685dd97b.jpg,1412833,flower,real,165
train/1412833/a638bd5767882a0c6761b55d09dd364a2f5a96be.jpg,1412833,flower,real,165
train/1412833/b426bc05ae35a7c9b4b737bed55d6f6f5afd5dbe.jpg,1412833,flower,real,165
train/1412833/b391ab7c55ea6f033a08f7f8c1108c0ceccc8846.jpg,1412833,flower,real,165
train/1412833/55eac680d19bfdfa19b8735f33ffe95e2d65254e.jpg,1412833,leaf,real,165
test/1412833/a91a3f286fa7e6ef5c1a24e4118845c0f4d1f06c.jpg,1412833,flower,real,165
train/1412833/06f5aa9d436520d2f2c0e14b0319331db0a77787.jpg,1412833,flower,real,165
val/1412833/e8bc7eaca2f616a01cdb46b4b6354ae43794f5c5.jpg,1412833,flower,real,165
train/1412833/4b95d547ff0bd4e957d4d279f97e0365ef97170b.jpg,1412833,flower,real,165
train/1412833/ce0d6877246b9d87f2b5b81a7d8e0ebbbb68af3c.jpg,1412833,flower,real,165
train/1412833/d28e2107755f797a25fb92d49b406714e659d722.jpg,1412833,flower,real,165
test/1412833/5b65202ca28a09396e3b193ae073e2b16b30df47.jpg,1412833,flower,real,165
test/1412833/3b351a347405de973bd22246973021aef9ae9cdd.jpg,1412833,flower,real,165
train/1412833/7b1be603f33b7c04cd4fceda2205acf6c449074e.jpg,1412833,flower,real,165
train/1412833/259a36f0163e42b85799b810bc7f4d3d90a70ea0.jpg,1412833,flower,real,165
train/1412833/3d0fb7588927bec8510823910098f940e4c42e1d.jpg,1412833,flower,real,165
train/1412833/2101d213e2dfacbb690eecd1bcaf4e8aea406b86.jpg,1412833,flower,real,165
val/1412833/3c5c7fd8699097a2ceca8baf0f67b33533e479d2.jpg,1412833,flower,real,165
train/1412833/9913de1edfe44a1847f09a8f99d7ea872abe5c50.jpg,1412833,flower,real,165
train/1412833/8cf509d8f4a851f480f0907ddf7d927bf511e1ee.jpg,1412833,flower,real,165
train/1412833/46ca183e25cd60f71c4eb480d7f7259e3980d855.jpg,1412833,flower,real,165
train/1412833/4f2a18216cbd3649a0ef45a13af91980a9fa3197.jpg,1412833,flower,real,165
train/1412833/bdba995c019d08716e6ecbde269350719a17c097.jpg,1412833,flower,real,165
train/1412833/0065697912adcd6f13b19b5e3e6dc81b48feabbd.jpg,1412833,leaf,real,165
train/1412833/c3b0d11e4fa43b02eedf4e0c9419d3861b65431b.jpg,1412833,leaf,real,165
train/1412833/4dc7359a9c9877be7d2b2b1cf940d31bf06486d1.jpg,1412833,flower,real,165
test/1412833/71de5ca2801e707b291e904e8521c7a0531c0439.jpg,1412833,flower,real,165
train/1412833/f4a6a174798bfcf7836611f5b2b4e2eb7031fe89.jpg,1412833,flower,real,165
train/1412833/3c8ac3c16b1741608b825a43be72eae6461f3f30.jpg,1412833,flower,real,165
train/1413002/64fb74c7e8271d69d418a396dbd46f5b8a110695.jpg,1413002,leaf,real,166
train/1413002/c241b81418c333f479f5f50b73b7fa108bcdbd86.jpg,1413002,leaf,real,166
train/1413002/d356b6f436130ecdbc3aaf2737fffe7ebf122d7a.jpg,1413002,leaf,real,166
train/1413002/180ee67c4608d52c1c5df9dd94623de2eeff4e29.jpg,1413002,leaf,real,166
train/1413002/dd4a203fd949ed313a633be29873515fd702d6ce.jpg,1413002,leaf,real,166
val/1413002/befde79e0b9dd6bca7b6c3b310ac0105b666cb41.jpg,1413002,flower,real,166
test/1413002/d410630b57e5934812a145b99dff7daacf27a5b9.jpg,1413002,leaf,real,166
test/1413002/c9b781599c2db0b6ef1a2a2708d58a55dc158e2c.jpg,1413002,leaf,real,166
train/1413002/f61118d0a301a3eb5de6baab5e03c9808204ea04.jpg,1413002,leaf,real,166
train/1413002/ba1956ff54e427c7b9ec355426fb3432eec4b2c5.jpg,1413002,leaf,real,166
train/1413002/c08bcbded949ed8f77e890f681cad1ca745be1cb.jpg,1413002,leaf,real,166
train/1413002/9e7349ac3b4ea31aa8e998413b019373b277925e.jpg,1413002,leaf,real,166
test/1413002/2ae44401a0e9c89f0fdc353a77b0d8e9d0e18ede.jpg,1413002,leaf,real,166
train/1413002/5bdd222077c4323092b2a936ff2d6ea86c6faaae.jpg,1413002,leaf,real,166
train/1413002/1ef0d4324e097082ec9e3ad429c95ae71a4e685f.jpg,1413002,leaf,real,166
train/1413002/5cc85fe7ba189e8916a4d58ab8e53c628b2c3dab.jpg,1413002,leaf,real,166
train/1413002/7eb9f74697581e3a2cd2f75a46025597dad5f038.jpg,1413002,leaf,real,166
train/1413002/dba98026d2f9f1879e135a1d572bb3d46c4128b4.jpg,1413002,leaf,real,166
val/1413002/1d17d98aade696a501c1e9b4469fa1c6bb57b7a2.jpg,1413002,leaf,real,166
train/1413002/b171056d2d519bc5d260b2e13b79c1c9df218166.jpg,1413002,flower,real,166
train/1413002/d23060c58a09e828ecc2a1856295a3898a30658f.jpg,1413002,leaf,real,166
train/1413002/99ecf9a6decf14c36be8e19bfd2fb2d95c7900e2.jpg,1413002,leaf,real,166
train/1413002/bdb87303a932a62570c2ff4198ced9a37250830f.jpg,1413002,leaf,real,166
test/1413002/f1c9a8bb98699677b9373da6ebc2851a526b650b.jpg,1413002,leaf,real,166
train/1413002/3dcafaf2c287560824fc3f3ecb8a4da00c421e8e.jpg,1413002,leaf,real,166
train/1413002/b66dd548e94dda566c128a8a28b0ce774a08cc5a.jpg,1413002,leaf,real,166
train/1413002/b5ce3dbe999725c9cae28c824a39d34b1b50606b.jpg,1413002,leaf,real,166
train/1413002/41907503ded1fce2d7db76b9a34897fa65337f7a.jpg,1413002,leaf,real,166
train/1413002/26dcf206207303ef5b8789a57cde0ddcb15a70c4.jpg,1413002,leaf,real,166
train/1413002/7386e90d882703ee371905753a548da5d4d5dadf.jpg,1413002,leaf,real,166
train/1413002/47fb94b66fc244f318c11089ec09f77d328d4f32.jpg,1413002,leaf,real,166
train/1413002/bac6001e94cee94f02787c13554943c457d282b3.jpg,1413002,leaf,real,166
train/1413002/5930017ea42258c583453df958f165e6f664f6e9.jpg,1413002,leaf,real,166
train/1413002/e45157462d8d061a40547f4b4e19ced9819472b6.jpg,1413002,leaf,real,166
train/1413002/452d12174e58e3fc2a756194319cb56f5698bde3.jpg,1413002,leaf,real,166
test/1413002/04244557ac2251d262333c367094aaec1d69d06b.jpg,1413002,leaf,real,166
train/1413002/1af8fdadf3fe8a9c59c4944db30eefc17eace41f.jpg,1413002,leaf,real,166
train/1413002/e59eb794a01494f9ea2a408aaf41ced80fe2371c.jpg,1413002,leaf,real,166
test/1413002/3ad4b30dd299771c8ff07ea32fdcde968edb1d46.jpg,1413002,leaf,real,166
train/1413002/79c8c8bb01f95dcd835a8593b0afb56494c42aad.jpg,1413002,leaf,real,166
train/1413002/5894d6ed88c7bab2b4cd7bbdba7d9c2d4eeb16d7.jpg,1413002,flower,real,166
test/1413002/94806773e2fb89850b2f5e1565e9855104c97913.jpg,1413002,leaf,real,166
val/1413002/2066ef67d44943f14eaafcda23d66ab93850db6c.jpg,1413002,leaf,real,166
train/1413002/6cfbb247d56315605d400339a9d4782211e480b3.jpg,1413002,leaf,real,166
train/1413002/eb478aa7dbb074fca8aa8e79297a93f318816f91.jpg,1413002,leaf,real,166
train/1413002/d03c2d6dad89824e911735ae18954664d0b13365.jpg,1413002,leaf,real,166
train/1413002/0fe77fd24ce77eb9ce4aa82256ec3063a5ebb9f4.jpg,1413002,leaf,real,166
train/1413002/9094bf57a805311946732b78bdb6a766ec8b4802.jpg,1413002,leaf,real,166
val/1413002/fd2338453234701d8c267246cfcdcf33c17a4a06.jpg,1413002,leaf,real,166
val/1413002/b8e85d1076484e0cb3c554283401f03f19fd6f13.jpg,1413002,leaf,real,166
train/1413002/3b8ce589fa2db863ec006fb58ee77dc26ea45b76.jpg,1413002,leaf,real,166
test/1413002/e7278b4748e7dfdbcb847b1fff6ef34ed3c0c889.jpg,1413002,leaf,real,166
train/1413002/cce6dcfaa91a393a64bf2a35e6b4966215180bfc.jpg,1413002,leaf,real,166
train/1413002/64913764f9230e7874b465f8d7872942a12014da.jpg,1413002,leaf,real,166
train/1413002/e9ca5e3fc921a00ad978e66d2bac3e74aa17da1e.jpg,1413002,leaf,real,166
test/1413002/8725ac8178b46791684fcb40084be515a89537e7.jpg,1413002,leaf,real,166
train/1413002/197061a5adba4b3171afacea98678233dba5f03f.jpg,1413002,flower,real,166
train/1413002/f5d9d947988f84d5345d8a767bc8ab94fb73e103.jpg,1413002,leaf,real,166
train/1413002/707889b24724e39665a340de9d15ed7d2fc92ba0.jpg,1413002,flower,real,166
train/1413002/43acf7c62baf2d635abb3a142bffd84f0507cf40.jpg,1413002,leaf,real,166
val/1413002/9ed0382fb88a0c34c570f5fc24ec7a4e7d6478c2.jpg,1413002,leaf,real,166
train/1413002/4b2d6e631a3073c10601c488aa576001fb5f1867.jpg,1413002,leaf,real,166
train/1413002/51109ab9929baaad49cf14d43ac5121de1945fa0.jpg,1413002,leaf,real,166
train/1413002/84223767be42502df3f1774216252b6363357da2.jpg,1413002,leaf,real,166
test/1413002/7321686e3613d0af4ba8c950b81776f6a7476034.jpg,1413002,flower,real,166
train/1413002/35aae018b734df98d861050c08281fd3840c624e.jpg,1413002,leaf,real,166
test/1413002/2c4053f9bde05bd6bb6f4021aa21058e241024bb.jpg,1413002,flower,real,166
train/1413002/1e305ac6b7139eeab1196c5ac0c995032941e3b9.jpg,1413002,leaf,real,166
train/1413002/d83274fa27c75a0c075bb878b388ba0fdc1eaa2a.jpg,1413002,leaf,real,166
train/1413002/e18b6c6aa1a8cfe8b651f68b8c1d220796978f2d.jpg,1413002,leaf,real,166
train/1413002/77d4b728cc55a038a54c47522e7cdd84b462fb7f.jpg,1413002,leaf,real,166
train/1413002/fdcdfafaaa27f7eddca4ca09ff28eb4ad8eb33a3.jpg,1413002,flower,real,166
train/1413002/a68c3a7ec3ba8d021cec3f7207decd23c0fc15e2.jpg,1413002,leaf,real,166
train/1413002/b5e250dc2f48934152cd604a0d37a7fe7014e060.jpg,1413002,leaf,real,166
train/1413002/c9243f4798e65c8835badfb2e25e6fdfdc5d876c.jpg,1413002,leaf,real,166
train/1413002/3a7d4924ebd9268422df6640c9080eabef1ba40a.jpg,1413002,leaf,real,166
train/1413002/6fc26a757157acc124e32a8ee5004bbb3f314698.jpg,1413002,leaf,real,166
train/1413002/db647bceb2b5a87de2565cc57acac723856bf732.jpg,1413002,leaf,real,166
train/1413002/2cc363fd644de2ae9869934c8a7c23570efaa404.jpg,1413002,leaf,real,166
train/1413002/2a5955d3ed87bdb99c5fc2c00030cc30a1c8c65c.jpg,1413002,leaf,real,166
test/1413002/4c50fde9efb3f9cad07f29a438912f9d5748d623.jpg,1413002,flower,real,166
train/1413002/15e0316c288ea9ecca4500c84e95036f1bfcd58c.jpg,1413002,leaf,real,166
train/1413002/50f38d2dde4a988107cb34f037857724df5fe122.jpg,1413002,flower,real,166
train/1413002/026abfc5d04002c279bf706cbb6ada5d031dc441.jpg,1413002,flower,real,166
train/1413002/86eb871b75b02d0b6b8934bdb352543e012e1ab5.jpg,1413002,leaf,real,166
train/1413002/b3f19ddd3b7e3a4dd6640adf1558a4519881d434.jpg,1413002,leaf,real,166
train/1413002/457df7712ff9e2c90f5e2d70fd58073c4fb4c1f0.jpg,1413002,leaf,real,166
train/1413002/401796af369e7859c9d7a3c302598040935781ba.jpg,1413002,leaf,real,166
val/1413002/1a7201370f52109b7add190bec4bd118873bfc9c.jpg,1413002,leaf,real,166
train/1413002/08ec277c6f9a796d18e0df801b3095c46b77e0a0.jpg,1413002,leaf,real,166
train/1413002/d0e25451b32c5ad7a9b215cc87cd67936c61a030.jpg,1413002,leaf,real,166
train/1413002/f4c403c4b0fa5b1b1075d18fcd6ab3c91a2f2d28.jpg,1413002,leaf,real,166
train/1413013/cc8e8046aa3b23e4e6458e7ab5c3424d6b9bd942.jpg,1413013,leaf,real,167
train/1413013/4de86f8759082b039d80399333fe7c172f3e2818.jpg,1413013,leaf,real,167
train/1413013/ba996ea672bd11bed2eb200961cd0e750284ca5c.jpg,1413013,flower,real,167
train/1413013/e3d3e6bbba6d2b2ae0fd54f09f4eec3f9581c769.jpg,1413013,flower,real,167
train/1413013/78fc0c4851f887e6828905ebbaa4e804d7d2aa96.jpg,1413013,leaf,real,167
train/1413013/2a68664d1c96373bf4796d23e67c50007eaecca1.jpg,1413013,leaf,real,167
train/1413013/3156def4e34606096366bc0f90c82770390cd8be.jpg,1413013,flower,real,167
train/1413013/7ab6529b4ae7ad02baa94d41b527081dcac89044.jpg,1413013,flower,real,167
train/1413013/ca784c313a6a4ebaf4d0029da32a4c32a5538006.jpg,1413013,flower,real,167
train/1413013/36589d3dc97865fc42457c92e41be3a9f0d8d180.jpg,1413013,flower,real,167
train/1413013/6fdc12f8323dc828fc71691066d16b7fe304221b.jpg,1413013,leaf,real,167
train/1413013/e1bdf5eb2c1f25643dc6607028588f9cd32efb42.jpg,1413013,leaf,real,167
train/1413013/978a6766d5aabf80e771bf5617c92cd589793cf6.jpg,1413013,leaf,real,167
test/1413391/ffd1e0da1d9a20c47807fd4e142d4c8ee30b7673.jpg,1413391,leaf,real,168
train/1413391/31b0894cb11b37f35b4221cda7a74631c762e0d2.jpg,1413391,leaf,real,168
test/1413391/bed8dcbfa36f5e853d1d3834bb674b7892e1b1a6.jpg,1413391,leaf,real,168
train/1413391/0914485e256b1b90b9d54dc34833559f63cb1ec9.jpg,1413391,leaf,real,168
train/1413391/a33d5eff7d24abefbe4c966d541e6b3b7a6dfbfc.jpg,1413391,leaf,real,168
train/1413391/ff2272e4e59f6589f67f0ae5a4342c973bae301f.jpg,1413391,leaf,real,168
train/1413391/8bc40051e70d50c2bf5f82952a20e926412b8227.jpg,1413391,leaf,real,168
train/1413391/d214fcbb894e23bfed1467473188a02acc97bad8.jpg,1413391,leaf,real,168
train/1413391/c48e91b14ef84c8c7a14bc5f0c5e24f019c9d2a3.jpg,1413391,leaf,real,168
train/1413391/a47974ed4d93cdd31ca6cd591cc5324c6c4325e1.jpg,1413391,leaf,real,168
val/1413391/8a5bdf50c08909d511cb018c209678f0e669122c.jpg,1413391,leaf,real,168
test/1413391/ad68772bd8c25941a9ab4e2e27597ebdce404b54.jpg,1413391,flower,real,168
train/1413391/53be45944e184f21b45c8001b637231df3f36f75.jpg,1413391,flower,real,168
train/1413391/5705b1d3e05c84c7dd51085862941b5a5a641e32.jpg,1413391,flower,real,168
train/1413391/da7d553fbdabca8457cdf5503760761bf11be359.jpg,1413391,leaf,real,168
train/1413391/99f357047e98742bc9a378286624b06594809b86.jpg,1413391,flower,real,168
train/1413391/1f39fe0ef62482b693dca2a21c04a7b541745d78.jpg,1413391,leaf,real,168
train/1413391/1e8a48d8151e7bc8aafe7a6a906bfaa71dd774b2.jpg,1413391,flower,real,168
val/1413391/73d1466c49a67f77c9fb593702acb58715936879.jpg,1413391,leaf,real,168
train/1413391/c8496e9d6cf4c5c85877f71fbb1980e29d0b994b.jpg,1413391,flower,real,168
train/1413391/df0654b1aeadb5147cf6ff60f85a9afe4dbc23b3.jpg,1413391,flower,real,168
train/1413391/416c604cab9ea8ac84ebacfff37fa273c6749a58.jpg,1413391,leaf,real,168
train/1413391/9610bd7e0bc5cc4463f534442c57067badb1778d.jpg,1413391,leaf,real,168
val/1413391/88870c002b0c508a5891b5e2df9bb1597685b3c2.jpg,1413391,flower,real,168
train/1413391/415f53c35db92a10cd1c5ceb150ed58a7c8b30d7.jpg,1413391,flower,real,168
train/1413391/6983f6c316a2069c069655b4b0b033144c0c4b64.jpg,1413391,leaf,real,168
train/1413391/860082e200daafcc04a97749f25922d4529df102.jpg,1413391,leaf,real,168
val/1413391/e67a5c504db99bb2b9d09db777900b89469a8c0b.jpg,1413391,leaf,real,168
train/1413391/2fa9e543b0a33b5d7395ac37dd0a5a9917f5d1d4.jpg,1413391,leaf,real,168
train/1413391/ae99fc72c09c3826b30edc6cf232f51a1f7dcaa8.jpg,1413391,flower,real,168
test/1413391/469f4932abf55fd8faa2380a7b181f5972014d70.jpg,1413391,flower,real,168
train/1413391/839f6e93865798b30e5747e88a6fcd76439ecb99.jpg,1413391,leaf,real,168
train/1413391/4704bce331dacbbbcd9463fe70ce31ef8a116ef6.jpg,1413391,leaf,real,168
val/1413757/a5bcd9bbaddf279a867be88d2fcfa9521aa64ba6.jpg,1413757,leaf,real,169
train/1413757/c5ff8e71c09e6e22b31a34405cf39d93289b7645.jpg,1413757,leaf,real,169
train/1413757/78dfa596cff67ba04b7d03523aad8ab1db8a2eb5.jpg,1413757,flower,real,169
train/1413757/138c591d62626fbedf5ed76f7fda31057b021798.jpg,1413757,flower,real,169
test/1413757/21b4ecda01b101c167248a7ad5856dbe938eb6cf.jpg,1413757,leaf,real,169
train/1413757/f45b2a3b8bbf17aa63e876db0fd887e2824bbd00.jpg,1413757,leaf,real,169
test/1413757/162bfa6724181439d8ce3f79b4648e192057d551.jpg,1413757,leaf,real,169
train/1413757/ccf1b13f943ea06117c1c420babf4280aa7d0a4a.jpg,1413757,leaf,real,169
train/1413757/acd17525b6698a081649808fdff7e4bcd6b60090.jpg,1413757,leaf,real,169
train/1413757/03d030446b9114ab1c433d07c028b77ecdeac10b.jpg,1413757,flower,real,169
train/1413757/93fa76e7c5de1da1cccf8d6afd104ea0d454620e.jpg,1413757,leaf,real,169
train/1413757/72bd9e4533df8d43cee03b04ad2dab40aac9e3c7.jpg,1413757,flower,real,169
test/1413757/f991aa9b88ffef2933358572d85977986c00b3f1.jpg,1413757,leaf,real,169
train/1413757/4e0f3edb88dfc2d7a9154f7b7908b1a2c9b7ca1d.jpg,1413757,flower,real,169
train/1413757/e1ead8e21767c711888ea742cd4e5fcb07845430.jpg,1413757,leaf,real,169
test/1413757/9066bc1eba4bda5333eb881f8aa3153ca95bad85.jpg,1413757,leaf,real,169
train/1413757/4f56db6e557dd0d9f42211d581359f5fe07603f2.jpg,1413757,leaf,real,169
val/1413757/434d4329e805db95d55c48a4fd3e0b491297bcde.jpg,1413757,leaf,real,169
train/1413757/4adfcd58fdc4a1e70cec9a35a0feb0aff21f0109.jpg,1413757,leaf,real,169
test/1413757/53986f06599579e8ad1435af3146145958f45d1a.jpg,1413757,leaf,real,169
train/1413757/e39b007f76ac4ee82f0633ba9491862e831a25c6.jpg,1413757,flower,real,169
train/1413757/7e7cadd831fdf435f0a36c9d7343eb8f59fd0bab.jpg,1413757,leaf,real,169
train/1413757/7066fc80ba7327104009b65bc8526bb432ea4fcb.jpg,1413757,leaf,real,169
val/1413757/69da3efe2753ae85a3cc4b5ac18efa9b7862be35.jpg,1413757,leaf,real,169
train/1413757/01e0c251f0b5afecc8d54a71163a8ad9ae790562.jpg,1413757,leaf,real,169
train/1413757/2020a5174e028290d9944a4e91fd25e5e7f4677c.jpg,1413757,leaf,real,169
train/1413757/0d56f3ce95699865a945c4b62ec2ac9b198597a2.jpg,1413757,leaf,real,169
train/1413757/5acfeb0f16da9233202e6d2133209140a31ad0f8.jpg,1413757,leaf,real,169
train/1413757/0eeb5af177f0e456b5e24ca82b079d163a4de4d6.jpg,1413757,leaf,real,169
train/1413757/a762ce1f678f3506e531d87bd9ebb8e75af77ce0.jpg,1413757,flower,real,169
train/1413757/b785496443c48b32839b2ad43635198b915b7caf.jpg,1413757,leaf,real,169
train/1413757/1d47ebba6ae19cebb1a150b5f8dbf71dbabc897f.jpg,1413757,leaf,real,169
train/1413757/8cc5b9f018c527c4a51f8ce95e57fdb381031032.jpg,1413757,leaf,real,169
train/1413757/c5b590d54cc34dac46d4543230e8703fd44a9fd3.jpg,1413757,leaf,real,169
train/1413757/318e2bff1aa40f9c95046c93f88db2e8ec9c2530.jpg,1413757,leaf,real,169
val/1413757/569d2ffc0fa87791608ca0d586f8df195f459d33.jpg,1413757,leaf,real,169
train/1413757/3207216f1444495759dcd985bce34db2344ac0c6.jpg,1413757,leaf,real,169
train/1414058/58ef585844e74b8240f94d8a360b5056248fb42d.jpg,1414058,flower,real,170
train/1414058/ceba509dff2b0d52215ac5723c89b310f7b00a3d.jpg,1414058,flower,real,170
train/1414058/c5847680f6f009621e4567d4b69bf9889882c67b.jpg,1414058,flower,real,170
test/1414058/a779e532516b0be37cc5dde3beff10705781addc.jpg,1414058,flower,real,170
val/1414058/2aa2e68eea448a0756d806e885c0f54f477a9ae2.jpg,1414058,flower,real,170
train/1414058/103628cee0eb8545fe776bf08cbce38f472b2181.jpg,1414058,flower,real,170
train/1414058/ef0ab127392660ff0ff69048e1147ed37d123467.jpg,1414058,flower,real,170
train/1414058/2541b0b05cdd63d8bebf8f5ba0cc6ecfe2a2fc3c.jpg,1414058,flower,real,170
train/1414058/d4c39f5fd2146ff8f40641d498a84132fc1141ab.jpg,1414058,flower,real,170
train/1414058/a29054caba8d763e37297013478aa0831bac9fa4.jpg,1414058,flower,real,170
train/1414058/9bd14a60e5179fb57a1a5cccd3a83b71a1f5afe0.jpg,1414058,flower,real,170
train/1414058/372e3bd59c0fe7f9eddeff836ee9959f7bd29fbd.jpg,1414058,flower,real,170
train/1414058/1c06ea0c9145be213f28a71839dc64f7b1b5f86f.jpg,1414058,flower,real,170
train/1414058/6ad87338e24a3aad1cb31f9738c5721ca502fee2.jpg,1414058,flower,real,170
train/1414058/e13dc05fba24016f1eb9ec6e3b9d3e7494ff4b22.jpg,1414058,leaf,real,170
train/1414058/309a27566c73b7ac2c31f9c0b55344779ee75680.jpg,1414058,flower,real,170
train/1414058/81a649349fedc8e80c176d32f439d23c85fc5380.jpg,1414058,flower,real,170
train/1414058/7bba24d7980a63065435f7c5a4a78a1159cd7d35.jpg,1414058,flower,real,170
train/1414058/4d9c67c354246e3d6edc185fc62217f9a5bc5f69.jpg,1414058,flower,real,170
test/1414058/8fb556a3488b3881e1cd138cf63a0c92448fae8d.jpg,1414058,flower,real,170
train/1414058/415d849a48bf9db11f511e14319ec9ecdaae1f73.jpg,1414058,flower,real,170
train/1414058/a720dcf51b7a7e92a1f4efa0a089dd6b643f5bd8.jpg,1414058,flower,real,170
train/1414058/f473bd591d44fb6898f5e56d12529510414fc38f.jpg,1414058,flower,real,170
train/1414058/45e6f613a58d2b074ed04005e152e54c989f30e0.jpg,1414058,flower,real,170
test/1414058/82aff8e3b8322c9858b7d9f316fb4e4a2d6cdb1c.jpg,1414058,flower,real,170
train/1414058/52f6ecd6229ea12941dc5ddefdc745413d560e21.jpg,1414058,flower,real,170
val/1414058/0354c194054084871444d3aa52df42324dc91fc0.jpg,1414058,flower,real,170
test/1414058/b1431cdb1675aa6762f60e30a066728df197e67a.jpg,1414058,flower,real,170
val/1414058/979fc8dbc125c12c7f7976dbc58d62e0b3e4f63e.jpg,1414058,flower,real,170
test/1414058/293b13e3386d48f5e872716fc1b453381789db6f.jpg,1414058,flower,real,170
train/1414058/38de0b22a61106d799ed4ef57f1ef466cb981ebf.jpg,1414058,leaf,real,170
train/1414058/d146f0218fafc9289cb559b303b14e2db1f7efd4.jpg,1414058,leaf,real,170
test/1414058/e437f6e0102b83660cee332dc56a08044385d359.jpg,1414058,flower,real,170
train/1414058/7f35bea875f46e8294181e06254b7faf17f1424b.jpg,1414058,flower,real,170
train/1414058/88f9df02b58fc0ed504054c289b36275ab308dd5.jpg,1414058,flower,real,170
train/1414058/cfc01ff03b8898942fe5bffcfd30118a7d311500.jpg,1414058,flower,real,170
train/1414058/1b74d4dcceff612edfb7c6789e7cadad9483575a.jpg,1414058,flower,real,170
test/1414058/c891f1eeeb62f87c7779b7695f104c51519aaf86.jpg,1414058,flower,real,170
train/1414058/322035481b9933379555b21e3aae72eb05814919.jpg,1414058,flower,real,170
train/1414058/2f4be4e41fb73bea619e981ac11a6ed9824be753.jpg,1414058,leaf,real,170
val/1414058/654d9e9d4c0c3278037068d39b6a66086212967d.jpg,1414058,flower,real,170
val/1414058/6f5c26fd23439643a66e4bca7cb56932eb55c869.jpg,1414058,flower,real,170
train/1414058/8e0a422b9eae6a052b8edbd6c1640982e69b01ab.jpg,1414058,flower,real,170
train/1414058/37567fc96e017d04649109416e36e7304f39d413.jpg,1414058,leaf,real,170
train/1414058/a19502a0b41967b8913ef21999647b782d9c5403.jpg,1414058,flower,real,170
train/1414058/bec466a9ff4ba6d2624cae824461a8d05410c39c.jpg,1414058,flower,real,170
train/1414058/b984d9062b68e05f45e369d4239b005a47883167.jpg,1414058,flower,real,170
val/1414058/9574cdbfa5f5b9321b852b3f1fbf8f9509eadbbc.jpg,1414058,flower,real,170
train/1414058/6f6406f462154609c1d2f85489c0a1023e1da404.jpg,1414058,flower,real,170
train/1414058/9b8a7512dcd650e4813b1a355ce76db74f42bd1c.jpg,1414058,flower,real,170
train/1414058/311949044134244cc69d02088c7a2c5ebf811af9.jpg,1414058,flower,real,170
train/1414058/1463dde5894c5f294a74f1ba0fa895bdcf3ade60.jpg,1414058,flower,real,170
val/1414058/20a823666ddf6f0ca0585f1934825e4459be504d.jpg,1414058,leaf,real,170
train/1414058/6b1dc19b7c6566f5ab15e18307780a16bfa41669.jpg,1414058,flower,real,170
train/1414058/162e552b61b1acb73c50add650cba8e2c6ee2163.jpg,1414058,flower,real,170
test/1414058/b61fcc08fe7a9b38e29fe0a495e5d6c46c174ed1.jpg,1414058,flower,real,170
train/1414058/0940591c05d34e543d468dbd4309d35f9b489a0f.jpg,1414058,flower,real,170
train/1414058/fb4a5499fb1fffdfb58497669fcc7816157fb7eb.jpg,1414058,flower,real,170
train/1414058/76dc0bbad8315eb7901a53c1078c8c8d6e578394.jpg,1414058,flower,real,170
train/1414058/00b6fe0c478f7a6e4d3c516846fc1c12c870e23b.jpg,1414058,flower,real,170
test/1414058/0c35ec1913e76e25305e70f5ce1d239c8866a805.jpg,1414058,flower,real,170
train/1414058/6876f7b15e368c821781e9dfd5dae2e055a43190.jpg,1414058,flower,real,170
train/1414058/6d3f13a6e4af47a3fd6a6c519a74e2cdcca7661c.jpg,1414058,flower,real,170
val/1414058/1fa5aebe88d29e085ebc608653df755eadf50d17.jpg,1414058,leaf,real,170
train/1414058/b8cd339922cf3fc7e2104a3a8e3387161580e101.jpg,1414058,flower,real,170
train/1414058/6ce372dfd3f3d55a798c983f1789b31494353cc0.jpg,1414058,flower,real,170
train/1414058/8f01e67d28180ab5124bec841124cfe98d548af4.jpg,1414058,flower,real,170
train/1414058/148e1198867beb6477845cd3aaef7e93511483c3.jpg,1414058,flower,real,170
train/1414058/07eaf9fe18357a2a9053b68e48037885a2e5d8cf.jpg,1414058,flower,real,170
train/1414058/923aeed08941033980618e071124be7299afd2b2.jpg,1414058,flower,real,170
train/1414058/9080b59b562ee5c53e57213cac690d3f3488a3fb.jpg,1414058,flower,real,170
train/1414058/eee70561dd4ed186f059da8b0dd1fb15e43c50f8.jpg,1414058,flower,real,170
train/1414058/eed04dc292a04271ab5ffac942bbe3dc2293884d.jpg,1414058,flower,real,170
train/1414058/9b67d6105d947daa1b0ef40d6e73dba610d3e73d.jpg,1414058,flower,real,170
train/1414058/7aae571405e0c506d7ffb408641b2d723964ca08.jpg,1414058,flower,real,170
train/1414058/2de2ab1d0e256ff8c193b53981b3a471a2e5ecf7.jpg,1414058,flower,real,170
train/1414058/22945b345f9a03d2ba42eb9eae77cb1f79f1f2e7.jpg,1414058,flower,real,170
train/1414058/ecde9d7a97bd3881c4c81385d267a79406d10808.jpg,1414058,leaf,real,170
test/1414058/cd46b487b3a07e1da7c3c9510219bac99c7951a7.jpg,1414058,flower,real,170
train/1414058/0b326cd2402a832e6d147f88fdebdfad3660dbc7.jpg,1414058,flower,real,170
train/1414058/5a99a2c48a84d070293bfd9fc1b882695628ffb2.jpg,1414058,flower,real,170
train/1414058/60852a760995a757f55d20ec386da88783794795.jpg,1414058,flower,real,170
val/1414058/9ef57af5d96c7552e57fe051bd0481b61b7ddfdc.jpg,1414058,flower,real,170
train/1414058/d3d3320ca903cf857922c644671844ab02ff47e4.jpg,1414058,flower,real,170
train/1414058/c14ff69b7b5057a417a8506c66cb7b4817c0e0d5.jpg,1414058,flower,real,170
train/1414058/2ab64189e75d9415dc2acff00832441ddd8c61f9.jpg,1414058,flower,real,170
train/1414058/51ec5738df68c6fe4cf281c8f020dce58c5b5b47.jpg,1414058,flower,real,170
train/1414058/79dcbf271c21ef2ef64cdc56884d8ca5842c0b45.jpg,1414058,flower,real,170
train/1414058/bd051b73b6eb126c07125f281591948f83f76dad.jpg,1414058,flower,real,170
train/1414058/883b21196d5216810a800a151988c230fa458482.jpg,1414058,flower,real,170
train/1414058/0eb6189a4a8da36aef2523cba8ccba3f0c301c68.jpg,1414058,flower,real,170
train/1414058/6c6074253ad825d0f46490f898c73c9daa5f67c1.jpg,1414058,flower,real,170
train/1414058/0d88a78f9a4438c5b056ba4d4ab7da5cc94fcbbf.jpg,1414058,flower,real,170
train/1414058/797de6b5c496ff433b6cc8afc14f42aeb77775c4.jpg,1414058,flower,real,170
val/1414058/e8f385c22249cdf1208aac48f31fb22519f0e7d4.jpg,1414058,flower,real,170
train/1414058/9e6c24c8ecdc8b47276e8206416db11dde54d65d.jpg,1414058,flower,real,170
train/1416509/f9656b12d5653c178ddcd6ec5c52109b066547ce.jpg,1416509,leaf,real,171
train/1416509/84c63b6fddfcea64b6db88ada1c9b767d8735380.jpg,1416509,flower,real,171
train/1416509/72c800d8d18f7fc506de33e4a380c8ab16735eda.jpg,1416509,flower,real,171
train/1416509/ede94bd729ee123a1440721bc78b2d6a117b0e74.jpg,1416509,leaf,real,171
train/1416509/06308bee491fd0e8f459fe095e0533bf5e46a72a.jpg,1416509,leaf,real,171
test/1416509/20d0b5b925a8b935e121d0de3776ef0b18e10c0e.jpg,1416509,leaf,real,171
train/1416509/b67131d6a32ac6892ad8dac5c5a381918c8f9d3f.jpg,1416509,flower,real,171
train/1416509/655dbebe7b82daad9eb7f6a9ece5e2c201aa3e30.jpg,1416509,leaf,real,171
val/1416509/a5a864f97997a346b40d964b249229da4be47f59.jpg,1416509,leaf,real,171
train/1416509/78a3693b9dea22e149ff6ca1483071daf9874b7a.jpg,1416509,leaf,real,171
train/1416509/b55268a0aac60f58be6f4c152fc1bb459e48a149.jpg,1416509,leaf,real,171
train/1416509/7b4e834972223a573b3bfc1cedd5d0684408b478.jpg,1416509,flower,real,171
train/1416509/646ff2c5064a516aef6ea43627d94be7a09a40a8.jpg,1416509,flower,real,171
train/1416509/913be0b8918ded2dc1c330aab3a6a6d1f76e148f.jpg,1416509,flower,real,171
test/1416509/e0c60e009767a936ec7d45063acf44c2a4fde5b2.jpg,1416509,leaf,real,171
train/1416509/31bf6b4afe5c43e83cf126196d8476dc9cc4a043.jpg,1416509,leaf,real,171
train/1416509/592ae632acf04603131d4ef10c58a2f4e9426ef8.jpg,1416509,flower,real,171
train/1416509/9b0fcc508a47df69dd898623f953a1b02122c697.jpg,1416509,flower,real,171
train/1416509/6ea2f66b3aa9d519aba2009856bad1b3c370cf8c.jpg,1416509,leaf,real,171
train/1416509/c15b0cbd17dfbe836d3e6e24f1e0815b260128ad.jpg,1416509,leaf,real,171
train/1418140/6bad99937d90f614e40fb984ae6f0a0c5e1e3be4.jpg,1418140,leaf,real,172
train/1418140/4a3d6557b9f5d6512c401a3fa6b59416795bd6db.jpg,1418140,leaf,real,172
train/1418140/10e9e92556c8a7b50dd624ec9aedf8f38a725992.jpg,1418140,leaf,real,172
train/1418140/00bff51ced060fa57ee667d99f835c474262c8af.jpg,1418140,leaf,real,172
train/1418140/fddb90d3a6376d1b47867b28221089bb668a282d.jpg,1418140,leaf,real,172
train/1418140/3a129a912b432be9e134469746c2afa039f20a8e.jpg,1418140,leaf,real,172
train/1418140/5af98e2ee0c020cc75806e0b19688371d72ced05.jpg,1418140,flower,real,172
val/1418140/db3af95a309d49e9ad976e6578b618daec1f726a.jpg,1418140,leaf,real,172
train/1418140/57b467723e2b126e2bc9d1dc821f9b559a1fdd0e.jpg,1418140,leaf,real,172
test/1418140/0b388b00e2c8818c88ea98607649d3ae19e36295.jpg,1418140,flower,real,172
train/1418140/23ccc24c3757637057f7826e9a9dee2abfe3d06a.jpg,1418140,leaf,real,172
train/1418140/7b8932b9fdb2e851575eccfcd7a7c17f76530255.jpg,1418140,leaf,real,172
train/1418140/77c62d49813652f9c49786a258aec5ac9912d4ce.jpg,1418140,flower,real,172
train/1418140/65daa85281ee1b9dd7a11b24f2492515197c05d0.jpg,1418140,leaf,real,172
train/1418140/16c7fd8f9feebcbd9ce0a78a90773c3858437ef7.jpg,1418140,leaf,real,172
test/1418140/ea2667c794566bba29623ba3b82a8f8660767175.jpg,1418140,flower,real,172
train/1418140/facaa4c88081e0349ca8d77b2ffd24eb50c22655.jpg,1418140,flower,real,172
train/1418140/b58c938c793d76a000c0059d6c9664a0df25c7dc.jpg,1418140,leaf,real,172
train/1418140/66225315fb73b5f5865edddfd83938bf590c996e.jpg,1418140,leaf,real,172
train/1418140/fa27f2ef9aeea9fc00dd6d02f38edd0cb90a1bed.jpg,1418140,leaf,real,172
train/1418140/d5f603f841dda79091490734512eb213ee5adfdd.jpg,1418140,leaf,real,172
train/1418140/1ab434a2066989e79dd799b96daccd8abc9e425d.jpg,1418140,leaf,real,172
train/1418140/9501998e6a8f6e79d28ac87ed7526bdc1a624a2d.jpg,1418140,leaf,real,172
train/1418140/197c0ade977d6fb1f3a4f730897cc21379153299.jpg,1418140,leaf,real,172
train/1418140/af856fad649bc86d93fd971a29cafa7efd397a26.jpg,1418140,leaf,real,172
train/1418140/53b9b5b167a0888e5b4ee9e24a33a24ed0942537.jpg,1418140,leaf,real,172
train/1418140/5e7df370e757471a81d0cb1d9ae5190615cc92e4.jpg,1418140,leaf,real,172
train/1418140/8aec1000421ab5cf1f1c5113be5e11d7ea2e0580.jpg,1418140,leaf,real,172
test/1418140/e6a0ada4e4552672f96d63c606befc657f36b1e3.jpg,1418140,leaf,real,172
val/1418140/a0c78a6229f41cac7caa4ac742d55e49d6f2447e.jpg,1418140,leaf,real,172
train/1418140/f6f6f65cd583cb8213714cc28899b707d21ec394.jpg,1418140,leaf,real,172
train/1418140/5d350233b5899ef3fd5f851072898c5285986e8c.jpg,1418140,leaf,real,172
train/1418140/31fa1f9bd1a3d438bb0fb76a9b02b582c5671879.jpg,1418140,leaf,real,172
test/1418140/fc522657f51183456a1172210ed1b98f41972855.jpg,1418140,leaf,real,172
train/1418140/63d227210ead4d661a95181d28195cfece44481f.jpg,1418140,leaf,real,172
train/1418140/2d04e774965f372b006fd6757597018bc46f3cad.jpg,1418140,flower,real,172
train/1418140/543206ba1cd4ce548ae72ffb08f5431473da220c.jpg,1418140,leaf,real,172
train/1418140/bacaf076e8121ad81c6f6163a56a4be9cee95122.jpg,1418140,leaf,real,172
train/1418140/ddd1d5509b6c359c584e1e2401dbd4b1a6a4c955.jpg,1418140,leaf,real,172
train/1418140/f6022e87e9d9a9522c022376ef1cd8a60c3d4988.jpg,1418140,leaf,real,172
train/1418140/134f36c0b770e150979035457298c663920f2acd.jpg,1418140,leaf,real,172
train/1418140/835fd3639ba9921f35ca30a1c134b6af18a5f387.jpg,1418140,leaf,real,172
train/1418140/86d4b377c12e33c1ad718fa935df3d7114d68a41.jpg,1418140,leaf,real,172
train/1418140/fcacb4e97d63a022a277c06bf24cf32c4adddc56.jpg,1418140,leaf,real,172
train/1418140/032caed0ee3681228f43e0cc351bd78ad099b062.jpg,1418140,leaf,real,172
train/1418140/23ce37dc410c33d3ab9b687d248982d554255eac.jpg,1418140,leaf,real,172
train/1418140/04335e10f6d2f75b9d54e863ce13f14ad192e8f8.jpg,1418140,leaf,real,172
test/1418140/fa0df7dc94ed4cb0a386be8f49e1762b530cb65a.jpg,1418140,leaf,real,172
train/1418140/fe260258f8e925e81dd3dbc2481e82998032a379.jpg,1418140,leaf,real,172
train/1418140/b1792f3b4bff9b2154b1f96af0b8688d0755bf79.jpg,1418140,leaf,real,172
train/1418140/f2aea2173ed47f8fad4691afc5490a850d2d30d6.jpg,1418140,leaf,real,172
test/1418140/cca77ba65544febe1736ec076995f8ec3ab08e6c.jpg,1418140,leaf,real,172
val/1418140/550b2d9ed771c1453aa05ae5c7f523ad3db33adb.jpg,1418140,leaf,real,172
train/1418140/376235a96b159aac9aac606e4448f0f6580e9e01.jpg,1418140,leaf,real,172
val/1418140/a470e5c186508eec0595ba0726e62a86ada4d889.jpg,1418140,leaf,real,172
train/1418140/756feacbcb5e7c568c3f1df32773f6a4ed3b219b.jpg,1418140,leaf,real,172
test/1418140/bcb80b41011bdde693aeef3d7e9be7f0be0b54ab.jpg,1418140,leaf,real,172
train/1418140/5026988b4c5c3181a32dd30bd01c5a218272dd61.jpg,1418140,leaf,real,172
train/1418140/49cee53bf9d2e141edb8b8ab82a8c894292e6791.jpg,1418140,leaf,real,172
train/1418140/2feb226035b317f270c0127055c2783fee7acdfe.jpg,1418140,leaf,real,172
train/1418140/d04f8a3e1a077908c6bcb96d29a2b3a7fd130a08.jpg,1418140,leaf,real,172
train/1418140/6642ef77f9eccc8faa3ee8ece767eec02cdf7a90.jpg,1418140,leaf,real,172
train/1418140/c428f629be7cfd90cb0c297d1cb6d65beac90763.jpg,1418140,leaf,real,172
train/1418140/46e3b6470bad0ae1154d7a957fb0d7e89cf8129b.jpg,1418140,flower,real,172
train/1418140/9a53f6e65cd5b333f9e9fb38512faf5839138a3c.jpg,1418140,leaf,real,172
train/1418140/8ff302765367b81b4c8cf8fd4f2ac8231c09c89a.jpg,1418140,leaf,real,172
train/1418140/c81b3fbf863300b69b2d58c0eef944071e439ad7.jpg,1418140,leaf,real,172
val/1418140/34077acc4b2b1b820fe372d1a06949e16ad5a9fd.jpg,1418140,leaf,real,172
train/1418140/f754926de1c55f1a865a055305581542fc9be14a.jpg,1418140,flower,real,172
train/1418140/15af6ebe42d4c6594bd22cb8316bbefc266534b4.jpg,1418140,leaf,real,172
train/1418140/02d4c7e6edc16538721555feeb09bb4bc2b6cac2.jpg,1418140,leaf,real,172
train/1418140/bb50cb17275b102f8292b035ae5460c1d6a975d7.jpg,1418140,flower,real,172
train/1418140/e4a7504d555adc65d264b96d045f0948ea9b04d4.jpg,1418140,leaf,real,172
train/1418140/049c48af50bf11ee50d771168b8792dc6d008fb8.jpg,1418140,flower,real,172
train/1418140/652f271d8807eb9694f025aed2d36d699c336928.jpg,1418140,leaf,real,172
train/1418140/d9a5f5d27743ddef369d86b03ff7dc2f2b1a8170.jpg,1418140,leaf,real,172
test/1418140/cb88a2ae7885aa8e108d08bd65a0178e24cbc01c.jpg,1418140,leaf,real,172
train/1418140/589b49c76a04ae51cab0a78c13593d24c8a516f2.jpg,1418140,leaf,real,172
train/1418140/77d239d14d08350fdd7f597e9a2f2e0cb8982ecb.jpg,1418140,leaf,real,172
train/1418140/658cfe8efdf78c51fe454e599803fc68ff91d857.jpg,1418140,leaf,real,172
test/1418140/e342ab961a0faaf34c99638db6b2a59eae233d81.jpg,1418140,leaf,real,172
test/1418140/203d54866acd4565497fcae7003ab36ebb96f812.jpg,1418140,flower,real,172
train/1418140/8717247bea7c2785181661d0f3edcf2b1329822f.jpg,1418140,leaf,real,172
train/1418140/c8a8f4456d2d93d7982d743c82be5371d08df552.jpg,1418140,leaf,real,172
val/1418140/89b029bbfaee9136803ff713bab1bcd9cf6cc102.jpg,1418140,leaf,real,172
train/1418140/b5080cff682a5cc54c880a0512be92c8e7fba245.jpg,1418140,leaf,real,172
train/1418140/4ef2311857166f2d79ed07abd0256d3a3b6982ac.jpg,1418140,leaf,real,172
val/1418140/d755eea86ed78b4fce4df6f95725a444422ec73c.jpg,1418140,leaf,real,172
test/1418140/eba3577635ae5da8e38d7ab710980a34bd7451ae.jpg,1418140,leaf,real,172
train/1418140/6e3b80d38738db0d5f32536221bb74844337c488.jpg,1418140,flower,real,172
test/1418140/c9d5da7e90d6425fa40724b00b107dfd0ebbe28e.jpg,1418140,leaf,real,172
train/1418140/08842a4682d98e84794c7c7fcea8ca09b796ec1c.jpg,1418140,leaf,real,172
train/1418140/a029dec50a844b3a08f1aaef562a0377529da501.jpg,1418140,leaf,real,172
train/1418140/108c4c43c28c9299ecbae47514c4d542178f752d.jpg,1418140,leaf,real,172
train/1418140/20b570a2f97f61126d6845341d04dca8af41e8ec.jpg,1418140,leaf,real,172
val/1418140/3a7b0ac8baefd2ff9f90ad9ab1c68f04450f73c7.jpg,1418140,leaf,real,172
train/1418984/d079f06b6dd40209b6026eacf50e59ac3dc4b4a2.jpg,1418984,flower,real,173
val/1418984/dfc90e8b138d5013be165815bbb8223fb5d7d878.jpg,1418984,flower,real,173
test/1418984/d5e8b07db05050a0a18ec4dfd8f0036256b31ca1.jpg,1418984,flower,real,173
train/1418984/8c2810482181ef48d52144181d9bfb46df8d0bcc.jpg,1418984,flower,real,173
train/1418984/cd25e00a07dd24d05c1ec0a5e91dda680b7e1a17.jpg,1418984,leaf,real,173
train/1418984/7d05990ded25cc0d66bd5fba72919bdb966209c5.jpg,1418984,leaf,real,173
train/1418984/ee9ff2cf5cea0f2c2a732ef13f62a93511ef09b4.jpg,1418984,flower,real,173
train/1418984/12096df6b841f752805949bbf2013e01d676d49c.jpg,1418984,flower,real,173
train/1418984/f055afd3959521aebb13a2e0a4ed1b9627cbd0df.jpg,1418984,flower,real,173
train/1418984/3f4d0079ea68d98fa9caf80c304bcea2f4c84b1d.jpg,1418984,flower,real,173
train/1418984/728f0c5d74847759dcdbea8e9a7732d1406c3868.jpg,1418984,flower,real,173
train/1418984/e1d353704e9babe32c009e28b6923116dfa90122.jpg,1418984,flower,real,173
train/1418984/8b9b80a1dbdbc1a959a99b20861ef40f9b158398.jpg,1418984,flower,real,173
train/1418984/0c44c18c5366ea0587624ad4ea9389104babe5bc.jpg,1418984,flower,real,173
train/1418984/bcbc2f943a089493b836009108d530269a60c8fb.jpg,1418984,flower,real,173
train/1418984/0b57efa23be67a4b5fb33781c1963713a3ca8c72.jpg,1418984,leaf,real,173
train/1418984/02d8698b693ccbd1c761e2cb863aade50cdfe293.jpg,1418984,leaf,real,173
train/1418984/7c64efa86e8b36b13d0112194fc70df967f7898b.jpg,1418984,flower,real,173
train/1418984/1a74e167d295f11a1bb78f24bf6a355c2e3e8fef.jpg,1418984,flower,real,173
test/1418984/1b55eb6288909c0cadfbb46d48d23d871e279859.jpg,1418984,leaf,real,173
train/1418984/e052390651ec66f1c41f7b3ecaf9141a879eb7ab.jpg,1418984,flower,real,173
train/1418984/69d949fddd9571d5c574bbf6af406703f0fdf8cd.jpg,1418984,flower,real,173
val/1418984/c6081b5f35297646385a573e4fe939605d509df1.jpg,1418984,leaf,real,173
train/1418984/991a58e8485ebed88f6a702598db1e75a622d530.jpg,1418984,flower,real,173
test/1418984/e1feae5e19dee5625f6ed5fbe56ca03fadd068d6.jpg,1418984,flower,real,173
train/1418984/80f07d5ad84ef2c77746730146d37ae783bb2533.jpg,1418984,flower,real,173
train/1418984/b2b459753cc27d267811ac0e919816a3d106481b.jpg,1418984,flower,real,173
train/1418984/ef108a476e2b0bbce81d1e268df5931534f27c86.jpg,1418984,flower,real,173
train/1418984/dc3243700e470defe13bca4a8999c88a6b01ed1b.jpg,1418984,flower,real,173
train/1418984/26ed8eb2e55d338a2385c21cfd729a7303330241.jpg,1418984,flower,real,173
val/1418984/9851f89f05860e1ba9be66be8b13e712fa779fe1.jpg,1418984,flower,real,173
val/1418984/6717913eeac068f1bdc474cd76795d271eae6652.jpg,1418984,flower,real,173
train/1418984/9234d987989c20c45545f510141d5a665b795059.jpg,1418984,leaf,real,173
train/1418984/80523dd6b6c58729d1da380a43562c090848c591.jpg,1418984,flower,real,173
val/1418984/2369f04b795602579af66ca31b0ef19c1c3e2267.jpg,1418984,flower,real,173
test/1418984/9c0746a3bb65da989fc0e55f17a777859e077de7.jpg,1418984,flower,real,173
train/1418984/8127ae071d0ebde93ffc613a7fc73fa702a22e1b.jpg,1418984,flower,real,173
train/1418984/b9e63d981cf0aef82f0c52aa0b3a9d943915016f.jpg,1418984,flower,real,173
val/1418984/380dfe1b06a9290195cb76aec1a4ee3e8ed79e37.jpg,1418984,flower,real,173
train/1419086/59f9610e5ac4c6b64a2cc3bd9f7c497ef717ce48.jpg,1419086,flower,real,174
train/1419086/e68bc83bc58bb4cd5d3b7226784c568d1dba127f.jpg,1419086,leaf,real,174
test/1419086/e56f06fab26c3d45530cb86cea62088faf7f6b23.jpg,1419086,flower,real,174
train/1419086/12f95d26849e000b874982ef6c49419f6f6fb79e.jpg,1419086,leaf,real,174
train/1419086/6b142b9fc224c75f1201534d18b6b06b40af7107.jpg,1419086,leaf,real,174
test/1419086/de42f9654ace39e76a8f1ba79e01dde025b104c4.jpg,1419086,flower,real,174
test/1419086/44d81c830271fb891197bbab31c2660f732990ac.jpg,1419086,flower,real,174
train/1419086/ee82dd5d771cababe91772727c0f5d3de8a6d393.jpg,1419086,leaf,real,174
train/1419086/3fb055a62fa47d0dfc40cbb904712cf6a30b26ea.jpg,1419086,leaf,real,174
train/1419086/1d7ec37e692c0bef52f0bc06fde91b15b4c6537e.jpg,1419086,leaf,real,174
train/1419086/c1afd560eb20c67b9eda0d7694d9c1145f881728.jpg,1419086,leaf,real,174
train/1419086/380261bd39c045b6b1c623d6b9f6c745dfe3641b.jpg,1419086,leaf,real,174
train/1419086/925b5888378c8845f575fb90117a498f5521088a.jpg,1419086,flower,real,174
train/1419086/ec957e07b9053652871dab229619ba6c470e3628.jpg,1419086,leaf,real,174
train/1419086/ccab662c0909cc7f6570d0036d341baefc369838.jpg,1419086,leaf,real,174
train/1419086/256be16641b90aef034721d34ba1d588bb3c0527.jpg,1419086,flower,real,174
val/1419086/4b0c3022494909f071b4b28486116ce2c80cb462.jpg,1419086,leaf,real,174
train/1419086/46aee6bc50c3e89f75c9c1ca3a633d50692666da.jpg,1419086,flower,real,174
train/1419086/d77ae55f5af3f6fa7296a4ad1d340663cb6dca3e.jpg,1419086,flower,real,174
train/1419086/d1a840a5fb61ccd6a4d7ada0f9c5ec48e4b35bb9.jpg,1419086,leaf,real,174
train/1419086/62d94ed4b8ffd50513cc5d10e32e976ff0d4ee01.jpg,1419086,flower,real,174
train/1419086/9065b87e212c8e3a7684ba0f206502e727668f47.jpg,1419086,flower,real,174
train/1419086/528a09f5eb92050d683aa01f166df661ab51f1d6.jpg,1419086,flower,real,174
train/1419115/b72eb52206996b2ff5b1bd9caaf9dc0d9186eda5.jpg,1419115,flower,real,175
train/1419115/8fe69c4b73162e72ab1422e2f37b8eaeaf6e2377.jpg,1419115,flower,real,175
val/1419115/c0f85d989bb5c08fba9069d65509947197cc38ac.jpg,1419115,flower,real,175
train/1419115/8a60e747a73978b7303b98bf9c2b18e7f68f7962.jpg,1419115,flower,real,175
val/1419115/0de6d4f7fb82e52d044e9f8613ad32c99af8641e.jpg,1419115,flower,real,175
train/1419115/9f73e66b629a038a49fb140f9327e55504cfe76b.jpg,1419115,flower,real,175
train/1419115/d3ec29ec3763846a42979457ebb724158ce411af.jpg,1419115,flower,real,175
train/1419115/1b4abee4afebd1c4e49b3e4967535e5d05b8cbc5.jpg,1419115,flower,real,175
train/1419115/3a252b49a58f177c714e3ca908fd0f7f05e99c7b.jpg,1419115,flower,real,175
test/1419115/abe3b9879d4c485c0157505171e692b6846daeda.jpg,1419115,flower,real,175
train/1419115/eac6f28389241bdfc99af222036fc0bfd804b8fa.jpg,1419115,leaf,real,175
train/1419115/ff347a7675cd87d303665d462c0f4af2c73decc5.jpg,1419115,flower,real,175
train/1419115/452d5dbb975553a5359d5e580d000b74609f9f27.jpg,1419115,flower,real,175
train/1419115/50ea8c3471b84cc088413704df53c0caf4f4fb00.jpg,1419115,leaf,real,175
val/1419115/00a848b2bc88190e3d287bfcf73529a8b0cb2c4c.jpg,1419115,leaf,real,175
train/1419115/858e255b860b43e3ea8eabbb2e5dc0e8fc4209da.jpg,1419115,flower,real,175
test/1419115/4343bf59e4761287198651e2859bc6015295e21f.jpg,1419115,flower,real,175
train/1419115/227fd7446a6396bd0c7c84d8966289b21a10a1da.jpg,1419115,flower,real,175
train/1419115/e6108077873218c4a57eb0b49ef12e448626448d.jpg,1419115,flower,real,175
train/1419115/813ea32f27beb66583c22e9fda930785f9efd574.jpg,1419115,flower,real,175
val/1419115/5a4038670655281b64c6a86aec5a297c4996c0d3.jpg,1419115,leaf,real,175
train/1419115/01dca70dd5f24b2055e9a1e11a2589bf94f40bc7.jpg,1419115,flower,real,175
val/1419115/ae9799b9467ddabb8b1ef4b18f9434ccc6a46d0a.jpg,1419115,flower,real,175
val/1419115/12955a60695b56c391d17d4abacc2a5c429f1e01.jpg,1419115,flower,real,175
train/1419115/29a510eed99515dc1b50c2d374890148410240f3.jpg,1419115,flower,real,175
train/1419115/aff83ffbac1de85863e3f41a62bf1da264fd6857.jpg,1419115,flower,real,175
train/1419115/a6cf69ed333cca36710eacfee294dc4fb7ee72c7.jpg,1419115,leaf,real,175
train/1419115/12f8bb4f6a0bee28f4f2526faff28e0086e946b4.jpg,1419115,leaf,real,175
train/1419115/aa19fe0c7bd402301470334d17a3d58206dbc7e3.jpg,1419115,flower,real,175
test/1419115/d9c5b6d9cf6537ff411be31ff2bfbc09c1104923.jpg,1419115,flower,real,175
train/1419115/8246aef09ed464748768c8acb8ca1fc71f0db630.jpg,1419115,leaf,real,175
train/1419115/707b3644c9e392b88101341e10e4e64ebb7b1bbd.jpg,1419115,flower,real,175
train/1419115/b09d9f44fdef70e0e4e6e00172e4182995b867c6.jpg,1419115,flower,real,175
train/1419115/2c949958bcb7a40135cf6f4271edfb9d4be4a28c.jpg,1419115,flower,real,175
train/1419115/f63704ede85bf3f250cc9e8d6da3e24990b05eeb.jpg,1419115,flower,real,175
train/1419115/c61116f6d49c0b599638c29f186877955f951c97.jpg,1419115,flower,real,175
train/1419115/97d5b3f535ef9ad26c1d0d2ad15f107501b1be1b.jpg,1419115,flower,real,175
train/1419115/26f8093df673fc4626121b90d12037393e073ada.jpg,1419115,flower,real,175
train/1419115/ced1731053644b63421be5914f460314b621886f.jpg,1419115,leaf,real,175
train/1419115/571ed83f60ebbbf58de23bb71dcde5d9f73a33ae.jpg,1419115,flower,real,175
train/1419115/0e6b4822faeec0a90b99fcc98ee40534af541254.jpg,1419115,flower,real,175
train/1419115/6ec19426d0c1da24df8b8d719b107763dc1813c6.jpg,1419115,flower,real,175
train/1419115/5933340ab317278727819e40fcaaaa3dab664c69.jpg,1419115,leaf,real,175
val/1419115/22a67302b081829aefc700be5b0ed9e256891a2e.jpg,1419115,flower,real,175
train/1419115/6d86295de299717544263eb1dbc914c0ea3f500f.jpg,1419115,flower,real,175
train/1419115/496ec58d80c763b342d5278ba4710345a0a960fa.jpg,1419115,flower,real,175
train/1419115/f6c451200cf18fa49a40b5bf91c986395578d115.jpg,1419115,flower,real,175
train/1419115/55982381ed38e356a40b83f9e9b7404cd4ed1e59.jpg,1419115,flower,real,175
train/1419115/f084c2e06e052df15446bd7d7f6874c1aea8be18.jpg,1419115,flower,real,175
train/1419115/b68af27dc4fb17170903730820589f92c97f9722.jpg,1419115,flower,real,175
train/1419115/9b1e5293533c7faefbda65c75d39eca32fd4d11f.jpg,1419115,flower,real,175
train/1419115/a1b9dd544cb84be7fb805689aa4b6f05cd1c92ca.jpg,1419115,flower,real,175
train/1419115/779991100ba55ba84208a1f1d6c155abbd20d78d.jpg,1419115,leaf,real,175
test/1419115/3b66b45331d8f789d5cc8e1d5e477c25d7817c05.jpg,1419115,flower,real,175
train/1419115/0a2222d19d3338a6a0a31aaa773782c5c8f3554d.jpg,1419115,flower,real,175
train/1419115/4db68ceb7d4ce3886bcfefa1e91694d3a4b8e0de.jpg,1419115,flower,real,175
train/1419115/c7503867a7791ca58d516438904eb75bca685b29.jpg,1419115,flower,real,175
test/1419115/6a79468773d6d10187f9b5ca3181ed7eee408c0a.jpg,1419115,leaf,real,175
train/1419115/84aade7a7491f0bdb64ff47fd9bfacadb51e48ab.jpg,1419115,flower,real,175
test/1419115/679e6b2629c3c07c03edd91005855f22d44c2265.jpg,1419115,flower,real,175
train/1419115/31b1e8102a98b4464fe6b85b2451f02dcd6711f1.jpg,1419115,flower,real,175
val/1419115/a0f7cbed63b0476337c77fb656decb8f0b3d0494.jpg,1419115,flower,real,175
train/1419115/fb2b12023486b8a7561e11db1dd30c1fb200fbec.jpg,1419115,flower,real,175
train/1419115/8ea4c63a1a1f10eb94954ec23fdfc7d5943da0ac.jpg,1419115,flower,real,175
train/1419115/67e6581ad3c25656ffc54d9e97a5e079836e7b58.jpg,1419115,flower,real,175
test/1419115/7047ac33b4016a8f0c3c0d9ef8109a0bbf546313.jpg,1419115,flower,real,175
train/1419115/2953bb553e13bd6f20ff0ec5af80c06e9ac1a49b.jpg,1419115,flower,real,175
train/1419115/51fad92866412e9358402932f40436c8d4ee397a.jpg,1419115,leaf,real,175
test/1419115/912f4ff4a7a4e0d47bd7e0cc0fb4bde1cd1be448.jpg,1419115,flower,real,175
train/1419115/81fa23e1381344da6b3c45227fe67ea5b6035051.jpg,1419115,flower,real,175
train/1419115/0ecced5ba91f7f0ab4d9a47ff1c359ff4789f697.jpg,1419115,flower,real,175
train/1419115/67c0d7258ae71c9d5ddbd35b1ac20caa0a721766.jpg,1419115,leaf,real,175
train/1419115/2130eed037ed21cdcacaf0db1fb153402a2ac595.jpg,1419115,flower,real,175
train/1419115/280fe52564e5b79f3d3923217d6a52102df9896a.jpg,1419115,flower,real,175
test/1419115/d0ef04f018260edc3c4040d9a3811a44924afa79.jpg,1419115,flower,real,175
train/1419115/0a10c7aca1011867e85cb0505e2fc0f6e3e3bc83.jpg,1419115,leaf,real,175
train/1419173/0c9d279301514ea84d3b9dd0a05d047389a66b49.jpg,1419173,flower,real,176
train/1419173/10787a52a04ef35b4c0298284ca0291f2152d90e.jpg,1419173,flower,real,176
train/1419173/efd6ab6d6c9248a4a432af0c7fff52d800bbd4cc.jpg,1419173,flower,real,176
train/1419173/449c50a0ea9ff31e301c99cf356b0f099c087b35.jpg,1419173,flower,real,176
train/1419173/1e5f8f9d0898e0fbd64094b4cac13e118d6dd4a5.jpg,1419173,flower,real,176
train/1419173/660bd654304c35f7d380fe5b0694e2b0f62f3ae2.jpg,1419173,flower,real,176
train/1419173/9fca9d0a885b506cf6c6f8c8c1e4cf8255de25d9.jpg,1419173,leaf,real,176
train/1419173/bdd9c943b64dbd418cdbdcb6024f2a5a8b214c52.jpg,1419173,flower,real,176
train/1419173/6166586ed5f296139651dc74964f5d570da9987e.jpg,1419173,flower,real,176
train/1419173/bb74f955d475d152a3756a67ff714c1e3f0b72d8.jpg,1419173,flower,real,176
val/1419173/e5313f351a6f9292157bc81e47ce0cffbe81d95e.jpg,1419173,flower,real,176
test/1419173/e029000e0da117920182421d909c3af594a01683.jpg,1419173,flower,real,176
test/1419173/54dccd5d030bddf56c626a02e19d8af0cfe82121.jpg,1419173,flower,real,176
test/1419173/1d8021237db0f62db4065e6d59a0b1239d4523cf.jpg,1419173,leaf,real,176
train/1419173/02188cf1f369edc7a6cfe197634ede07327751f5.jpg,1419173,flower,real,176
train/1419173/4c9310e22ad80347da4810def79574a838025d68.jpg,1419173,flower,real,176
train/1419173/0bbc8c36f3b645d121db868e70e6ce9773ea8d6e.jpg,1419173,flower,real,176
train/1419173/2a9a60c2b8d7c0bd487c8e2c7e69820bc2fd54a8.jpg,1419173,leaf,real,176
train/1419173/2a84a012412f6779069c6e3677c76013ac149d11.jpg,1419173,flower,real,176
train/1419173/6e68e5369d79ff3a8050193938adc24e03c18dd2.jpg,1419173,flower,real,176
train/1419173/3979d2fd7e3dd0fc726844f274ff2cd41672dba6.jpg,1419173,flower,real,176
test/1419173/d56dd1d84bd4378fba7021482afb8ca320921f3d.jpg,1419173,leaf,real,176
train/1419173/b2e570e1f1320c46fbb5fc8fed03add8855a4e88.jpg,1419173,leaf,real,176
train/1419173/ede5b128d66ee03938b8ef80b567fd1af43190d2.jpg,1419173,flower,real,176
train/1419173/31726e50482cac932225c14d5954843f14d92ba6.jpg,1419173,flower,real,176
train/1419173/ce21198309a0edb0033a2f73a8c376575e85c8ea.jpg,1419173,flower,real,176
train/1419173/6921fcdef15af5c6b295e13e5db4d0c6364dd9d2.jpg,1419173,flower,real,176
train/1419173/201f3e1efba43352ecbdb2e910d138d238457900.jpg,1419173,leaf,real,176
val/1419173/cf08c5c2a5cf801b1a0c77e071fe1d64ce8e9462.jpg,1419173,flower,real,176
train/1419173/0b52ec5fff70e5497891b18630b9cde09a9bd846.jpg,1419173,flower,real,176
train/1419173/70d1d7ac4a0cbf47734fb3f8abf4521db1a45010.jpg,1419173,flower,real,176
train/1419173/b997d7409978dc38788447e37a7ee355dcef2d75.jpg,1419173,leaf,real,176
train/1419173/6bce89e146343387b4d024063bd7c22c77d9f0e9.jpg,1419173,flower,real,176
test/1419173/d8d8203ca6df3bc8124b7b1fb6e49ffa797af344.jpg,1419173,leaf,real,176
val/1419173/efcd2190ac3fd8bf6b928bfb429459a5559399c7.jpg,1419173,flower,real,176
train/1419173/da6a76624731334b7731f16401ba48ebdf5b4116.jpg,1419173,flower,real,176
test/1419173/09d5e79e41b0b8e6c75f4af0814cb7accef28b6c.jpg,1419173,leaf,real,176
train/1419173/113499efaa0bd798c71c0e508412eb2721a47985.jpg,1419173,leaf,real,176
val/1419173/d3c3bba640335009c0386798a79059d66eba42f9.jpg,1419173,leaf,real,176
train/1419173/3862154ae88db2396d3481fc487f4b460ec48859.jpg,1419173,leaf,real,176
train/1419173/6bd0b3705648f0a419839fa93f2cb9c35570bab0.jpg,1419173,flower,real,176
train/1419173/40fe50bcc6e84ddf57d851ace037a928ef1412a1.jpg,1419173,leaf,real,176
train/1419173/3c48155950508cfa0bdc685ffb34d65b30b8c9fb.jpg,1419173,flower,real,176
train/1419173/93db909d9948b799553038e3d9af546cc7416ef8.jpg,1419173,flower,real,176
train/1419173/8271da5282c033350035fb195e224578aeaf47ec.jpg,1419173,flower,real,176
train/1419173/f9829207e4af65a68d1df22ac0e52df45c37271b.jpg,1419173,flower,real,176
train/1419173/6fa411b117ea376f8c6b95883e47e0f068e39d6a.jpg,1419173,flower,real,176
train/1419173/c80ac64cfd6230eea99af844149a748c260d3b46.jpg,1419173,flower,real,176
train/1419173/593358ecb441e47aa398b157b66cc4ac70a64def.jpg,1419173,leaf,real,176
test/1419173/fc40dd852640e56b5020332976d3feb0372c854d.jpg,1419173,flower,real,176
train/1419173/da010f25098ffa1209fb28e0776c0a9243f7d732.jpg,1419173,flower,real,176
train/1419173/cc4b9b2af8cbb2299db98467b8b66c282cf5285f.jpg,1419173,flower,real,176
train/1419173/93054b11f894760eaa8cef214bcb90284456bba7.jpg,1419173,leaf,real,176
val/1419173/6f1a4f0387b9f0770ec2969712e90aec9b2d16dc.jpg,1419173,flower,real,176
test/1419173/4b7995aca05c4128d24c81a55318183966fb209c.jpg,1419173,leaf,real,176
train/1419173/f0434d315649c39b9c277aec9f3b05073de261df.jpg,1419173,flower,real,176
train/1419173/53ea6381217a3c85efa69ef37eae548f2095c4ba.jpg,1419173,leaf,real,176
test/1419173/864e61793d92ef68fa4a523f22d3f4f79dbce30d.jpg,1419173,flower,real,176
train/1419173/6af0a3a113723b73ce8e6af918512d47f93feb0a.jpg,1419173,leaf,real,176
train/1419173/5752d0867280b9e80ceca8f00079fd400f7cfe09.jpg,1419173,leaf,real,176
test/1419173/bbd541d28647ca134d40b571a9caf8bc047fab19.jpg,1419173,flower,real,176
train/1419173/7d0276f7e68b3fe91bd1b92a20cc8d7d990cdb2f.jpg,1419173,flower,real,176
train/1419173/333ad74efa7bd8473be018ad2df49b13ccaaf31c.jpg,1419173,flower,real,176
test/1419173/2b01caa2532d2289d4ac6aaae7d54aadb420278d.jpg,1419173,leaf,real,176
train/1419173/04db2919d7efa1e41b373805caa9617af909ce36.jpg,1419173,flower,real,176
train/1419173/7bc19e21127df719c8bc5d17852ff9883019aeef.jpg,1419173,leaf,real,176
train/1419173/017b4910c9b5774e993cac9ac545c04c6250a36f.jpg,1419173,flower,real,176
train/1419173/848748c0ab530db84656738f257fa58410f046c9.jpg,1419173,flower,real,176
train/1419173/266d6413079ae357adeb99c345a7ba303fb5f349.jpg,1419173,flower,real,176
train/1419173/c78dcfad263facf5ef8ad398fc232c1f06701500.jpg,1419173,flower,real,176
val/1419173/1a22994f94bea95d614fddda5dbc68852a78e815.jpg,1419173,flower,real,176
train/1419173/287e1616d339fee8cca2be0d30c5b6075e35f325.jpg,1419173,flower,real,176
train/1419173/af76c29ee2ae2ceb855406bded887b2790149dba.jpg,1419173,flower,real,176
train/1419173/9614e71d0810a5b372e7c94f19dd20b3e02a2b6c.jpg,1419173,flower,real,176
train/1419173/b13bbfef9c5fb7cfea6e60737a55cf1eb331f612.jpg,1419173,flower,real,176
train/1419173/a5a0655bec0df4fc5efddda7ac5ca30d84f69ae8.jpg,1419173,flower,real,176
train/1419173/dd8d3c7a30b5d1a13cbc4eeff14596e0868f5070.jpg,1419173,leaf,real,176
test/1419173/be952c7afd4cd7d69cd06df73147d8c1e63848fe.jpg,1419173,leaf,real,176
train/1419173/ba17895c99d5cc071e0ce341448fd3d434a9a820.jpg,1419173,flower,real,176
train/1419173/7c673e72d334f6a17570a0237652d147574c753f.jpg,1419173,flower,real,176
train/1419173/db2c3234942d0ae3facd178a32b708b9347724d1.jpg,1419173,flower,real,176
test/1419173/2a263e067682c7be7874c3b1470e020b80a7a4b8.jpg,1419173,flower,real,176
train/1419173/67d084e9c74d2e91e7071363069c6e587d65f7dd.jpg,1419173,flower,real,176
train/1419173/2f4a086b451390611b47ccdce9b08cbe12d0ee11.jpg,1419173,leaf,real,176
train/1419173/433af7357ea221c4045d30ff3a8f79ac814ed462.jpg,1419173,leaf,real,176
train/1419173/079a68f5cb5c00f412f5b1e0187b1bd79a3dffbc.jpg,1419173,flower,real,176
val/1419173/87a9f7674fe0a6085fa83494b7224df605535059.jpg,1419173,flower,real,176
train/1419173/4ebc58298967bfdf10fd18682026fa91f336b130.jpg,1419173,flower,real,176
train/1419173/ae31ba2a8c79e43833dd822a021ae7d773522c39.jpg,1419173,leaf,real,176
train/1419173/aeb6bd6a7702f7162b816e4d8af5509d7574a579.jpg,1419173,flower,real,176
train/1419173/ea069d4b5f9940bd117849279083524a112e8bfb.jpg,1419173,flower,real,176
train/1419173/3e7453898b41e214c81e34bca1dba9ce53c4eadc.jpg,1419173,leaf,real,176
val/1419173/1383350db100193e9dbe985b106d848578910ae1.jpg,1419173,leaf,real,176
train/1419173/374e457c4a04c41df1869cf419ca9c134860f7c7.jpg,1419173,flower,real,176
train/1419173/b0f4281a7c519f400c50df94997180736acfac18.jpg,1419173,flower,real,176
train/1419173/8786bd9747967ee44093d0878be3b134fc477d19.jpg,1419173,leaf,real,176
train/1419807/2e06bf8c1e0b40e32640979c222d9fbba76dfa0d.jpg,1419807,leaf,real,177
train/1419807/15817475f39d0ac9ccb13caf58196ecb3308838c.jpg,1419807,flower,real,177
val/1419807/a64ae7eceb8e0a13d4d8b17bcd66d4c5e5025c33.jpg,1419807,leaf,real,177
train/1419807/fca5768a1a12811e7674466429ad4c1c79d8c801.jpg,1419807,leaf,real,177
train/1419807/a8caebe628e5d50657f0ee4f596f671b1426b5b3.jpg,1419807,leaf,real,177
test/1419807/b7e3b4c0200d9fb0658d8cdbfd084ec89620a4bc.jpg,1419807,leaf,real,177
train/1419807/f37a04064f7a668a0893ffc3a580525634a51ede.jpg,1419807,flower,real,177
train/1419807/6cbf17d80886c1d67af84979b8f7146afd478d06.jpg,1419807,leaf,real,177
train/1419807/d4e498ff203f73c389afd4a3a58284cf0ed83f82.jpg,1419807,leaf,real,177
train/1419807/4de644b2a882e068e475731d7cb26126d2175db8.jpg,1419807,leaf,real,177
train/1419807/1a619ea545d2330cc5205240f7f04832681ef18e.jpg,1419807,flower,real,177
val/1419807/4a4e38acd4602fb535ef3b74fcdf754ab3334dd6.jpg,1419807,leaf,real,177
train/1419807/ff5d222dde1426b501c2c3bc117276669195c5ad.jpg,1419807,leaf,real,177
train/1419807/bc3b93602b00633a6d67fa5fc1fd268bb25fbfb8.jpg,1419807,leaf,real,177
train/1419807/68b96276d3d652b9dde2c40f8382cfb0935353f3.jpg,1419807,leaf,real,177
val/1419807/be719648180f34905017a8f49c6230e97e6c575d.jpg,1419807,leaf,real,177
train/1419807/5e79df53727a69bfbf7740b9dfca6dd5d341e7dd.jpg,1419807,flower,real,177
train/1419807/83b30908c4a950307b5a75f3b9747deec6c87f29.jpg,1419807,leaf,real,177
train/1419807/70f8fe483d09074cfcafc5556ef4ba5446d57d21.jpg,1419807,flower,real,177
test/1419807/c402530a17a50fc65f27835d003fd2bd6d3dcf21.jpg,1419807,leaf,real,177
train/1419807/cb7df9c767d5b2a3a972bd0a828b5398c6a6dad4.jpg,1419807,flower,real,177
train/1419807/2de83e9b9fcb54fc36c2b497f180ce89d20c78c1.jpg,1419807,leaf,real,177
train/1419807/06bd1d6ec5dd356da89e05669664ddb1ea7c7bcd.jpg,1419807,leaf,real,177
train/1419942/fa2f1fc46857f6eb449723b40b0d61585d7f4edd.jpg,1419942,flower,real,178
train/1419942/bf3cc7800742ea4422579020e735fb32a5aa782b.jpg,1419942,leaf,real,178
train/1419942/c40a64a57d1579d87d06aaf744c4b562703037fa.jpg,1419942,flower,real,178
train/1419942/ff523a544ee02e06d9fba555465b8033afd7ef26.jpg,1419942,flower,real,178
train/1419942/daa2c1c4fab6262692ba826bb7d0f807c1b86c11.jpg,1419942,leaf,real,178
val/1419942/49d265c2a12cea514bd0a702db3255dadfe21a22.jpg,1419942,flower,real,178
train/1419942/c5cec9a7ccd3fb866c6c413acd10a820b59607e8.jpg,1419942,flower,real,178
val/1419942/128e80ae02a34d132b0c496e58274aeae5274b99.jpg,1419942,leaf,real,178
val/1419942/9b5291dadb0dea714bef7c55d9ea68cebf08c8c4.jpg,1419942,leaf,real,178
test/1419942/860287806a81a99716fcaa9b55315cf6b4522980.jpg,1419942,leaf,real,178
train/1419942/b6d1bc19ff12257e333ad11cda764291005f3a63.jpg,1419942,leaf,real,178
train/1419942/f5fdcfa7148c23ea330aa91eea57d4b1abbb5c19.jpg,1419942,flower,real,178
train/1419942/f77fe4085bb899929a87581bc171d9d7f462946a.jpg,1419942,leaf,real,178
val/1420496/a660d5a3a5364e473a0952976cb2b4dcfa974b3d.jpg,1420496,leaf,real,179
train/1420496/83cb6cceba8a12204ae1cabed583425fbe39c048.jpg,1420496,flower,real,179
train/1420496/39ff0575895619dbff0dc34f49e34ec5ea39c2d3.jpg,1420496,flower,real,179
train/1420496/c8f3e0c9c3fdeaddd79c621cca795e56a97b26cd.jpg,1420496,flower,real,179
train/1420496/9f927c62f8db9291e6064bf850c864da4562c393.jpg,1420496,flower,real,179
train/1420496/f6d1faa0d0b4ebb355dba87afceed0e4ed3f0a3e.jpg,1420496,flower,real,179
train/1420496/b1faa759f58f67b7a32ed11f26208070ffbfdcf2.jpg,1420496,leaf,real,179
train/1420496/c10a7e6edf1ae5e9b55dba8a07b9b43e4d94f994.jpg,1420496,leaf,real,179
train/1420496/a01efc50841a6bdf3dfb6541569977a6aea00809.jpg,1420496,flower,real,179
val/1420496/7118191576f9e81a71f6641574ee67c4ae762485.jpg,1420496,leaf,real,179
train/1420496/e7861de063c7643f2b6d98f982673850fd8f886e.jpg,1420496,flower,real,179
train/1420496/0794c31134714c15c53ea37c16e1f3972f71d5de.jpg,1420496,flower,real,179
train/1420496/91365a4f851d1fdbef7af6c936666c84593c3943.jpg,1420496,flower,real,179
val/1420496/2e617e96431f198dec169d4ac805aabe8401fb03.jpg,1420496,flower,real,179
train/1420496/378dd2cbe87fcf43b105e2e1f282b240bf1c4fd4.jpg,1420496,flower,real,179
train/1420496/d4a1c1ec599ade97599dc04ace1713855f49d52f.jpg,1420496,flower,real,179
val/1420496/d121c990028f08e76c0cc9e415cd6341ee929021.jpg,1420496,flower,real,179
train/1420496/80d96bfae080c2ffe508d1f9241fbc48515cdb45.jpg,1420496,flower,real,179
train/1420496/778742aad6c165b01bb1db73d15d54c982d1faf8.jpg,1420496,flower,real,179
test/1420496/6be937ed3ee9a4a5cb95ee5bcd2ed1d4ea6a8374.jpg,1420496,leaf,real,179
train/1420496/32f29731f3b1999bf5663aab957be25da2d901a7.jpg,1420496,flower,real,179
train/1420496/eb601af43daff5fb0d73b8087bc62a5a0a385bdb.jpg,1420496,leaf,real,179
train/1420496/37ffb51082784ed49e1009af6f0ecdc602820a74.jpg,1420496,flower,real,179
val/1420496/371a0ca058e37ccb89dd1379b331b3e9151dd221.jpg,1420496,flower,real,179
train/1420496/da793b902e83bf3d2de8947486c296e106f237c1.jpg,1420496,flower,real,179
train/1420496/f88ae8541d5b0ad90d264a3e8a0c403169168262.jpg,1420496,flower,real,179
train/1420496/0a6a767cb0f1eb57da4236b2aeb1c56690cce15f.jpg,1420496,flower,real,179
test/1420496/6c3ade8cbc535f8dddd29c9aad9272bb55fdfe47.jpg,1420496,flower,real,179
train/1420496/7fb3bc0070546ec3a820b2ac44d6043b49d38427.jpg,1420496,flower,real,179
val/1420496/9e93cd1b7b9becbb95c6c090710a0b8bd04c5284.jpg,1420496,flower,real,179
train/1420496/3348e0d811ec273b4321c542e5c5ac50b03793e4.jpg,1420496,flower,real,179
train/1420496/4da314ed2514a9bd71d359a088726511a3163418.jpg,1420496,flower,real,179
train/1420496/37692a68d5bb6ee53c1aea9479aa31f8f831a0ad.jpg,1420496,flower,real,179
train/1420496/9ef406fecfadaf04df0d90b214ad062180e0a3f6.jpg,1420496,flower,real,179
train/1420496/9431f73430d31fc506503603c2451581b09875a0.jpg,1420496,flower,real,179
train/1420496/8bafa36fdf9b288d359406c35e0389bca895cd58.jpg,1420496,flower,real,179
train/1420496/6d5441b1660e45a06690de2d771e0410a704893c.jpg,1420496,flower,real,179
train/1420496/be6804ee78653c6c57193ced14a21fb734206552.jpg,1420496,flower,real,179
train/1420496/387889e473d6295bcecfe917742762ee399b21b6.jpg,1420496,flower,real,179
val/1420496/3ea7b7263c8dd6b7a37cc4a7db81866752ae3fc2.jpg,1420496,flower,real,179
train/1420496/b61763176da6acad015d13b1e149a3364d6c64f1.jpg,1420496,flower,real,179
train/1420496/bdd38376f3baa91e9285664683b0a5b6b040f682.jpg,1420496,flower,real,179
train/1420496/789ab536e1c398397512ad2bed4ece7ed0e71d0b.jpg,1420496,flower,real,179
test/1420496/6714d6b51db4f8f0e41bb08abcecd41a4f0a7671.jpg,1420496,leaf,real,179
train/1420496/8af2de6b5817a2c8ad6527a5dc0f240b77e3a271.jpg,1420496,flower,real,179
train/1420496/acbe7158296876b0a553169496f94bd2c9887cd8.jpg,1420496,flower,real,179
train/1420496/0d2486f1680aab42a9e71dd0be6b5b2e80820ee0.jpg,1420496,flower,real,179
train/1420496/30aa42db2fc4f09de1c1ab1a1af0db9d276be55e.jpg,1420496,flower,real,179
train/1420496/3134e80980eb838cee1dfe7ea14e728ef627d1ce.jpg,1420496,leaf,real,179
train/1420496/231d1d120da71dfd53f2f0b7c0dd8f7eba5ac388.jpg,1420496,flower,real,179
test/1420496/ad4c87594f24e5c86ea34218bb8de61a366a6835.jpg,1420496,flower,real,179
train/1420496/6b6a3ceff1f229194c00833ea3cc0b6e43a6f887.jpg,1420496,flower,real,179
train/1420496/52cc129955d88e0153a64d4bf4438ea1c9a71c39.jpg,1420496,flower,real,179
val/1420496/b509ff295ac9ceeae5ea153bbf7316816c9817c4.jpg,1420496,flower,real,179
train/1420496/90c3c5640247e0ef09e0f88cd153e4a8cb2e2bde.jpg,1420496,flower,real,179
train/1420496/ef60e48061689c6540587ab5528e2b019ca961ad.jpg,1420496,flower,real,179
train/1420496/2902c16708c57d169ac923b59e0c3c09c0fd7144.jpg,1420496,leaf,real,179
train/1420496/838105298ecc3206bc89f1061d96a04b01cd99fd.jpg,1420496,leaf,real,179
test/1420496/c9ec3e155fe4d848ccc91171af82550bfec3fc6e.jpg,1420496,flower,real,179
train/1420496/f357d556b9563e4210d04e1a75b9d66990f3097d.jpg,1420496,flower,real,179
test/1420496/57f1b90ae5a4dcbd09782f09a6dbf8914da03920.jpg,1420496,flower,real,179
val/1420496/a8417790fb99896755acc7a2dd2ad8c5da2b3008.jpg,1420496,flower,real,179
train/1420496/695dc183a453003d8c2d95e34186a9db36a38bfd.jpg,1420496,flower,real,179
train/1420496/9492c2490938883f5dc2b270e9233bd9db41d1de.jpg,1420496,flower,real,179
train/1420496/5cc3f823d905dfa3ed1e5eda2cf327e8fdd3d56e.jpg,1420496,flower,real,179
test/1420496/d5fcaa59bfe9d757439953288a40fcbd6fa1de73.jpg,1420496,flower,real,179
train/1420496/354163e49a2ea97dfb73d05a84df5942ba1e19e2.jpg,1420496,flower,real,179
train/1420496/dd78ac13abcca2a1377e0633dc168d4959be5ce7.jpg,1420496,flower,real,179
train/1420496/6b5cb65150699a1dc30f2eb743a9d34295bfb98d.jpg,1420496,flower,real,179
train/1420496/9b4dc12208fe8f59c53863835a302e92be04dbe0.jpg,1420496,flower,real,179
train/1420496/8a32f7f061661eff98ea0edeedb37d8212dc433c.jpg,1420496,flower,real,179
train/1420496/021c3e0b83a62a0cf34ac16f327eaec5e3370be4.jpg,1420496,leaf,real,179
test/1420496/eb27767d50ebfb828df4491a660d4e78fc8618d6.jpg,1420496,flower,real,179
train/1420496/ad82da6f282bb0294aff7489405c7eebe56c3adc.jpg,1420496,flower,real,179
train/1420496/bcdad934f3aed8e93f2f27412a0b99b617e2a2b4.jpg,1420496,flower,real,179
train/1420496/269c45ecc2ddd48d75172f758ccd9fb817ea23d1.jpg,1420496,flower,real,179
train/1420496/6bbe24605f4d028d2865e35403dfaffd84d3ea45.jpg,1420496,flower,real,179
val/1420496/73ad4febaf6d762c20e4c72b4cddab5cf0e9e310.jpg,1420496,flower,real,179
test/1420496/e14196ab7ab0f2ca19fab9155846c879cb881715.jpg,1420496,flower,real,179
train/1420496/f683341b133d19be18629537f76f38b4ca913ce9.jpg,1420496,flower,real,179
val/1420496/7a998c82daa0900149606878488e72e5efb9150f.jpg,1420496,flower,real,179
train/1420496/eca37055adc276515f3fba1e754f5211dc43a266.jpg,1420496,leaf,real,179
train/1420496/e25b70f8ee17cccba4e2ee6efa5eef6ea775c53f.jpg,1420496,flower,real,179
train/1420496/a4f308cf50a54f86db1b8004c69e138af794bc40.jpg,1420496,flower,real,179
train/1420496/223571d819bbbc385ab8f000f9a66cf276ffc5c6.jpg,1420496,leaf,real,179
val/1420496/7817a4601bb98141e38acb29b06f46608f097f5b.jpg,1420496,flower,real,179
train/1420787/ff6a0341eb8af65360427068c8ffc2f63e218cde.jpg,1420787,flower,real,180
train/1420787/d899c214d15fc061806b22d3d2290f0addc5275e.jpg,1420787,leaf,real,180
train/1420787/22a67e8d8916d11df570fbaa9c234d5852b9e65c.jpg,1420787,leaf,real,180
train/1420787/bb4af86f38b0fea3923dc74bb1dad1ae4750eab9.jpg,1420787,leaf,real,180
val/1420787/0fd805f1c9cbc9e07b7a21f3cb490dfb96eae46b.jpg,1420787,leaf,real,180
train/1420787/f472e5bf77e34d1d55060ec5d62496b2fecb5387.jpg,1420787,flower,real,180
train/1420787/54ff38d79477affc23a5740ec9b14b485cd664ca.jpg,1420787,leaf,real,180
train/1420787/7eeaf17f004225f6edebc79477ea4126d5c80bc2.jpg,1420787,leaf,real,180
train/1420787/edf766ef28291ba837466b1789c819694ead3a16.jpg,1420787,leaf,real,180
train/1420787/515b211a24e48708c729aba9e7519453c6a04bd6.jpg,1420787,leaf,real,180
train/1420787/5c77a1611d90ba30705de3e768b2fda49c2c628f.jpg,1420787,flower,real,180
train/1420787/9ac6f8fa9ab94f4295bf1145adb9251d9eeea366.jpg,1420787,leaf,real,180
train/1420787/64b91fea6f0e2b2335e6801e525a9f0ee6e0c848.jpg,1420787,leaf,real,180
test/1420787/063534aae2b280f764a0fc35308bdf36a4c814f5.jpg,1420787,leaf,real,180
val/1420787/7cc98e55a9c790cc8d4f898a0e02d3e2c840995d.jpg,1420787,leaf,real,180
train/1420787/3454ed28f233ca0d09d7d887f0a680e1b3c22353.jpg,1420787,leaf,real,180
train/1420787/d5e9095baf0b48c0a875acfe7182b9a62241daf0.jpg,1420787,leaf,real,180
test/1420787/4c28e22866f40aee45649068b3b98f37557714e7.jpg,1420787,leaf,real,180
test/1420787/7d60570c754bf7d053caac67cda432a867289fc2.jpg,1420787,leaf,real,180
val/1420787/cbdd19f31dcc909a3e4f06cea7d1b3341212cbb1.jpg,1420787,leaf,real,180
train/1420787/880a973818010b3b972970f031a6bb15e9631ac6.jpg,1420787,flower,real,180
train/1420787/03f209b55e63529938631d6bd396e7900c0c9a3b.jpg,1420787,leaf,real,180
train/1420787/d48e20fd502242a9bc02cf1270ca21fdee4152fe.jpg,1420787,leaf,real,180
train/1420787/fbc8cefa3742d140ddc3077320f20e26dabeca2f.jpg,1420787,flower,real,180
val/1420787/c3e1e16773a0a323e348c401c9f7b282aaf140d1.jpg,1420787,leaf,real,180
train/1420787/16a42a6b3eb84d03ea7b1b38cf66e6aa0aff1d60.jpg,1420787,leaf,real,180
train/1420787/e8270323185ddf54ee817989645d9ad632d32c58.jpg,1420787,leaf,real,180
train/1420787/e12e7bbed7c3a670d86dc7dbe1792b5751bcf2fe.jpg,1420787,flower,real,180
train/1420787/1910077f8299a94cbeed7b2b9304b1655d50ada9.jpg,1420787,leaf,real,180
train/1420787/fd06ea563e61bbdbd6364d3e9dfcd9d1a5a4b856.jpg,1420787,leaf,real,180
train/1420787/43ba8f739d02b0f26de4bc86385985bbae82ce3a.jpg,1420787,leaf,real,180
test/1420787/c2c622f888abc06c81c6ce47f056e4ccc13c07ef.jpg,1420787,leaf,real,180
val/1420787/4a915edc22078f687a7bfac8917fa683f0dd08c3.jpg,1420787,flower,real,180
train/1420787/893e8c2c980fd063c9a871361194e45dc71ea26e.jpg,1420787,leaf,real,180
train/1420787/ea45272546963b042fbcc74884dfd65b9036ae34.jpg,1420787,leaf,real,180
train/1420787/ad22560ad18370e25ac0d5cb9e2b31fd46f69afc.jpg,1420787,leaf,real,180
train/1420787/7f113af16b9305d434d2b59e36e72e8d5c691829.jpg,1420787,leaf,real,180
train/1420787/b51b66bac6e1276f5954ebdc5eb4187e7d30e025.jpg,1420787,leaf,real,180
test/1420792/a81b4b43b5e7b4ad396682a2366bf4ea75ae8801.jpg,1420792,leaf,real,181
test/1420792/ad06ec88700eb0e037faf7301df3c18813bfc762.jpg,1420792,leaf,real,181
train/1420792/93adab4035be0de003a0ad1ce2a77452cd78f531.jpg,1420792,flower,real,181
train/1420792/0e87fe9959f8ba37c492c3d0f5a1617138b9d3b4.jpg,1420792,leaf,real,181
train/1420792/8f7259345b39c116da719f74e44c7c8543a2ebc0.jpg,1420792,flower,real,181
train/1420792/de61de1dd87696ece498b2497e924fe8968587e7.jpg,1420792,flower,real,181
train/1420792/b698a3b1440e514b7b06ac86aa845f956a775efc.jpg,1420792,flower,real,181
train/1420792/a11b9e4c3a94d16bad8620084529b94bb8e9062e.jpg,1420792,flower,real,181
train/1420792/cd4910a739a5bb059e03df9ac81b3d6ec504f0ae.jpg,1420792,flower,real,181
train/1420792/115275f15b311240fc8d68239296bc281784c9f4.jpg,1420792,leaf,real,181
train/1420792/5b662ec1743e185797b6b7f8ab0a18d97bb00b30.jpg,1420792,flower,real,181
test/1420792/61350e02bde52a710a8345206035f6265bd7a4fc.jpg,1420792,flower,real,181
train/1420792/6be9063f4d17dad645c46c336eb0143b680ef0ff.jpg,1420792,leaf,real,181
train/1420792/62c423c06add2929071f0a121992d875d3d414c6.jpg,1420792,flower,real,181
train/1420792/1f2645c54a78f7a18518e95262029d1f6bb8b8d8.jpg,1420792,leaf,real,181
val/1420792/7b7174e9045361893aacf661ba7ea9ab3d657b91.jpg,1420792,leaf,real,181
train/1420792/ff9c9fd5e2c7b91cc5a77119a2527992992e75c5.jpg,1420792,flower,real,181
train/1420792/9e89687b8b352c8772ba191d4f067ec3c79b83c8.jpg,1420792,flower,real,181
train/1420792/7f542af295fc425f76c503c687c9acfc78ec4587.jpg,1420792,leaf,real,181
train/1420792/c9d93495e64a29b0303b63c6739334b177ed34c7.jpg,1420792,flower,real,181
test/1420792/ee8637705da87a2eca13c75b3d44faca94dfc97c.jpg,1420792,flower,real,181
val/1420792/8211f7bc37779af634c2285971ec9ab41a4d6c2b.jpg,1420792,leaf,real,181
train/1420792/b752c2e433aee700c123a27da0d65b98f99b9a66.jpg,1420792,flower,real,181
test/1420792/415446cc0d9a53c349b0fecf85e698d25b907150.jpg,1420792,flower,real,181
train/1420792/5840f53205dddc4e5a4ea12b1196ecab26146eb1.jpg,1420792,flower,real,181
train/1420792/7a42ef1ba739459bacd1596c5dc6453596e528b5.jpg,1420792,flower,real,181
train/1420792/2dc432500bb6506c11707e38cbe295dc3e7a14b8.jpg,1420792,flower,real,181
train/1420792/fa8e31b9ad2cd1da4b8685e1a0e29dab7c2dda55.jpg,1420792,leaf,real,181
train/1420792/b6463213721b4921267b733de9c5aa55bfde8548.jpg,1420792,flower,real,181
test/1420792/abef263feb12251534fc05c61383aa46205c339a.jpg,1420792,flower,real,181
train/1420792/99c9c16b83c48c7a5c5c22ea183022602293cbcc.jpg,1420792,flower,real,181
train/1420792/4bc789a7803798a67573bfddd120ce3782929419.jpg,1420792,flower,real,181
train/1420792/8c140f0259026bfdb5362096dcb90339b670ae20.jpg,1420792,flower,real,181
train/1420792/2962640933886c82b6539da97d69ff7d644a5f9e.jpg,1420792,leaf,real,181
train/1420792/20a643004a1ba884c6c211181ae7b3dad4f178ee.jpg,1420792,leaf,real,181
test/1421001/11bfdef947882a7df81b0e6c327fff7f6c46443d.jpg,1421001,flower,real,182
train/1421001/57a6360ff3da524a6f660cbb7c25cf1cba8a45ad.jpg,1421001,leaf,real,182
train/1421001/4c4aec53f412e13b1b1342aad88e64ec0e409af2.jpg,1421001,flower,real,182
train/1421001/ad296815b20fc934ae69f2bdb14fb0746835d83f.jpg,1421001,leaf,real,182
train/1421001/08367803ce2ed991c7d967eb49128b577db7c257.jpg,1421001,flower,real,182
train/1421001/c78d50e724b209ab4229387c2fe4143dd4607633.jpg,1421001,flower,real,182
train/1421001/1f315c6b845f3c3d80a0bc56ae728611b41065f3.jpg,1421001,leaf,real,182
val/1421001/b0d87e09390d5179afb0221b9811ddf2fb945e93.jpg,1421001,flower,real,182
train/1421001/c2621e1394486f3de8ede54b7763b91d6ad38b22.jpg,1421001,flower,real,182
test/1421001/1d029a9d5bab0b91e2009a1d295ce970f2f13464.jpg,1421001,leaf,real,182
val/1421001/eec2939b85a8fa1f332645aa66a4989147dcb35f.jpg,1421001,flower,real,182
train/1421001/19fb4026ea7370c84c313ae3c6fc2d903cf199d9.jpg,1421001,flower,real,182
train/1421001/3d958633bbf39f9f6f37663733b3f1de0dff83df.jpg,1421001,leaf,real,182
val/1421001/88776136ce2e37219ad0bd16170d92b6cb91ce1c.jpg,1421001,flower,real,182
train/1421001/bf4ab401ac803238311c9c96e27750556136ed12.jpg,1421001,flower,real,182
train/1421001/e995f6b4a9704f0ac27ca092d8d5079a98e9b9f2.jpg,1421001,leaf,real,182
train/1421001/b10a7249766cfbf521855f7ac0518d1591187ee8.jpg,1421001,flower,real,182
train/1421001/179e72eddc5a8875c5daa114a6380b99bfc7b741.jpg,1421001,leaf,real,182
test/1422105/3574640d504f8f5ce9cbf40cf4c98276531fbc4c.jpg,1422105,leaf,real,183
train/1422105/f2f3ada6811ac8245e02fb0d70cd29f2054b5043.jpg,1422105,flower,real,183
train/1422105/3a84459615b281c6c5d7b701cc2c3a2a3d2e423d.jpg,1422105,leaf,real,183
train/1422105/1a5e90b94399cfad80e09b29bbe8dfa78ca17f99.jpg,1422105,leaf,real,183
train/1422105/c7e728be5795416601238f3adeb4ead28180556a.jpg,1422105,leaf,real,183
train/1422105/f777e5d826c31b7893276f7ea21a1da711cd2c90.jpg,1422105,flower,real,183
test/1422105/8ea6692ef5b7ecf8650c525e7c06a8ee982c75c2.jpg,1422105,leaf,real,183
train/1422105/2c3385f065790323d48695a5948952905b77fb2d.jpg,1422105,flower,real,183
train/1422105/774710d806ab1e3c4b3ea7db1a62eadf12d5e7c5.jpg,1422105,leaf,real,183
train/1422105/ddb6a7b4e2d385c31fbaadc7fca2eff24a36e30c.jpg,1422105,leaf,real,183
train/1422105/265282695bbc2ddd37c00251d7e3f01f4df3591d.jpg,1422105,leaf,real,183
train/1422105/b25744724c613c114da0d7077fffd7c8a5311f0a.jpg,1422105,leaf,real,183
train/1422105/bd0d0c3737ba1bc3e76068d1145bfc086a537801.jpg,1422105,leaf,real,183
train/1422105/ef79cdb2da4959b8ca87d9da6fcfd37704d64d08.jpg,1422105,leaf,real,183
train/1422105/096dfe8b4825cef1ce2035b6309c6cffde2daf65.jpg,1422105,leaf,real,183
train/1422105/3de4a7f03dc70ea675d126ccba463d2a0ed5404b.jpg,1422105,leaf,real,183
train/1422105/3bca272e36158ad69323501ad58ae8678cf10855.jpg,1422105,leaf,real,183
train/1422105/739fa9e492db7832eaebda0507ad339fbe85348d.jpg,1422105,leaf,real,183
train/1422105/0d4e957a5342428526a2d42299b1b77a4d5a1368.jpg,1422105,leaf,real,183
train/1422105/63d9de7c1b87f3aee4cab707ff1a4f6b09159230.jpg,1422105,leaf,real,183
train/1422105/88ad2d6bef28e3d5002b2ccba0c2c57cac0c8784.jpg,1422105,leaf,real,183
test/1422105/58b434fa415e3535e77ad8291d6addffbb09a37c.jpg,1422105,leaf,real,183
train/1422105/e31a2dfa58f76ffa6b0ab6f52bc44f4a7e3287ab.jpg,1422105,leaf,real,183
train/1422105/5f935e469f65dacbc25035ecb21aa2be27975439.jpg,1422105,leaf,real,183
train/1422105/f3fe0d587c3e2e87937e5374038081080a5172a8.jpg,1422105,leaf,real,183
train/1422105/dfb05e538db4f598b910863ffc814ff5d87c3ec3.jpg,1422105,leaf,real,183
val/1422105/71e6eeca15fe5a93416bd2d18ce7a5bf425ca8f6.jpg,1422105,leaf,real,183
train/1422105/f3c10263b2d1fc17e17a513734f3f0a0d323db1e.jpg,1422105,leaf,real,183
train/1422105/103a0260bb5b0510c6918517b1d67ef7a0dffe6e.jpg,1422105,leaf,real,183
train/1422105/a0159f605f191ea7f6074021819202a18015170f.jpg,1422105,leaf,real,183
train/1422105/b3eaf4b88b8dc675ab4100bdd9b5e48a08414397.jpg,1422105,leaf,real,183
train/1422105/4c292b3bca4cb25678363c22df08b4893669d705.jpg,1422105,leaf,real,183
val/1422105/38651cf5698e7da9e2df3bd0259f7aa2c83bb22a.jpg,1422105,flower,real,183
train/1422105/d3ff16c493bf93b40e5cce55b75c5c98a24980b4.jpg,1422105,leaf,real,183
test/1422105/6bdbba6129a2389486f72794292ff6d136366cc8.jpg,1422105,leaf,real,183
train/1422105/4dd322b420f915535d2ec13a719344eb9946943f.jpg,1422105,leaf,real,183
val/1422105/576f4185a24d544bb42297b93cd929aa3a50a16f.jpg,1422105,leaf,real,183
train/1422105/660eb9997b6afa180beacce21dca59e0a2f7d4af.jpg,1422105,leaf,real,183
test/1422105/7a15faaab9d9dd4a5862dd1ffac1f6ba49085ee8.jpg,1422105,leaf,real,183
train/1422105/88d72993d5c6485a7fb71b99896a236bb211eab2.jpg,1422105,leaf,real,183
train/1422105/c7d2044132af6ae9fdc88067313004bcae1b6d1f.jpg,1422105,leaf,real,183
val/1422105/b2b3ec2949e1353e7a58ac904ea21f99ba422945.jpg,1422105,leaf,real,183
train/1422105/67370fa083ddc7af16a64f8c2d9f7b72b5b618ee.jpg,1422105,leaf,real,183
val/1422105/fe9a6140412c49eb8d4e667a6c8a2b975d18b6a1.jpg,1422105,leaf,real,183
test/1422105/98e68bad8f770d86c7abdced8b2ea155bee28a8c.jpg,1422105,leaf,real,183
train/1422105/cb328cff7ebf831adb1825efe68774137b7dfbdf.jpg,1422105,leaf,real,183
train/1422105/31aaabaf8704fadbc1bf932a46bafc5c358ad3b6.jpg,1422105,leaf,real,183
train/1422105/644221a22c0d9ee9977e02b6feeffdc99352fce8.jpg,1422105,leaf,real,183
train/1422105/a53302cefcd3dd2847879c59e4ac8250dc595ec4.jpg,1422105,leaf,real,183
train/1422105/197c9659a70fc4fd4447461f9802b59f0a1bb73a.jpg,1422105,leaf,real,183
train/1422105/785529e4e528c3c93e766481348a88eaa787e9de.jpg,1422105,leaf,real,183
train/1422105/84f13b2e34e8e912fb21ab863a470ed55b87e836.jpg,1422105,leaf,real,183
val/1422105/e8a73e5d0a5711e7d23c03eb5fb9322e3f3b1176.jpg,1422105,leaf,real,183
train/1422105/91ed8ed401262c70006cb2bb454843c4fe287496.jpg,1422105,leaf,real,183
train/1422105/f6b60cd382f9af756d044bd6962e3ad7e133f5c2.jpg,1422105,leaf,real,183
train/1422105/d0adf3aec2b796ea824679b83d06ed6c1a15750e.jpg,1422105,leaf,real,183
train/1422105/e7052e8072b019a5fda3e0c3b86b996f1d9db7c9.jpg,1422105,leaf,real,183
train/1422105/7027d17af1e2f6788ebcdb7249b11771339a4158.jpg,1422105,leaf,real,183
val/1422105/95e15a6af671a1ccbcd2d24e44345147888f19d9.jpg,1422105,leaf,real,183
train/1422105/e9fc90af27dd08227979f046fa5df6956703cf19.jpg,1422105,leaf,real,183
val/1422105/b7fe965a15083cd27eca633e1f95898cee435edd.jpg,1422105,leaf,real,183
train/1422105/eb66987ee4cf8885352abb28e4dd01c39f21b4f5.jpg,1422105,leaf,real,183
train/1422105/00899c8614adf1bbda26ca9627581aae50244111.jpg,1422105,leaf,real,183
train/1422105/7785194c206eccb5f5f3aaa452131e95d41e7da7.jpg,1422105,leaf,real,183
val/1422105/53500dd85db44c6bb0841c4c12b577156f58e4fd.jpg,1422105,leaf,real,183
train/1422105/39f410e9ce41c8b17a1c8a84810e3d31b0972598.jpg,1422105,leaf,real,183
train/1422105/78cea1e3f9a7cfe00e42057d57ee19c71f35065c.jpg,1422105,leaf,real,183
train/1422105/6257714b539b21045461df6e119251c201f2e5ae.jpg,1422105,leaf,real,183
val/1422105/7203e2527c90160c9e91f788e0580dc7e3ed3b23.jpg,1422105,leaf,real,183
train/1422105/137be451cea527127f658b339cbf9cd7a6788b17.jpg,1422105,leaf,real,183
train/1422105/ac4a87e29727270641f7b6fe9a14eb72b1ddd785.jpg,1422105,leaf,real,183
train/1422105/71ccae4886eeee272c9aaa548244625a4eb4ef18.jpg,1422105,leaf,real,183
test/1422105/d25e30dddc8d74d539f30e385449ed87edb18e64.jpg,1422105,leaf,real,183
train/1422105/67f3419730a34dbcdafef3898f8e8df59e9b6997.jpg,1422105,leaf,real,183
train/1422105/4ce9eae0994d8fe366037b8de809247ddd27cbe2.jpg,1422105,leaf,real,183
train/1422105/79216cebccb4f414d9b53dfe86b5c575ca3fe836.jpg,1422105,leaf,real,183
train/1422105/9c041483165d6753b4c60abec6639145877c9ef7.jpg,1422105,leaf,real,183
test/1422105/7cc2247e9ec952d7703f9187727c4b591a8795f3.jpg,1422105,leaf,real,183
train/1422105/7c905608d52a448c2df127b26c42177790cdc5d5.jpg,1422105,leaf,real,183
train/1422105/d6c1de444cbaedf6ccc3d6681d3a4b258f053436.jpg,1422105,leaf,real,183
test/1422105/b6349cfcc4082b9a2aa45613cc91cbd5d2ba04f8.jpg,1422105,leaf,real,183
train/1422105/e16db7291b08ae1e07771e482a07c822b1496e0c.jpg,1422105,leaf,real,183
test/1422105/29824ff64b5b5e1b1334d7924f5368db03553b4d.jpg,1422105,flower,real,183
train/1422105/0670b58255eade39d85b7b02fb65692a70469698.jpg,1422105,leaf,real,183
train/1422105/e302c07cf117ddf14c08746bfbc6c8335b6cdb4a.jpg,1422105,leaf,real,183
train/1422105/3c749793f9e84166f2dfcc02573f7911db3d2dd9.jpg,1422105,flower,real,183
train/1422105/dbd985833e32302fb9916d47c2397f5fc1481c07.jpg,1422105,leaf,real,183
train/1422105/440c6f3d3f8f22be6c4df794d4949cefff2bce19.jpg,1422105,leaf,real,183
train/1422105/e404c245295ddaa7851ac2a322f7c85a02136632.jpg,1422105,leaf,real,183
train/1422105/b08e737e20b6c313262f96efacf38d61959548c3.jpg,1422105,leaf,real,183
train/1422105/2ff69beeb5db1ef73f402130bb928e103db5b571.jpg,1422105,leaf,real,183
train/1422105/a0b55211314b1d08d7ca2a0f17a166aee50d9496.jpg,1422105,leaf,real,183
train/1422105/027563ed9ee90e7a607fea1e3a433c4736cd3d0f.jpg,1422105,leaf,real,183
train/1422105/d0c88e1178d87589b8644c75c0f79c5433aff295.jpg,1422105,leaf,real,183
train/1422105/2a9f96e1796b28dae11acf47d75153ca90a0f228.jpg,1422105,leaf,real,183
val/1422105/75eb9d17347760968f8215270c9e581f288eca03.jpg,1422105,leaf,real,183
train/1433158/0553e54c65accefe7e12abd08dccccc321d466a2.jpg,1433158,leaf,real,184
train/1433158/9a4c7c957ac18abd8d86f164672cd13fae3b290e.jpg,1433158,leaf,real,184
train/1433158/c571f71016e27d98656a24913cccbe9cab14540b.jpg,1433158,flower,real,184
val/1433158/b3dc1c5bd5bccd7e682698cb1312b0cb104bd4ff.jpg,1433158,flower,real,184
train/1433158/ce4752f3ac7e88538c3794fbe68e2d2f3fd4daff.jpg,1433158,leaf,real,184
train/1433158/2727a8b450b89c428a25ab25f3a454217bf28ac9.jpg,1433158,leaf,real,184
train/1433158/5fa1f9c484c2b0e96835008e0068f0be99f20e13.jpg,1433158,leaf,real,184
test/1433158/ddf537c94c5eceabf676c06cc67c378538224cfe.jpg,1433158,leaf,real,184
train/1433158/6cba228b3e561496d98a51464e2c944ed149896d.jpg,1433158,leaf,real,184
train/1433158/0e1e0bd73769177e9d69e388d2b90b1e44a63b50.jpg,1433158,leaf,real,184
train/1433158/657361f2ed77752a7ececded22ff1912bbd12668.jpg,1433158,leaf,real,184
train/1433158/f968f205fb3f04b96aebff38f7d2b82616a96214.jpg,1433158,flower,real,184
train/1433158/40988fb7691e7f59805adeb896e15cc14b93fe8a.jpg,1433158,flower,real,184
val/1433158/f326e039416d94169c37c32146e8b2c1c69587ea.jpg,1433158,leaf,real,184
test/1433158/ee049f92b406feca8fe1fc23064a89833922d487.jpg,1433158,flower,real,184
train/1433158/9b66772e6d6dc2349bcd0b71f23a1b2f930ab0ee.jpg,1433158,leaf,real,184
train/1433158/5f7b32ef1fde81f2e19e08d0f9b27a811a368231.jpg,1433158,flower,real,184
test/1434011/d7d726146ff1e8fa9ac63367042d75d1e66aa952.jpg,1434011,flower,real,185
train/1434011/b1ca5e129e62655f7c961e3afbd7deec8dce7410.jpg,1434011,leaf,real,185
test/1434011/d17fb413bc87cc31cff7b4f458d339af632ab9b7.jpg,1434011,flower,real,185
train/1434011/1457afee61ed8471619b211d21a4376880f16d04.jpg,1434011,leaf,real,185
train/1434011/757453cb70f9a88446d862c123261015c380c07a.jpg,1434011,leaf,real,185
train/1434011/ce27ff539fe5164790f49c3fa122ab7f2de0bf11.jpg,1434011,leaf,real,185
train/1434011/18903695010464d3fc21249f70039fa866b6dc72.jpg,1434011,leaf,real,185
train/1434011/0d1c0bfa9ca3eea61f803b74851e6847da07acaa.jpg,1434011,flower,real,185
train/1434011/25d8096f335473befa86bbcfbb81af911d56d9a6.jpg,1434011,leaf,real,185
train/1434011/20e82cf4624ae10dff145fe21710c89065a5d93d.jpg,1434011,flower,real,185
train/1434011/8b4f238db413cd59e77b16b375900cf888659f98.jpg,1434011,leaf,real,185
train/1434011/299fd595bab466f8623d7e17230da20b089ce2ee.jpg,1434011,flower,real,185
train/1434011/47595b0929198caa57919d1ba8e984aeed8502d3.jpg,1434011,leaf,real,185
train/1434011/d90e6f65d65ad4eb3cf01fe5c5ba41df3f41b34d.jpg,1434011,leaf,real,185
train/1434011/6601f280e0107e7a64ae522bb647d2960dee8f75.jpg,1434011,leaf,real,185
train/1434011/2b9defd289d406aaf6cda451b35c79f06b41f694.jpg,1434011,flower,real,185
train/1434011/556234e3b9378b479f425a3a13079ab0745c71c6.jpg,1434011,flower,real,185
train/1434011/957c752c387bfc8018ecab62c7a473f846ea7843.jpg,1434011,flower,real,185
train/1434011/67b55a459033535eae915e3f82f5dab0d9db96be.jpg,1434011,flower,real,185
train/1434011/15e772b1dbe84828f49a783bd8c208ba996ef3a1.jpg,1434011,flower,real,185
train/1434011/8b57e8043f1fc2ee5c45326300b77311a8d15e2a.jpg,1434011,flower,real,185
train/1434011/743d44abaa837e68d575622e78931f5b6cad6500.jpg,1434011,leaf,real,185
val/1434011/934199e77fca45f3dd917a377cb229edd6b2ae3c.jpg,1434011,leaf,real,185
train/1434011/07447e6325e09b125101cbd48fb3a4c9accf0643.jpg,1434011,leaf,real,185
train/1434011/50b2fbe8f81a901ad1f7d1ed5f739ad8252fd6e9.jpg,1434011,flower,real,185
train/1434011/445ba7d2970e2bd2765a54225dd68964e766e10e.jpg,1434011,leaf,real,185
train/1434011/42f551ca9a742aa4fd355481f7cb7bcdd6b7a2ea.jpg,1434011,leaf,real,185
train/1434011/539febeadfc410d93ddbf8c7b0080afbe864ccf3.jpg,1434011,flower,real,185
train/1434011/812b7e555249223c934d9f6ee185e25dc5cc6edd.jpg,1434011,leaf,real,185
train/1434011/181895f028c51478927834698a35b6fc68bcb943.jpg,1434011,leaf,real,185
val/1434011/144b7144464c4624bed5e9c0fbcbf1958e2b9b17.jpg,1434011,flower,real,185
train/1434011/1de778c5d533a51b6c617c7cfb054a5e1f1c0e7e.jpg,1434011,flower,real,185
train/1434011/c04433e6c2df4155f47c47cffc5bc21751670d71.jpg,1434011,flower,real,185
test/1434011/a9a0060fe22effe8e60026e8eccacbe93bc6cf4b.jpg,1434011,flower,real,185
train/1434011/54bee090f1161217c790b6c560a24e31703b8411.jpg,1434011,leaf,real,185
train/1434326/f7fee21ddbb6de4e1b6163a9616b807c9ac4ca4e.jpg,1434326,flower,real,186
train/1434326/f6f6b54a869f473ea33b3bcc3b378b81255a923f.jpg,1434326,leaf,real,186
train/1434326/a98970d683a475d93728747861bbca65fa6766d5.jpg,1434326,flower,real,186
test/1434326/3eccdb307de4b6d16e2a865f7ddad9bc86cf2d9b.jpg,1434326,leaf,real,186
train/1434326/057bba64c8bb0e801ae029d45f2542b0f8f250fc.jpg,1434326,flower,real,186
train/1434326/88d92ad5d0f6ed0b74aebcb578978b99a5690305.jpg,1434326,flower,real,186
train/1434326/483793df37e6ab7dace8c1c56b9d72c93f7f7578.jpg,1434326,leaf,real,186
train/1434326/f5f64cbb47601da77347c3a8aa0b97ff9293c0e8.jpg,1434326,flower,real,186
train/1434326/7f713cb695e0a13e1a07aefc9c9b2d4ad8d18a19.jpg,1434326,flower,real,186
train/1434326/16d8f70e07ff96f85e4ca5dff202d97ac005bc92.jpg,1434326,leaf,real,186
val/1434326/9b71ab1aa5564cf9db6f2e8c1f6ff7d6d59ad3b4.jpg,1434326,flower,real,186
train/1434326/b8e598adad7a9024b0453c32bfd3c712ddb94026.jpg,1434326,flower,real,186
train/1434326/9cdc1a4f975b940078455bce819b7eabc6c2a435.jpg,1434326,leaf,real,186
train/1434326/ec4587ae6290fae4886764d5989ff28704c684b2.jpg,1434326,flower,real,186
train/1434326/fdc49f329d62381367089e75877ec3983c5b8fcc.jpg,1434326,leaf,real,186
test/1441349/b73da45721432d20eb7570ceccdbc1ce46e339b0.jpg,1441349,leaf,real,187
val/1441349/2e8db2217b5a2af32fea57b27324b23bdfd383a7.jpg,1441349,flower,real,187
test/1441349/22b432654e5f10b71705ad3d543156b958339a29.jpg,1441349,leaf,real,187
train/1441349/b968a1c57da6d02a4b7a90674fb178d9dae30355.jpg,1441349,leaf,real,187
test/1441349/7a1fa72e302cb08e49b32e876a206077c95bda32.jpg,1441349,flower,real,187
train/1441349/0f190075ce90aa1879a5da0e10c058003723068f.jpg,1441349,flower,real,187
train/1441349/a5330be5e43bee847e895ea53640e8abe9a5bd53.jpg,1441349,flower,real,187
train/1441349/706df5f26582a1b1fac752a2dce94d4da9b5e450.jpg,1441349,leaf,real,187
train/1441349/626f80c9aab2cd7a6649fb9bf5e4da978e41b10d.jpg,1441349,flower,real,187
train/1441349/4efac628b26e8e1ae9991c8c59523b6d02888db0.jpg,1441349,flower,real,187
train/1441349/0379385065cc16f491026dea213304cf4178a25f.jpg,1441349,leaf,real,187
test/1441349/884a0ed31318d73f722763ed5575b93284346b22.jpg,1441349,flower,real,187
train/1441349/76207ac431a418fe63a418491b88ef0d04a884fb.jpg,1441349,flower,real,187
train/1441349/6dc95ebf62fa9c6aa40aac90fef8ae94010b0783.jpg,1441349,leaf,real,187
train/1441349/3fc1ea444221f329a5d466bc84a685e19dcf5b5c.jpg,1441349,flower,real,187
train/1441349/4be15fdf8f6255032a670cc43b1e309e09b224ee.jpg,1441349,flower,real,187
train/1441349/926b9cd62e40de28421f92885f7dfc8991dc017d.jpg,1441349,flower,real,187
train/1441375/035221fe848292c1780065d6617a1882f57559d7.jpg,1441375,leaf,real,188
train/1441375/e5d4bfbbe03b7c7172746f5aa24a9529e34f82be.jpg,1441375,flower,real,188
test/1441375/26b207442536e362dcfcae54531a3457d3ca6417.jpg,1441375,flower,real,188
train/1441375/affac91cf56403e3f34bc6e43fabee264c702567.jpg,1441375,flower,real,188
test/1441375/4663478df35e244f346de0a049591c3549c4355f.jpg,1441375,flower,real,188
train/1441375/13d2943eaff59e279bc90cc53fe4c83815ee7538.jpg,1441375,flower,real,188
test/1441375/aff0396f805e684f34dd80d8e0648267c1089e80.jpg,1441375,leaf,real,188
train/1441375/0e6bacd5ae92b026802ed92e4371cf6b26b35732.jpg,1441375,flower,real,188
train/1441375/a5a5188e5fcaa2286aa32c2fe833e45752d7b345.jpg,1441375,leaf,real,188
train/1441375/538a489ca9122b19a7ef27f549a4633b30d5ae92.jpg,1441375,leaf,real,188
train/1441375/526de6439a7dfa67b659e34a79ab91cee67aecd6.jpg,1441375,flower,real,188
train/1441375/34fee611ec232d61c50ecac3d89ff4b89b0b6d71.jpg,1441375,leaf,real,188
train/1441375/75f662b5206ded290d15d095cf808d94cc3109c9.jpg,1441375,leaf,real,188
train/1441375/841fe0d9e7d8db4bcb3e2f6659867f31113c39cb.jpg,1441375,leaf,real,188
train/1488026/1f1d4b74c2bb7ceb8ff7ff86047a86d97521cb50.jpg,1488026,leaf,real,189
train/1488026/9007aa1e6e70aa9a94a46b7f9ba1051b728c7a00.jpg,1488026,leaf,real,189
train/1488026/56d9444d1b96ac77fc5c4c6744815e97331527a6.jpg,1488026,leaf,real,189
train/1488026/d072020e1bb432dfeb3c4f110015e48ace50bd86.jpg,1488026,leaf,real,189
train/1488026/3da49bfcd7afc547bb6f500057a17c54178b221f.jpg,1488026,leaf,real,189
train/1488026/d4695f7f90f969539220e57369615cdd19952538.jpg,1488026,leaf,real,189
test/1488026/2dc8f60d8fa266da52363f2de9bedf6d474d202a.jpg,1488026,leaf,real,189
val/1488026/36e19695e648846434b0b4ad646af9e07b84d2d3.jpg,1488026,leaf,real,189
test/1488026/0a5efa9e2b8a35e3159b89864999184247e5dd15.jpg,1488026,leaf,real,189
train/1488026/fd934b63fa109275653f38463169e0f57f1e0ae4.jpg,1488026,leaf,real,189
val/1488026/ddcf76ea0b129d973c02b3318b7020d4be323fbf.jpg,1488026,leaf,real,189
train/1488026/95badf190f5b1d7abbbcf55ae734e790c73a713e.jpg,1488026,leaf,real,189
train/1488026/7169f079bfc22ea53160d6ed678b7b88bc22e085.jpg,1488026,leaf,real,189
train/1488026/789411b686025ea0e1ea3fd6ad97f3d0ae2a62f8.jpg,1488026,leaf,real,189
train/1488026/1b2d5cb66e77957341dc22dd246c207d85825dbc.jpg,1488026,leaf,real,189
train/1488026/697346aba97ebffbae13b6582da5bc8a650e2db1.jpg,1488026,leaf,real,189
train/1488026/f9a63a872075981b268a63c3185ce16548543926.jpg,1488026,leaf,real,189
train/1488026/2ac6c5e15658d73e44ec4ed36e44b23b5ae71847.jpg,1488026,leaf,real,189
train/1488026/8e64c7a1b7b1f6c28ebff8d3b96fa87c1f490a14.jpg,1488026,leaf,real,189
train/1488026/f65bb2e95205d4699ca29ff07ffe38798e87a9c1.jpg,1488026,leaf,real,189
train/1488026/7386f413050bf2cef14167ed84ce3cae47c0ab9d.jpg,1488026,leaf,real,189
train/1488026/e4a7917f1707291fd1787ba1509059c5c94fdb53.jpg,1488026,leaf,real,189
train/1488026/c92c0d0f4d2c599541cf5a8d5d8955b2d171c969.jpg,1488026,leaf,real,189
train/1488026/2683cdcfd3d7c0c659b4de9c65c3e7d3388ff93e.jpg,1488026,flower,real,189
val/1488026/27cc40c35617f9ba25cd47c718ef404ce560bd55.jpg,1488026,leaf,real,189
train/1488026/056e33e6a1ede161c6b06de98298d4fe604e0b70.jpg,1488026,leaf,real,189
val/1488026/9696d9967393a80667caf003cb41a063b3cdb592.jpg,1488026,leaf,real,189
train/1488026/847e5860157c64096f3619ddf1c7a0644202533c.jpg,1488026,leaf,real,189
train/1488026/7afc9510ef2a7c16c20d43c48bc32309927b3de4.jpg,1488026,leaf,real,189
train/1488026/2c0cd1914ddd6b5412472f7c3c74f0dad9b9177f.jpg,1488026,leaf,real,189
train/1488026/f9901f78aa57f747aa3641b08f7f4240798d969b.jpg,1488026,flower,real,189
val/1488026/b6945a6bd6a16c3f556056b335755b17781b5b49.jpg,1488026,leaf,real,189
train/1488026/46588a9222735ea53a01fa2c59e816dd4093e7a9.jpg,1488026,leaf,real,189
train/1488026/7475c64f6750db9b75c942042b05ecb575773572.jpg,1488026,leaf,real,189
test/1488026/1b5601818ed6805c573d8470d8c76a448b933e9a.jpg,1488026,leaf,real,189
train/1488026/259968715219212614ed585f4dc2f6699ffe1836.jpg,1488026,leaf,real,189
train/1488026/f97b80d647634fce3b6d838f6173d7ae49ce489a.jpg,1488026,leaf,real,189
train/1488026/dcbb5e1b3f5c08f42cc11361cdd3755b2d202b6c.jpg,1488026,leaf,real,189
train/1488026/de7422fdc49eec94771fc11a3d2ac8abb7fca7cc.jpg,1488026,leaf,real,189
train/1488026/aa82ddbc39ec5e288982e0dae81be7aa2fe9a9ea.jpg,1488026,leaf,real,189
train/1488026/67602e5fab7f69730ba5c5dbb42764519d234087.jpg,1488026,leaf,real,189
train/1488026/bc6db426924f88df967fac5edb52c59f970ed97f.jpg,1488026,leaf,real,189
train/1488026/7c5ce67f78bea05540d142818bfa77992d1dbb76.jpg,1488026,leaf,real,189
train/1488026/12bcbaa6430db5918326b00dd897987b8c381838.jpg,1488026,leaf,real,189
train/1488026/1e50ad5d49e7f5b31507a8207b43a6448159b204.jpg,1488026,leaf,real,189
train/1488026/ba051bb7e5c00958bcfd299260e76b0e68b7a069.jpg,1488026,leaf,real,189
train/1488026/fe4dabca94133ce3a56f99acd182d2a8f1640709.jpg,1488026,leaf,real,189
train/1488026/e4359959ae654d0c8dd4181f0347f1ae763e7e7c.jpg,1488026,leaf,real,189
train/1488026/5b3e67b1e0ef8738ac61b5293e8d57c11814c4ab.jpg,1488026,leaf,real,189
train/1488026/6beefafe364380cc3abd1b16169a7117235840c0.jpg,1488026,leaf,real,189
train/1488026/bceaf6bd7d88b0d02c78d4174afe8794d3ed95d7.jpg,1488026,leaf,real,189
train/1488026/1af510602dfdc36fb7af42f3583a2f92b5699097.jpg,1488026,leaf,real,189
train/1488026/e2fff17072bba6b71c8442bef302424a393addbe.jpg,1488026,leaf,real,189
train/1488026/a44ec6a5b8244b215c86044f9831df348c8a6872.jpg,1488026,leaf,real,189
test/1488026/5d9ecbcc433892ef3c603294849ee7d620c36be3.jpg,1488026,leaf,real,189
train/1488026/1b7c3e1d4599452e4cdd724ea2d4be3294618ac1.jpg,1488026,leaf,real,189
train/1488026/10ea07e147034db7eea8af14f4fff711c0260f94.jpg,1488026,leaf,real,189
train/1488026/c0d79248583294560ee8db6275b58c795742efc7.jpg,1488026,leaf,real,189
train/1488026/6e1721308b4d9e255f23a0dd0f8b963b558605af.jpg,1488026,flower,real,189
test/1488026/eb7966d6372f7f944b2e3f332b9b6a527e317b11.jpg,1488026,leaf,real,189
train/1488026/9b03114bcdbac8c4b1b019157579ba096de3c2e5.jpg,1488026,leaf,real,189
train/1488026/1bdc31c158b89d6606088509e75c9b216aa61b05.jpg,1488026,leaf,real,189
test/1488026/297fde292d59dd8c8f536293e65c583fadde787c.jpg,1488026,leaf,real,189
train/1488026/6c3fa8a4d80cd174cb9f8f785c0cfd9400d105ff.jpg,1488026,leaf,real,189
val/1488026/b47198bd767df10e236185ad7c11f629e0dc8553.jpg,1488026,leaf,real,189
train/1488026/8cc8dc5b347d6242ca4538229ffa7f51702530ee.jpg,1488026,leaf,real,189
test/1488026/28fb082c4034618c86a6c6ede233dbcf0d89386c.jpg,1488026,leaf,real,189
train/1488026/0111fc76fd9769ec716fffd9796c66c86368ee75.jpg,1488026,leaf,real,189
train/1488026/2330b1c75cce007609ada21a44027b772f495658.jpg,1488026,leaf,real,189
train/1488026/443afc96cf98dae15640169643cc5fb1c9cbbe67.jpg,1488026,leaf,real,189
train/1488026/e0fd164e13b4631a2bbdd3f03d32fb8a2f837f3c.jpg,1488026,leaf,real,189
train/1488026/053731b88024a2f1d9c6a4818196ca893f5d244b.jpg,1488026,leaf,real,189
train/1488026/476e7f80ccf0654479d6f8114162409e0faab6c1.jpg,1488026,leaf,real,189
train/1488026/376f4a109048bc3622f62038af0ac6989ce2af16.jpg,1488026,leaf,real,189
test/1488026/5d20c5484eb66a435dbb705320d26d846f8489a0.jpg,1488026,leaf,real,189
test/1488026/1163c04091c088578a90829059d7da67041c1162.jpg,1488026,flower,real,189
train/1488026/38ac6c7045ecb2adb8b76f03b3b3710e528a716c.jpg,1488026,leaf,real,189
test/1488026/00147d7a9a18fe97f5ca696cc87634361d616937.jpg,1488026,leaf,real,189
val/1488026/943230a1ecd63b6f2e4d935d741355fdcc9f8011.jpg,1488026,leaf,real,189
train/1488026/253e873947876cc287060f7ec107810869ec140e.jpg,1488026,flower,real,189
train/1488026/933fcf862fcc727f4cfb887d64e7b7c6ad64b0ff.jpg,1488026,leaf,real,189
train/1488026/77f6b5d36055fde5ef2f12a086fefcdac8dc0961.jpg,1488026,leaf,real,189
train/1488026/6bfdf11e868379498182099b51538a6ec14e7df4.jpg,1488026,leaf,real,189
train/1488026/12979da968fb4307aa1394d3e71cbf217bc4045c.jpg,1488026,leaf,real,189
train/1488026/e364180e7d53763e96d9c6c127cbab668f868f6b.jpg,1488026,leaf,real,189
train/1488026/3b83753cefb84984a10235af326b4da5a3f5e29f.jpg,1488026,leaf,real,189
test/1488026/9fed5824553794eed113d4d6305409d61051c85f.jpg,1488026,leaf,real,189
train/1488026/05b7674f5a635c86ddb6da38cbd7088c1b7b2755.jpg,1488026,leaf,real,189
train/1488026/a82c89a6ea49a87e8d46d49ee62146209bdad49d.jpg,1488026,leaf,real,189
train/1488026/e1819f8f2b472af24d751c739e036c0baec83095.jpg,1488026,flower,real,189
train/1488026/2703fca7e5bc4dfd6f08219a9dc7d0efa735d64d.jpg,1488026,leaf,real,189
train/1488026/50e29668f5111935b5dd9b8931d7bffcc8fd9416.jpg,1488026,leaf,real,189
train/1488026/215f78d6f16825fd4a8ffff64263be931b85a10a.jpg,1488026,leaf,real,189
train/1488026/9b41b725dbd00bfb8a8cd5fbe398002b1dc7c17f.jpg,1488026,leaf,real,189
train/1488026/08f14c20d0b1db90f2b5ef2db08035044d4f2be9.jpg,1488026,leaf,real,189
train/1488026/0019ca4feae278a80f0fa57799ec6a1dadfd5d3f.jpg,1488026,leaf,real,189
train/1503981/8f18856752760f7ef35bb02e59c11a127fbd90bf.jpg,1503981,flower,real,190
train/1503981/a6139a8978d3e218b08fc5ac13c6f72657ca4624.jpg,1503981,flower,real,190
train/1503981/586ed7044b4089e137cebbd366f7db9ab81c9b3a.jpg,1503981,leaf,real,190
train/1503981/cd33cb03252207c7e2e3eafaf63ab6b4eab6c156.jpg,1503981,flower,real,190
train/1503981/e080d8c48d2df299dca711bbad198f140a0455c4.jpg,1503981,leaf,real,190
train/1503981/de4fedd2e0e5ea9a6203d46ca14dd640049d2441.jpg,1503981,flower,real,190
train/1503981/1f052414354b8b4cc3664f4c2d7d300390622c88.jpg,1503981,flower,real,190
train/1503981/e1f210d221fdf2b69d9f2a91d7c2c8b189e64577.jpg,1503981,flower,real,190
train/1503981/e8db2dfb607379f258e657cf5c850aebdca03359.jpg,1503981,flower,real,190
test/1503981/ca57b4fa50d7cfda9b5c5f47dc04ba5501b5dedf.jpg,1503981,leaf,real,190
test/1503981/2303e80a6a516667693abb023e6a7b55c8e508de.jpg,1503981,flower,real,190
train/1503981/fe755884b20c339f68f3688f3b37ab363fa0613d.jpg,1503981,flower,real,190
test/1503981/0fa2217d33ae8c356ae5172ed93884ac0a095616.jpg,1503981,leaf,real,190
train/1503981/12a11ee2c2e1b1fe2d893493335615dbb54df686.jpg,1503981,flower,real,190
train/1503981/30edccb7884ed54115e77a9c01613502ccc628b9.jpg,1503981,flower,real,190
train/1503981/bb6122ea2ee42809d2f6cab49ffb5d00d8eb41ae.jpg,1503981,flower,real,190
train/1503981/1d245ce9f17be34efcdaf9cbb9ad0d35bc69f387.jpg,1503981,leaf,real,190
val/1503981/8e51910950f52ce55be2be9a7f617862f2550c05.jpg,1503981,flower,real,190
train/1503981/3029b2ceb449d2272eb46bf20ff891db3c903712.jpg,1503981,flower,real,190
val/1503981/d4b81dd2e28788cc8724a8b1f65058e273cdae9e.jpg,1503981,flower,real,190
train/1503981/88827d8b1e07b724808d9ad51ccaeefd0534afe1.jpg,1503981,flower,real,190
train/1503981/a16904d0984df8c7b537a3c91b6d678843dd87ff.jpg,1503981,flower,real,190
train/1503981/02082c99efc831b6d2c42f913b94efb7b0dcb181.jpg,1503981,flower,real,190
test/1503981/3b9d8cd348b41ee1e7ab3f99ffaa744bb06d2980.jpg,1503981,leaf,real,190
train/1503981/aad1a517dbabaad551cf943511c31344e93f43c3.jpg,1503981,flower,real,190
val/1503981/e77320c6e446f9a759b9cf0972bf637dd4984755.jpg,1503981,flower,real,190
train/1503981/2c97f4d975f98b76c08b2dfdf526c0d9428514ff.jpg,1503981,leaf,real,190
train/1503981/e2588824c6b7b0d48ab8b4dfb64ee9fd7b5dcd9d.jpg,1503981,flower,real,190
val/1503981/f13b51546c6e55779d7117c21fc9a70101869e2a.jpg,1503981,flower,real,190
train/1503981/00ed91a3c996b811a9c9db963d8db8247b3b4e63.jpg,1503981,flower,real,190
train/1503981/49be2627b61a40cb9eb5c39d01f2153b68fb2db1.jpg,1503981,flower,real,190
train/1503981/7ff4646e8c23ea2cea48470d2c804d31314cd4d7.jpg,1503981,flower,real,190
test/1503981/a97b640cc3fbc3435259a0c275056a22b4057478.jpg,1503981,flower,real,190
train/1503981/90777570ba1cb88f774cad7aa0dd3a92349728f1.jpg,1503981,flower,real,190
train/1503981/61a178456a55bc499b0e51e4f0c078bc91f5d92d.jpg,1503981,flower,real,190
train/1503981/2c34c532d41fb09602e2aa3b288d1ac39db4ba6b.jpg,1503981,flower,real,190
train/1503981/490b41907b16c3ac39bfd4b7167221091c12e453.jpg,1503981,flower,real,190
train/1503981/07d036aeaa2e8b841ffde1fc2137d68b35951000.jpg,1503981,flower,real,190
val/1503981/88dae2b3fafa85e493b38fdbd132572b500eaf87.jpg,1503981,flower,real,190
train/1503981/446fb04cc12dfc025f757c906979b8c2e7e2b1fa.jpg,1503981,flower,real,190
val/1503981/65fe876fe26f6e1adcdb03898177d013057dcf9d.jpg,1503981,flower,real,190
test/1503981/28010341ece631c6bcd9d5a310df72705421f622.jpg,1503981,flower,real,190
train/1503981/ea5ceed1914411d66011f8721ce307c8750e81a9.jpg,1503981,flower,real,190
train/1503981/85b32dfb62df82ff55c02e489fe6d75c9bc95896.jpg,1503981,flower,real,190
test/1503981/b4892b6f230589c9190442869a39315530a839e6.jpg,1503981,flower,real,190
train/1503981/8ac7dbac8b050a0a31a070ba4dc44e17c340c2b6.jpg,1503981,flower,real,190
train/1503981/ddc8914f4b7bc119ccd745f931f70abf1a35c425.jpg,1503981,flower,real,190
train/1503981/70a751cd762bc03e0dab8d286633345dd91ff76f.jpg,1503981,flower,real,190
train/1503981/da7ce8fcba7ff7a8bce39dc09d31b263a50dcdf7.jpg,1503981,flower,real,190
train/1503981/b3a922c75ca5d252233aa1885e4402b570379a67.jpg,1503981,flower,real,190
val/1503981/bd8226a2e4eb4eb8e31b9760968913a74ae9ac23.jpg,1503981,flower,real,190
val/1503981/27cdbe5825deeb65232d3111c04e93adc9d2e7a3.jpg,1503981,flower,real,190
train/1503981/c82411a0b403e02eb9055f152ea7445ac113e33d.jpg,1503981,flower,real,190
train/1503981/c44202fbee39a3615a112de6d841adbae3f1f80e.jpg,1503981,flower,real,190
train/1503981/2cb0a87aabc3dbb83c44884abce65c199567b887.jpg,1503981,flower,real,190
train/1503981/f70bb39d8a380c38d3adab8036c7c84d266265f8.jpg,1503981,flower,real,190
train/1503981/061c29332271d28ca3cec197b2410f3461d4f714.jpg,1503981,flower,real,190
train/1503981/08ccecaf340dc154f2a77275ae0c9277008fae08.jpg,1503981,flower,real,190
train/1503981/659c04aa99d83c0c232bac00f59a27124d83de15.jpg,1503981,flower,real,190
train/1503981/0571b8443e062c0687a3b60428e2ee834a0cd2d1.jpg,1503981,flower,real,190
train/1503981/326bc44d8735362ed7e0b81c8e0486a2a1945635.jpg,1503981,flower,real,190
train/1503981/a98343794b5955f410522a6e9e8469335319129b.jpg,1503981,flower,real,190
train/1503981/46cfc87d99727526e5b3c5cc185460877d69db2f.jpg,1503981,flower,real,190
train/1503981/2c23ec02c30aabafc32c594a21c59186ded2775b.jpg,1503981,leaf,real,190
train/1503981/0756be10fef5056cab53aceb6da66713dadbc3f9.jpg,1503981,leaf,real,190
train/1503981/4e12f26c4fdcb57099752253e901df20660f65e2.jpg,1503981,flower,real,190
train/1503981/9240f3a5472e53443ecbeebf666539b3e9d3fa49.jpg,1503981,flower,real,190
train/1503981/f72d88df5df4d50136ff8521d2f7d145d5f35de0.jpg,1503981,flower,real,190
train/1503981/0b94e2b973ef5beea0e6955861e99ec20559f9c9.jpg,1503981,flower,real,190
train/1503981/db905a81780ef54e679c5aa7e92dd2e5e0f56df0.jpg,1503981,flower,real,190
test/1503981/70a96e9d26a7ff60aac07c86891414309ef8d754.jpg,1503981,flower,real,190
test/1503981/f886a1cd35850fc7bfe9c9acd1c76573abb3ad2b.jpg,1503981,flower,real,190
train/1503981/8c630962f5845ab777c48dc057fc8eb1c082e23f.jpg,1503981,flower,real,190
train/1503981/06ad090b623da7d74b12df8e84b9c859da32b091.jpg,1503981,flower,real,190
val/1503981/d07ec0f02a0c3818f32f13b36cee74b88f5ae371.jpg,1503981,leaf,real,190
train/1503981/68e90360e679a5bbc4a881337196be260bcfd35a.jpg,1503981,flower,real,190
test/1503981/0d0632112f71ed6355d05d855ba15b898368d9a6.jpg,1503981,flower,real,190
train/1503981/0b52e30b567a74c6643417e9a12910c52326627b.jpg,1503981,flower,real,190
train/1503981/0cb63be1cd5fad13d27cc5999f48e9017eaccb2d.jpg,1503981,leaf,real,190
val/1503981/5fb4efdbc7f0b37a21be50773b0938689c8c8150.jpg,1503981,flower,real,190
train/1503981/2297310ed888b5723e168fc7ed45a69b4a800e59.jpg,1503981,flower,real,190
train/1503981/06d1a2d1f0396aa3487539ad8c4ffb2493ed1373.jpg,1503981,flower,real,190
train/1503981/2b7d1627ef0ad02758a801cefa5c3a35683bcb79.jpg,1503981,flower,real,190
train/1503981/761b80de37562727b4419319f7637554147df85d.jpg,1503981,flower,real,190
train/1503981/407f827606152fc06c5f18ea1440a61672c6856e.jpg,1503981,flower,real,190
train/1503981/a2b1c495c0d866ebafcbaf8dd256001f720ff0c3.jpg,1503981,flower,real,190
train/1503981/3c6217e11c4bf5815b72481a04173acac3748f3d.jpg,1503981,flower,real,190
train/1503981/995ad3a305e8f755ea6f97b239da9fc5015004eb.jpg,1503981,flower,real,190
test/1503981/20a91f386fcc9d065695c9df4e9e5f079ad627ff.jpg,1503981,flower,real,190
train/1503981/eb60c978166d853db3f70efeb1307034ccfe84ba.jpg,1503981,flower,real,190
train/1503981/978194887f6fde62f65967b454650ead343aa9e1.jpg,1503981,flower,real,190
train/1503981/b6bd6e9d43d2a57c645c0a3043883f03f5398be8.jpg,1503981,leaf,real,190
test/1503981/e9301520aaf345016576a027d80101032a43ec46.jpg,1503981,flower,real,190
test/1516297/0da52d51a246384739fe9c11474e5dff32f381c3.jpg,1516297,leaf,real,191
train/1516297/91044d6f619797db216674af3d634e4beb8746f1.jpg,1516297,leaf,real,191
train/1516297/8c6b078bfd2b3d8dacbc147d350c2e9e4a56aa0c.jpg,1516297,leaf,real,191
train/1516297/ed40b68feb280c18f629c7530087f885319c9011.jpg,1516297,leaf,real,191
train/1516297/c8a816f4b2f8ba979458afbfe6a8ab63eef40819.jpg,1516297,leaf,real,191
train/1516297/ebd7fe4fcda8a80fc5a1b4504c5e93443db75f30.jpg,1516297,leaf,real,191
test/1516297/904ce7837ed5c16e42fe773a4e2fae6e40758e56.jpg,1516297,flower,real,191
train/1516297/5dc97cdef7d8c17111a3fdebdfb97ab4709dd711.jpg,1516297,leaf,real,191
train/1516297/2999e8ac10b399e13bad3a5fa97e5f2d5520e719.jpg,1516297,leaf,real,191
val/1516297/d39c749134033654fc81606d63917273c4492c81.jpg,1516297,leaf,real,191
train/1516297/7542929ce1b34f792612cf748e58a17b74fa6349.jpg,1516297,leaf,real,191
train/1516297/28e0513a3a2d72c7bbcbeb05852dfe5744cdf149.jpg,1516297,leaf,real,191
train/1516297/506fb144b8565b4ed1b3610f5fe5c135c779ab88.jpg,1516297,leaf,real,191
val/1516297/6cc2c8ca90b348a805c361d1ff0232bc5476d7ef.jpg,1516297,leaf,real,191
train/1516297/3419ee0c1b6feb19b299e9f9a65b653143ce822f.jpg,1516297,leaf,real,191
train/1516297/2bcc1ab21daafbbf2abd9b5c38accead8257616c.jpg,1516297,leaf,real,191
train/1516297/aa0692c42d34a24fe462c2c505826745e5e45347.jpg,1516297,leaf,real,191
test/1516297/9816ba3226f12b7fc9efe308580096abb793013a.jpg,1516297,leaf,real,191
train/1516297/d5c3587a751a6624295b526eddac1ec5361fd28b.jpg,1516297,leaf,real,191
train/1516297/fd99704e2c888b0929bb0ddf8c878e58aa15edcb.jpg,1516297,leaf,real,191
train/1516297/f77e6a9b48e7e4df34860682b43f7d2ed039e370.jpg,1516297,flower,real,191
train/1516297/f992c298de6637d1488cc2ef3c30a5087e182238.jpg,1516297,leaf,real,191
train/1516297/8d3fd5f8db5efb1b979f584034292891e6f2908f.jpg,1516297,flower,real,191
train/1516297/c77f396148df15eb71e030cf1cc2af0eb5e49081.jpg,1516297,leaf,real,191
train/1516297/356a4a9edd211a51bcf1df4ab0ff5bd7a8185f7a.jpg,1516297,leaf,real,191
train/1516297/7927a3bdf2c32b6b4ae04a04721917c8f4c3d7a9.jpg,1516297,leaf,real,191
train/1516297/ccaecb337bcdab27ed405bfd359ed8fd8cd6aa85.jpg,1516297,leaf,real,191
train/1516297/ef9dc70f4de8afb12cd30f4103432e063f8d6d08.jpg,1516297,leaf,real,191
test/1516297/a9e031f1e83b7e7545e502cf4d5a27922eb3af27.jpg,1516297,leaf,real,191
train/1516297/c5898d5a1ea1ea27e502e4906d1abda916d1394b.jpg,1516297,leaf,real,191
train/1516297/3c1e9121567120e044bcd22e192b760fe182333b.jpg,1516297,leaf,real,191
train/1516297/a32b04133e52adaaf2d6158505bdafc75054f92b.jpg,1516297,leaf,real,191
train/1516297/48ad0634a991fe3d31298306a7e027e29c58e458.jpg,1516297,leaf,real,191
test/1516297/52fa2172fbf8ba3ff4776f78c470292f04a221fe.jpg,1516297,flower,real,191
train/1516297/4a008ce6e1c533d2ab39a3b937a4b585b8e2f72a.jpg,1516297,leaf,real,191
train/1516297/82cd38b218bd022e8b4d395c43d5bb2ddbe009c3.jpg,1516297,leaf,real,191
train/1516297/c1b101a654bbf0779b32d570f61162856c6b2dae.jpg,1516297,leaf,real,191
val/1516297/229913114dad547a24bae14ce87657a905f5418e.jpg,1516297,leaf,real,191
train/1516297/ef6bd9e00fa4bfe8b25c18c1c21341e6cf87b551.jpg,1516297,leaf,real,191
train/1516297/4c44ef79759b841c18ef030065d45116da4725a0.jpg,1516297,leaf,real,191
train/1516297/6ee84e8d8c26a6f5705aef98927f26cf610ef9c7.jpg,1516297,leaf,real,191
train/1516297/36d5c9b81b850a0f094c6ab92a50b12742b3576f.jpg,1516297,leaf,real,191
test/1516297/8e6c9ef09a9d4cc0c2ddbbc769f536cb3eed47b5.jpg,1516297,leaf,real,191
train/1516297/8f73f3516173febbddf5a5470eb573e70e4d636f.jpg,1516297,leaf,real,191
train/1516297/8908bb5334a77f135da8723636ed80847ba33e3d.jpg,1516297,flower,real,191
val/1516297/3781510b940326f09f8d20a0a5e29929a2d04fee.jpg,1516297,leaf,real,191
test/1516297/fcba57457bda931c167e83ee538e036e8324ffb4.jpg,1516297,leaf,real,191
train/1516297/26769ad8b27f5868749a4be3c25d10f1ff1a154d.jpg,1516297,leaf,real,191
train/1516297/9cce61a2ebfb66269f47cf5f9963e8dc34fa7507.jpg,1516297,leaf,real,191
train/1516297/86a9a2d01cf61b172d070e610e763f8c63d50d0a.jpg,1516297,leaf,real,191
train/1516297/391aeb79d31382d960712da90130d6ed01e83f8e.jpg,1516297,flower,real,191
train/1516297/2940cfb43e339e708a8049c29f10d1d8c50f62ca.jpg,1516297,leaf,real,191
train/1516297/3723f399c41518d7640ce411594eee9aa90a2fe9.jpg,1516297,leaf,real,191
train/1516297/a5db12d0103e3c9993f38c527e8583e73a2a7915.jpg,1516297,leaf,real,191
train/1516297/5b77cb97c4ad0454522fb2058a342b6bb92aaf68.jpg,1516297,flower,real,191
train/1516297/3ffc6cbf6882c701ed403428353bdc8392acc557.jpg,1516297,leaf,real,191
train/1516297/15962140bda8d81af38068774da1085a9e418a33.jpg,1516297,leaf,real,191
train/1516297/ef7b8f7d98594cfa248d23314291ae88009020fe.jpg,1516297,leaf,real,191
train/1529124/8914ff3c93a6e9195a37b0a20655973d17330c41.jpg,1529124,leaf,real,192
train/1529124/720e7b836aa54b0a4d61d27adbab34252cb3fb37.jpg,1529124,leaf,real,192
train/1529124/e371de803ef4d13d33cd5003a7591ea2f3fe2b1f.jpg,1529124,flower,real,192
train/1529124/bb3d16dbb1f16eb8c8ea3865f50a850873f1711c.jpg,1529124,leaf,real,192
train/1529124/c82241b1d0ecb815355bf91c8bd5cb6508e3a25c.jpg,1529124,leaf,real,192
train/1529124/6508269e6b4d1e572458fd77243314e2c9422f98.jpg,1529124,leaf,real,192
train/1529124/4069c93850e694c62d51e67cb8742d96e563e7ba.jpg,1529124,leaf,real,192
train/1529124/fb9cc7be51e54fb5eb84d8d44a902ad28ddd0e6f.jpg,1529124,leaf,real,192
test/1529124/76d8cf46d47ae4d4b69793c50d2e7778efd1bae5.jpg,1529124,leaf,real,192
train/1529124/afcbd5505766f8aad215e606423612d6e427409b.jpg,1529124,leaf,real,192
train/1529124/79ae7830c456d4c911e2bf9b02da52b818a1ee3b.jpg,1529124,leaf,real,192
train/1529124/4a40eb978fa8e6fc8dc671d355440f9ba9a9253c.jpg,1529124,leaf,real,192
train/1529124/cb3377fb20c5ab0b88c11abf3082356c16abe7b4.jpg,1529124,leaf,real,192
train/1529124/10ff8619f455f7358bcd9ebf446e2ab3c5ba8594.jpg,1529124,leaf,real,192
train/1529124/750487dc5af6fad13be6f9f8878ed0b271d32700.jpg,1529124,flower,real,192
val/1529124/7789db1bf485b82c90cb8deee0845399aa4b53d3.jpg,1529124,leaf,real,192
train/1529124/feffd443d476ba142210cd1575dc0c50cb2563a1.jpg,1529124,leaf,real,192
train/1529124/056f903149fe40349f870034bc5a1fa7ba11a24d.jpg,1529124,leaf,real,192
train/1529124/d4c49689584c2828b8bef796c42317e959b1de7e.jpg,1529124,leaf,real,192
train/1529124/472bc8ff6162591e806b0cf6c383eaf4bd45fb33.jpg,1529124,leaf,real,192
train/1529124/d26af3915b9e7fae910355e03313ca7f23d7f0ac.jpg,1529124,leaf,real,192
train/1529124/b4d1943a586b1cca7b23e478d91ba8d40d857a0b.jpg,1529124,leaf,real,192
train/1529124/9265465a1e48692da37fe2d4c75461fc9b679bca.jpg,1529124,leaf,real,192
test/1529124/482f5445ee3a99fc88f7974fb908afd5b7317bac.jpg,1529124,leaf,real,192
val/1529124/baad92786713048e9d4c9d2d95813f0cd48f7676.jpg,1529124,leaf,real,192
train/1529124/54e8680958db3d33f7937828e7bd4590be68885b.jpg,1529124,leaf,real,192
train/1529124/102f1119888a9b7cdc5411a348356bd723eb3fbf.jpg,1529124,leaf,real,192
train/1529124/27767bdb80fbcfd85d1a5d7ddc7f22fcf49368ab.jpg,1529124,flower,real,192
train/1529124/c9b9f76d8fd7c81b687d292f73c1edcd9ed1da07.jpg,1529124,leaf,real,192
train/1529124/2c63e594865be8e2fe1f319b2214275679bd50d5.jpg,1529124,leaf,real,192
train/1529124/ee19f83f78a81332cc08e032ed2714c1703d0882.jpg,1529124,leaf,real,192
train/1529124/7584c3468c35b92d5968c788750b446182898fae.jpg,1529124,leaf,real,192
train/1529124/c90efdf0f0f38c4af6f0eb173923457d0f5fd10e.jpg,1529124,leaf,real,192
train/1529124/9a61fd86fba1f1894f20c35e90e8369f9f18989f.jpg,1529124,leaf,real,192
train/1529124/3f05b97a004c06632fbeeeb5e2661cd00cda82b6.jpg,1529124,leaf,real,192
train/1529124/c6fe1ae7a1fd2dfb0413273281d1f41dba159091.jpg,1529124,leaf,real,192
test/1529124/35f5b9904676dec6675cc8d4f5b19258ed5d517d.jpg,1529124,flower,real,192
val/1529124/38d73fc87dd005bd18d0e98bc0f6bde0bb2389f0.jpg,1529124,flower,real,192
train/1529124/9ae6820db8ff19079c98cb356a4563272462bf11.jpg,1529124,leaf,real,192
train/1529124/757e7c90184e758a849ad2020761c8834b9b3403.jpg,1529124,leaf,real,192
train/1529124/0b85410eb0789a5d7297dc61cb2588baf02e6054.jpg,1529124,leaf,real,192
train/1529124/494d459f663956f73b13d71e50cd98a98c3bf6eb.jpg,1529124,leaf,real,192
train/1529124/20e2b97063d4314b2edc5dc7f5196c0f0a52ed1e.jpg,1529124,leaf,real,192
train/1529124/8af9f3dc9f7b9c433589f4c41b602a29a246ba00.jpg,1529124,leaf,real,192
val/1529124/e1ea68a3fb338a64314ecd3c44960639c27a74c1.jpg,1529124,leaf,real,192
train/1529124/91f7a4250a8e9d8f4dcc7067c103897eff0aa0f3.jpg,1529124,leaf,real,192
train/1529124/39c40677beb04110d468f41005c0532ba2ee72df.jpg,1529124,leaf,real,192
train/1529124/ae99a2b68576fccf593d958653dfe306df0c84af.jpg,1529124,leaf,real,192
train/1529124/8853bb46c723698cd846caacf976e94b4ae5409c.jpg,1529124,leaf,real,192
test/1529124/228a021725e2b26aaae1900493fd3ff7e09ec961.jpg,1529124,leaf,real,192
train/1529124/945b41d811b838acb0256bc213ea71a0ac73b12a.jpg,1529124,leaf,real,192
train/1529124/5aeab0195ef82bfab71243f05a8186b09a15b555.jpg,1529124,leaf,real,192
train/1529124/b09434524d2d0d559f74087b5151a792d552d8ef.jpg,1529124,leaf,real,192
train/1529124/0e6be3a66c37f719bfe88ca1917bc75fcc59aee8.jpg,1529124,leaf,real,192
train/1529124/7a3991bc2bd8f1d703680bd9feb15c0848deeb7e.jpg,1529124,leaf,real,192
train/1529124/66726307867e93afaef13e9dcf60e8cfe68f7273.jpg,1529124,leaf,real,192
train/1529124/96068763628702994f5c0cd1c5ac994fafb68a82.jpg,1529124,leaf,real,192
train/1529124/a2a727ed7c95c03e3d54f4a9c043174b22fd63c3.jpg,1529124,leaf,real,192
train/1529124/2f4f878e84b9a34db00b6bd80e6ac443b6340ade.jpg,1529124,leaf,real,192
test/1529124/790a01748fe76531e59e55a8c75596e6efe9a85b.jpg,1529124,leaf,real,192
test/1529124/280d5d6346836b3d53a9ad67d4475d327703c87e.jpg,1529124,leaf,real,192
train/1529124/8b99eba705e209271f2bb7bff6773b630e78eb1f.jpg,1529124,leaf,real,192
train/1529124/4713420e4567f80f6ac0977d61ea3f2abbcd8c33.jpg,1529124,leaf,real,192
train/1529124/a30b9ac65108115f8d38c08c5c25ee4fb5cc4250.jpg,1529124,leaf,real,192
train/1529124/394112ed5d094a3c0b127296c6b050d282e8286c.jpg,1529124,leaf,real,192
train/1529124/c7761aa9052a3ae23e80c07af6dfbffbcdbc3e49.jpg,1529124,leaf,real,192
train/1529124/e07f909598745c5be39ff04a185527e94ecf2f13.jpg,1529124,leaf,real,192
test/1529124/125df205ccd20a0631e52643786577fa0c08275c.jpg,1529124,leaf,real,192
train/1529124/3ef47be8393873930b8a9492af509ebd65aaa99e.jpg,1529124,leaf,real,192
train/1529124/72c98ee1ccfb92a4894d1d6bc1d6bebabcff329b.jpg,1529124,leaf,real,192
val/1529124/8093d0e94d0b4141c0ff8e60938f11c70a07f6f1.jpg,1529124,leaf,real,192
val/1529124/60a8a7a765192ef77c6b0c28196fbbf112d5a7fc.jpg,1529124,leaf,real,192
train/1529124/0a2b41299124443063b8b0a477275626df1acdb7.jpg,1529124,flower,real,192
train/1529124/1d55f5f5bb33a6d667a791253ddf422e683a07e6.jpg,1529124,flower,real,192
train/1529124/5073e953c59c4ec38d96c537fb074e02f2c0ba40.jpg,1529124,leaf,real,192
train/1529124/f6d394dbf3fb9d5e74793b0f68fa64aa0e42ff4d.jpg,1529124,leaf,real,192
train/1529124/c88136a0938b9b6a09b3d339e92a5cc8cd7e359f.jpg,1529124,leaf,real,192
train/1529124/3dad7c6e1a33e8ebabd1ab57b4666bf6b5dd34e7.jpg,1529124,leaf,real,192
train/1529124/b152bf1691204fb32a1b6054de07adee9845ccff.jpg,1529124,leaf,real,192
test/1529124/417ef60b5829f3459cb12b68db140ea2b8113ed8.jpg,1529124,leaf,real,192
test/1529124/32142769851f4f4597eb5a4150933aa340a400cf.jpg,1529124,leaf,real,192
train/1529124/56fb7aa17040ba2fa02e01bffd8b98329cba2027.jpg,1529124,leaf,real,192
train/1529124/03eb1174afd75b48aa6a18f4bc71696d43aa3283.jpg,1529124,leaf,real,192
train/1529124/1597eae5c0b10764b3c55028a2c2478762acd8cd.jpg,1529124,leaf,real,192
train/1529124/fc120c0e4a96f96c3c9aa4da1a0423356283a569.jpg,1529124,leaf,real,192
train/1529124/005a5b2714fdb269fc2019270454d0bbf34c4738.jpg,1529124,leaf,real,192
test/1529124/9ad170fc969561a80b0dfe0fab67f3fbd22f5271.jpg,1529124,leaf,real,192
train/1529124/71ba06f9845f5cb0c98ee3f3fca7a3728e354536.jpg,1529124,leaf,real,192
test/1529124/611cd4155507ebb29b5c888c473ec371e004e1d8.jpg,1529124,leaf,real,192
train/1529242/3c2623060f5f266f90cce0f3b919fcf3b46120d7.jpg,1529242,leaf,real,193
train/1529242/6cc7a7162f39917f05df118ddb37eed61b6e3b65.jpg,1529242,flower,real,193
train/1529242/786e24eeae997ddd3991bbb0db598faf9e30589e.jpg,1529242,leaf,real,193
test/1529242/1f023bc2ce234cddd93c9e4f001f7293475ad581.jpg,1529242,leaf,real,193
train/1529242/ba7c68c588cfe09da6182ef8a6d46655057a46eb.jpg,1529242,leaf,real,193
train/1529242/71e77baf78337b56da355f12789cfcf06f5f103b.jpg,1529242,leaf,real,193
train/1529242/5b130a2de6379e08b5f9c3a32781e6f9e0f2948a.jpg,1529242,flower,real,193
train/1529242/1ce498c89ff991fa431ea173ee469b452f1913ac.jpg,1529242,leaf,real,193
train/1529242/5596b1cb08f69ff1fa953f4acdfaa5272240f9b3.jpg,1529242,leaf,real,193
test/1529242/a1a9fc29eb90e77f15129b2174d1841e984cdea2.jpg,1529242,flower,real,193
val/1529242/8f821cd5bb57cccf17b7cfecc3fb766852e4c40b.jpg,1529242,leaf,real,193
train/1529242/2068e32a213cd130e6583c735e2b63438a3ead62.jpg,1529242,leaf,real,193
test/1529242/c94035374b7eb7f65ffa0dc422ee08ffe69e68e1.jpg,1529242,leaf,real,193
val/1529242/b37ccc2440abf14a8075e50cf94cc038691bdafd.jpg,1529242,leaf,real,193
train/1529242/0d2702b09b4185721c432183091552bcf0283a43.jpg,1529242,leaf,real,193
train/1529242/07baaaf57ffbb42708528f358c61346f3bb4981e.jpg,1529242,leaf,real,193
train/1529242/9230ac2c0393e851e0b5254f54e94072523db7a1.jpg,1529242,leaf,real,193
train/1529242/f6e04cc7ce7776390577ae40d627dbf302da251d.jpg,1529242,leaf,real,193
val/1529242/2c209bc1757bd5eb25383be8fc444638ac3b69c7.jpg,1529242,leaf,real,193
train/1529242/39b9bbca8c62889180a0b75e902002533b5d9e47.jpg,1529242,leaf,real,193
train/1529242/670c2fd16aea8c83528aaa944d05dd36a4b48ee1.jpg,1529242,leaf,real,193
train/1529242/a5e001be44601dcc0a1b0d08cfcb0785b4716631.jpg,1529242,leaf,real,193
train/1529242/e5b9a4babd6806283a28918a0c9ebf19ad309bf0.jpg,1529242,leaf,real,193
train/1529242/cada3d6d6fe305629ec34a5c863844b61d753680.jpg,1529242,leaf,real,193
train/1529242/e726bccd05e68745677766ab0b157dc7e92246c0.jpg,1529242,leaf,real,193
train/1529242/9b463b645f4563928790ad60924427c0d2eacbef.jpg,1529242,leaf,real,193
train/1529242/44a3c2e4b1017536f4f6abd5c76a6e97b662fb06.jpg,1529242,leaf,real,193
train/1529242/e6c67e14ead9e66ced7aff2ce48065a6ed4f6239.jpg,1529242,leaf,real,193
train/1529242/e40fd1a2a745f2d73dfd7399ded4ff1178546ac7.jpg,1529242,leaf,real,193
train/1529242/bd5b9e3fefa29b0a3346837ecb891d9e0388cd32.jpg,1529242,leaf,real,193
train/1529242/73bf1e0603bb2e80302c7f37366c8ff525a85dd6.jpg,1529242,leaf,real,193
train/1529242/ba3853a4abd606cbc9bffec56a09d56accb98903.jpg,1529242,leaf,real,193
test/1529242/316a692cdcfdaaafd3dbd7e8c48cec95d37b336f.jpg,1529242,leaf,real,193
train/1529242/8ce4efba728d7d1cf405a044ffe76dc57f90963a.jpg,1529242,leaf,real,193
train/1529242/58bfb835b5b39a8bfee8cfc7235dd3344de7ad52.jpg,1529242,leaf,real,193
train/1529242/5dfa6975c47c895cd4d7ec2114820ebf9ffe3690.jpg,1529242,leaf,real,193
train/1529242/675598ce1801280ab47078290ece4f72806d8ec4.jpg,1529242,flower,real,193
test/1529242/e1ee11073f67ad0df52c02ad333016f4949419ff.jpg,1529242,leaf,real,193
train/1529242/bc460b678288e96684ee9ed01da8b768232b6c89.jpg,1529242,leaf,real,193
train/1529242/c5cbd29d8f42a11e5b8dc2702f90641c9b2215b9.jpg,1529242,leaf,real,193
train/1529242/bf6a725be43b072d2a608a6a159bc77cb51a340a.jpg,1529242,leaf,real,193
train/1529242/309b18a72aef339ee8e1e485cd8296273143521a.jpg,1529242,leaf,real,193
train/1529242/cfa2738296cff970eb0af308c05cd453919a4dd8.jpg,1529242,leaf,real,193
train/1529242/e30465a4169a025b9f99e9117c37ceea9e530aba.jpg,1529242,leaf,real,193
train/1529242/f1aadb3fb5e329e29214ff3fdc23f4aaf4c7ff8f.jpg,1529242,leaf,real,193
train/1529242/b31db94d5e2b731dc95b487003a110d932940e7f.jpg,1529242,leaf,real,193
val/1529242/9918625a510dd3b4ac7334111e89fc8372349b26.jpg,1529242,flower,real,193
train/1529242/e4fde0b062bfd8564fbae4996a848e708a0fa660.jpg,1529242,leaf,real,193
train/1529242/760d58debfbce4d71930a847037a4eb1c699166c.jpg,1529242,leaf,real,193
train/1529242/37655b0d1285094abfcf5bb22bf73da10afd47b7.jpg,1529242,leaf,real,193
train/1529242/dacae754e38f1edd34725b56d6b7a6bb966dedf2.jpg,1529242,leaf,real,193
train/1529242/4def33adfa70b94862209b6a1857836afe3ac54f.jpg,1529242,leaf,real,193
train/1529242/de6114976070a77c88f80ea13e3afc6b94ca4612.jpg,1529242,leaf,real,193
train/1529242/3f352f3429926aadd23ee1095ed4f5ed3a7299fa.jpg,1529242,flower,real,193
train/1529242/814893ca450c496a918ae94398dad6bae0aaadd9.jpg,1529242,leaf,real,193
train/1529242/b48b27d9e1e0d351586e6c24a3dcd5ef83c18c25.jpg,1529242,leaf,real,193
train/1529242/7c8ff767adc110e13b3c0d11a8226e99ebd7a65d.jpg,1529242,flower,real,193
train/1529242/cc95e08f135a7d352b01a5969a5718d772591c4b.jpg,1529242,leaf,real,193
train/1529242/3cb0aa1f45db54aa81cfd7f3b0f144956e7756fc.jpg,1529242,leaf,real,193
train/1529242/6b19d0ad3eb50f859f4db376674ec5a0496c5d4b.jpg,1529242,leaf,real,193
val/1529242/cdcb9253074821a8f8599c401d6f17bdaf1009bc.jpg,1529242,leaf,real,193
train/1529242/c12641f2c56d6b063854d9fe084cf68c6addac05.jpg,1529242,leaf,real,193
train/1529242/4736daf7209086d31acb52b1a5c44bf3aa9d434e.jpg,1529242,leaf,real,193
test/1529242/a9ea463fe698f58dfafa677828d56cf8e5e5dfef.jpg,1529242,leaf,real,193
train/1529242/053694818a941df3ff46c2832906d6e83f6976a4.jpg,1529242,leaf,real,193
train/1529242/fdebb91d33003fe136cbb114b6d8f11b640b4d90.jpg,1529242,leaf,real,193
train/1529242/606cdf641f766e0af6b58f7712b4d00cfb134043.jpg,1529242,leaf,real,193
train/1529242/a5cfde6b40552682b824de7d0a1a034ac604603a.jpg,1529242,leaf,real,193
train/1529242/f7a5b92dcb2214a4bae59b6c3285dc085abb581d.jpg,1529242,leaf,real,193
train/1529242/4821d42a03f49ff88bde27bac16f42974d9e0646.jpg,1529242,leaf,real,193
train/1529242/11802d9b799c83ff8ded846ff28c798a490cbc0a.jpg,1529242,leaf,real,193
train/1529242/9dfe1dd9592a91848503961d8661dbe5c06a607d.jpg,1529242,leaf,real,193
train/1529242/6db7892fc890baa826fa8a4b62c361d61b276d7b.jpg,1529242,leaf,real,193
train/1529242/d7749a86e5ab5fbc7860bf9ce1f07b6a282cf2d7.jpg,1529242,leaf,real,193
train/1529242/1d47dd447228b9bd82a4c9d3fbb882d9dbe63857.jpg,1529242,leaf,real,193
train/1529242/84bc8347017ad1d4b44bf4d0d8cafe833c15804f.jpg,1529242,leaf,real,193
train/1529242/ec088c7700843b04615c5023863493861d2ffc3c.jpg,1529242,leaf,real,193
train/1529265/28f23d5ab3c54cb7cd76a37db7a63a548c652c47.jpg,1529265,leaf,real,194
train/1529265/01b699740a7a143501c67153238323ce474c2abe.jpg,1529265,leaf,real,194
train/1529265/83aa8c55015b5336651c5e4c8036b12e55f00bef.jpg,1529265,leaf,real,194
train/1529265/c9715715ed79f31d2a74630360a023910cd69f94.jpg,1529265,leaf,real,194
train/1529265/048e3b65fba7886bddf45dfba2db23de3bda8615.jpg,1529265,leaf,real,194
test/1529265/5e5dcdc2a3aa0b2945f07c719025bf3f18fd7915.jpg,1529265,leaf,real,194
val/1529265/502ff1100958d347addcad59b8badfb1e99d54a3.jpg,1529265,leaf,real,194
train/1529265/67ab8de554b92cb917f98776e06d805ea32dbb06.jpg,1529265,leaf,real,194
train/1529265/18865d911d0e5ea97988518d58f40294bfb46cb0.jpg,1529265,leaf,real,194
train/1529265/59048c6ce2c1f8a912ca06ec6c7ee4e8b04d1675.jpg,1529265,leaf,real,194
train/1529265/9f43a2fb039dac1483f7c0715adb1dfeb620a932.jpg,1529265,leaf,real,194
train/1529265/9b0b1428bb8b68704997d042145775db5509ca7d.jpg,1529265,leaf,real,194
train/1529265/a5759151ea5b92a03b60b79f7dbc950e1a9b59f6.jpg,1529265,leaf,real,194
train/1529265/780a666a9853e5e844a1bc604cfe1cf9f8c7bd7c.jpg,1529265,leaf,real,194
test/1529265/31a92aa4440a1b8129c52c48781a2a8462c3df6b.jpg,1529265,leaf,real,194
train/1529265/6f5d89ca548513e10b20068cc025844186166457.jpg,1529265,leaf,real,194
train/1529265/a538945c7cc05c3f354d1f09ae1360c008965b2e.jpg,1529265,leaf,real,194
train/1529265/58eb8aa2a3099107f8fccaf5e57f5d2277ffc4cd.jpg,1529265,leaf,real,194
train/1529265/f20e3a3724c07e16d1cf611b4754b72a6eecba70.jpg,1529265,leaf,real,194
train/1529265/452e226c33e21786122c2f17c5f1f29d1735043c.jpg,1529265,leaf,real,194
val/1529265/a99f04ff440e9de2018e9a890b87edd00bd6764c.jpg,1529265,leaf,real,194
val/1529265/a0d7a1ab25117e61927175c06a00836283440fb0.jpg,1529265,leaf,real,194
test/1529265/9ecd5d4231626614cbdf4ac39909dbdaf6424eda.jpg,1529265,leaf,real,194
train/1529265/3ecadebd30bf1d4cdb7df28b25aee3061d839ff8.jpg,1529265,flower,real,194
val/1529265/d0926e88ed57bbdf6c8ebe8528550211ee914169.jpg,1529265,leaf,real,194
train/1529265/9db6cee538615cc2e0744cdb8c6bd8857f548c84.jpg,1529265,leaf,real,194
train/1529265/4ddd281f38829b2be876c904ffd55a0395d5081b.jpg,1529265,leaf,real,194
train/1529265/4be4702137e8164b9b4360031f7c212b22e007dd.jpg,1529265,flower,real,194
train/1529265/2e1c87ceea196ccbb030b55e5d8dcd55df774a23.jpg,1529265,leaf,real,194
train/1529265/14590d384f2e2acb65c3e7595f3e4fb074c26cdb.jpg,1529265,flower,real,194
train/1529265/dbeef5e251576475c029bcfe1fd443a5fd3cf397.jpg,1529265,leaf,real,194
train/1529265/fca04e4625abe6d0d06f1a5c5279354f16a34a84.jpg,1529265,leaf,real,194
train/1529265/f06c41d7d13f64fd07f010a3fbd765d8f5c6f1d0.jpg,1529265,leaf,real,194
val/1529265/8180d1c9af5ea33600d8cc0901c3c926afe4db67.jpg,1529265,leaf,real,194
train/1529265/1cbeab12fd489e61ebcafe4bafb96674a1bc7522.jpg,1529265,leaf,real,194
train/1529265/7bb46f6c6143627c35dc223eee9ee5d25e5cc787.jpg,1529265,leaf,real,194
train/1529265/fd41f5b79e55e2413f13906da5ea0dcabb1cff13.jpg,1529265,leaf,real,194
train/1529265/915fc95a7662b7d4ee1fadfaefde1a24fd30d186.jpg,1529265,leaf,real,194
train/1529265/4488bee65a74fd0f19f9b7c223bddf327bb67d92.jpg,1529265,leaf,real,194
train/1529265/a7389a64c13795d4261865dc84badd02b3cf203d.jpg,1529265,flower,real,194
train/1529265/1f0cc2daba951495e52ef23c2d299064ab6ad724.jpg,1529265,leaf,real,194
train/1529265/e63734bbab91121f1feba7bac195d09a48322af7.jpg,1529265,leaf,real,194
train/1529265/d89e451d4e42b2eb246d21e7bc95df6b0b9d412b.jpg,1529265,leaf,real,194
train/1529265/8d50bac45856002f422988a732f6a564a3b9471b.jpg,1529265,leaf,real,194
train/1529265/2afd7cf21ea042181103ede0a8c734430f23d042.jpg,1529265,leaf,real,194
val/1529265/63ff128cfd51529085a2e13bf13a71be75134fa2.jpg,1529265,leaf,real,194
train/1529265/15d05e1d0b8770ee99a9fab81834c9512b414d7f.jpg,1529265,leaf,real,194
test/1529265/4e5f68c969bd00a8c1a798a3765449ec6a9ed5e9.jpg,1529265,leaf,real,194
test/1529265/151f67cbad5d73e1df3fb177efe60240bcb21d93.jpg,1529265,leaf,real,194
train/1529265/822be7ff51a5166f9355fa4e2c070f63f49a754f.jpg,1529265,leaf,real,194
train/1529265/157463639293646762fa0f7f30eafd7850bec582.jpg,1529265,leaf,real,194
val/1529265/bb12bbc02c14453d3e2bb293cb9d8986a55bc94d.jpg,1529265,leaf,real,194
test/1529265/f1cea1497c5ff1428fb34c4d4a0dda6e206c6947.jpg,1529265,leaf,real,194
val/1529265/8a8f913328a0675b0801437605140248d17ac760.jpg,1529265,leaf,real,194
val/1529265/f5cbfb994ecde6d613cf80be3454fba73c5fafa2.jpg,1529265,leaf,real,194
train/1529265/80c5185fe475d3d4c8cd18c2aade04dc63702fb5.jpg,1529265,leaf,real,194
train/1529265/4f8392de128b9b63d9d9975d43b5da2273fff3d6.jpg,1529265,leaf,real,194
train/1529265/f201fff4c16f8ccd83d959d9c772e20e1017f2d4.jpg,1529265,leaf,real,194
train/1529265/8e85b8b7b0068dfba736b41e244d5b1c103a2ba1.jpg,1529265,leaf,real,194
train/1529265/c69973018f31a7f326dff6c5096c1f492fb2990c.jpg,1529265,leaf,real,194
train/1529265/94f7b006a8382fc9c641493c10bbba3da2921260.jpg,1529265,leaf,real,194
train/1529265/6a101376f225ed1ee842b0810cdadcbe1df992d1.jpg,1529265,leaf,real,194
train/1529265/ef71c5c679ae252ac655451fab672d882893adb9.jpg,1529265,leaf,real,194
train/1529265/b8df628919cc24486434de252f8a867a75160142.jpg,1529265,leaf,real,194
train/1529265/3ad81512d01fd3da517ec77fad6538ae16e937ad.jpg,1529265,leaf,real,194
train/1529265/9685e97c42220de4148eac2997e4efcf00cdd18a.jpg,1529265,leaf,real,194
train/1529265/39c2ccf3739dc0ad897bfd5440a6ae28a6b74585.jpg,1529265,leaf,real,194
train/1529265/93cf5da3fbddfb2c6bfe01f00881d4e1aebb05f1.jpg,1529265,flower,real,194
test/1529265/fb784f17ae2be4335630bd311d380430f403a7a3.jpg,1529265,leaf,real,194
train/1529265/b94f7157b83e7da062a7d6cfc51452ffc3b9a0e7.jpg,1529265,leaf,real,194
train/1529265/924aec41facd798a262aec1dba0274c66225bb7d.jpg,1529265,leaf,real,194
train/1529265/95922e9b72a2358b4b72d4abddf083815a1702e5.jpg,1529265,leaf,real,194
train/1529265/5c5a5fa6c98ee6cd757b29b4c8de435c1bf71616.jpg,1529265,leaf,real,194
train/1529265/b75074a5b82d82808a98816e567d675564599502.jpg,1529265,leaf,real,194
train/1529265/ef8d7a9cd48f79dce153d7436ed3d66aa0cb230c.jpg,1529265,leaf,real,194
train/1529265/5ae0f487d9d8a67441051b2fdee595bf9e1d9eb9.jpg,1529265,leaf,real,194
train/1529265/df4d0625d3499b854fb7c60ca1f2794ccffe6f26.jpg,1529265,leaf,real,194
train/1529265/aea5b4cf713dca69f6b471c59a650f5eeb673903.jpg,1529265,leaf,real,194
val/1529265/361975482a36196b45cf3a700272271d458141fa.jpg,1529265,leaf,real,194
train/1529265/8850f079dc44e0214c54022197f4e65015ec320e.jpg,1529265,leaf,real,194
train/1529265/6479e2098904fb0bffd33c39d305d4f1b48033b9.jpg,1529265,leaf,real,194
train/1529265/5b7386ec787f9c9befb8111140f24becbbe0b348.jpg,1529265,leaf,real,194
val/1529265/90d4dfaf5d9216de4c99229d012398c5c5532bc3.jpg,1529265,leaf,real,194
train/1529265/ee8c65c2228a9d72242783960e5abf7bc525a1e2.jpg,1529265,leaf,real,194
train/1529265/eebfadb2c8c3424395d43266278454ffa6eec955.jpg,1529265,leaf,real,194
train/1529265/99ab0f367eff886c34eaf913e91e74908a891215.jpg,1529265,leaf,real,194
train/1529265/199c25b668a00c7d940b39c78c27a6fdbb347adf.jpg,1529265,leaf,real,194
test/1529265/0ba7f274b4866111dd4579fc8501b436919f2c8b.jpg,1529265,leaf,real,194
train/1529265/8e11f771430dacedc687dac29e2570822e5dc4e5.jpg,1529265,leaf,real,194
train/1529265/a89d36c69534f83df6bec2e38ffc1bcc9e5e1bdf.jpg,1529265,leaf,real,194
train/1529265/6cea49e0c0b54b5eac32a0bca91d1b25d3c89084.jpg,1529265,leaf,real,194
train/1529265/08ab6baa99291d14f099721d2bd53d5ceb58144b.jpg,1529265,leaf,real,194
train/1529265/87ea33b71138b9311c6a95efbb017eef889a6e01.jpg,1529265,leaf,real,194
train/1529265/0352568664baf19c5043e7029c4c5b3c2eaee53a.jpg,1529265,leaf,real,194
train/1529265/b7629e17057b28110309219932a82d32e0c7d8de.jpg,1529265,leaf,real,194
train/1529265/55b14eb2267f3c4b1b4992de3ba32eb140feb491.jpg,1529265,leaf,real,194
val/1550692/4143885838e8c9e1614aeacc95ede06500361b00.jpg,1550692,flower,real,195
train/1550692/b214d4c7d3b3aa24e22ad3a60023f71fc139cbec.jpg,1550692,flower,real,195
train/1550692/1e296e8276d851f9eeea10793cb2a1e2cc8897cb.jpg,1550692,flower,real,195
val/1550692/ba400d82ead88049cdf8ec95457e73d0afc17478.jpg,1550692,flower,real,195
train/1550692/052eee70a5131028366a0b3be8f6936e799d4dc7.jpg,1550692,flower,real,195
train/1550692/35ec90cf699012d031ac56f70f406837fc87e6fb.jpg,1550692,leaf,real,195
train/1550692/ef1ba239409fbb29db73e1e5f01468c01fa4eb10.jpg,1550692,flower,real,195
train/1550692/7e451b82e7f64fb087f7efba09ac560c9b508c8e.jpg,1550692,flower,real,195
train/1550692/cbf10784fe30d2aa8ef5d80ade99190bcd30786b.jpg,1550692,leaf,real,195
test/1550692/6547a69fba1bf370d7b77bc0eead9803266611a1.jpg,1550692,flower,real,195
test/1550692/557c54785311bb7766fb09dfbfec4fe53dfd5c7e.jpg,1550692,leaf,real,195
train/1550692/ee6904fc0ac3536138168db91146fd4439f8265b.jpg,1550692,leaf,real,195
train/1550692/616a1e0ed4ec623b89645fa3ccf53a83fdd40c99.jpg,1550692,flower,real,195
val/1550692/a5acac85882957fc0b5eeace8087dba458ac54cc.jpg,1550692,flower,real,195
train/1550692/2eb6d6fa9c20e42a419d6464ea051a18a72f0642.jpg,1550692,leaf,real,195
train/1550692/c6feb0e2e1733ca1ffd1f674064cdbbdb4f34735.jpg,1550692,flower,real,195
train/1550692/3084ab6cd3209c36941261c34442dec267108a5e.jpg,1550692,flower,real,195
val/1550692/180e7512c0e676a4fda59992dc4d94c7c5170ab7.jpg,1550692,flower,real,195
train/1550692/efb02cd5baac866f81436b9b3bde14fdf3a2762e.jpg,1550692,flower,real,195
train/1550692/4584e9ed50e14904b9afc7d6d04cb92e259bafab.jpg,1550692,leaf,real,195
test/1550692/9139c71aabe02433e5224022bb81f7e0a80c4d56.jpg,1550692,flower,real,195
val/1550692/7cba39a811c6471414273de07f44133d76e1d96d.jpg,1550692,leaf,real,195
train/1550692/54421c3435e09e95dc86441d453bc6a7de238191.jpg,1550692,flower,real,195
val/1550692/d0b7826a31775d723eecf2abd9768ca8a91d7c34.jpg,1550692,flower,real,195
test/1550692/15dc42b1bd43e11d9a7e0dc850c10577bea41084.jpg,1550692,leaf,real,195
train/1550692/a993eaf019e6e1eaef4cbeed7013cf069014aee3.jpg,1550692,flower,real,195
train/1550692/5819753a8027f8ca71baacedd584315e424288ac.jpg,1550692,leaf,real,195
train/1550692/45295d0edab38616f1f2f18b007a067305cb240c.jpg,1550692,leaf,real,195
train/1550692/7fca1645b2d417b2a054984f31218fc70b2e045e.jpg,1550692,flower,real,195
train/1550692/049c6c944a55ada07e2af4b840cff7de33380405.jpg,1550692,flower,real,195
train/1550692/484762b179723ec7a9d164f3372fc3b70be23525.jpg,1550692,flower,real,195
train/1550692/201533de60f2260ee511bbd408c9b81045050f84.jpg,1550692,leaf,real,195
test/1550692/b8199d68955f20656b3204760f6c72381cda62d4.jpg,1550692,flower,real,195
train/1550692/03b8dc7375383f91d5ddf5ae1176cc8ca6caf108.jpg,1550692,flower,real,195
train/1550692/294fde45632d043d2cb4c60438100a764a602da9.jpg,1550692,flower,real,195
test/1550692/4c3921b33f302a7f74ba4fe6fd37cc0e06dc9377.jpg,1550692,leaf,real,195
train/1550692/d1921f2ed73b3d31d42977d90b486c7c4f4c7411.jpg,1550692,flower,real,195
val/1550692/4dcf2ea54ccc5ee1376b1cfb5296c97db0d37638.jpg,1550692,flower,real,195
val/1550692/90967356260fea3c15b92ca10499c6b2474a1b53.jpg,1550692,flower,real,195
train/1550692/aefd402377b84de0388533a4d2bd228ecde68c72.jpg,1550692,flower,real,195
train/1550692/4d3999b942af488bcdc85e0699fd7e1322111664.jpg,1550692,flower,real,195
train/1550692/9ba46b1d6bbfd17c0b90f817dc4d49c952ccae2c.jpg,1550692,flower,real,195
test/1550692/c77c4acc57ae369fc1956eeb83d49058963fde5b.jpg,1550692,leaf,real,195
train/1550692/8111c370148003bf10ad2d09c67a60389d812ec3.jpg,1550692,flower,real,195
train/1550692/dabb0f86eac788fc8ea7ef7cdd0969b0b1e98dd3.jpg,1550692,flower,real,195
train/1550692/2e4efafdb05f03d4587dcfabcd308d2cdfb68e4c.jpg,1550692,flower,real,195
train/1550692/8fa0aeb4dfed2d1c459dd70452ec56400cb038cf.jpg,1550692,flower,real,195
train/1550692/98e193ba0cf6361bcabd4d6a3442fc58c995a2b3.jpg,1550692,leaf,real,195
train/1550692/ec72669cb0f9498ee7552116766fffea0527102c.jpg,1550692,flower,real,195
val/1550692/f4d30282f6ede2b20e9fc366d6321e44a2b07c02.jpg,1550692,flower,real,195
train/1550692/dbba0df7ab8e17621a6318eb01c0775870ccac42.jpg,1550692,flower,real,195
test/1550692/98ea6c4f6f1587626611ee468047b0c042e5f7f6.jpg,1550692,flower,real,195
train/1550692/1644daaefe3ae9122896291a6d5ccad21fd2337f.jpg,1550692,flower,real,195
train/1550692/0ace04379ebbeb84b16f6dd916151d4f3dbb291b.jpg,1550692,leaf,real,195
train/1550692/231360ce4d8411f2754552226d041736d39be392.jpg,1550692,flower,real,195
train/1550692/5596cb6abb9c91bed7a0c2c052799bb0241b3994.jpg,1550692,flower,real,195
train/1550692/cf9b2f3c6187ca6b6105f9f5919664ddc2fee3be.jpg,1550692,leaf,real,195
train/1550692/846d236218ebcb8d939f6a19a89337e4a78d04f3.jpg,1550692,flower,real,195
train/1550692/f92a24e59033daa74cf9b716ce69365e747e3a75.jpg,1550692,flower,real,195
val/1550692/6da46d4147f9f03c0210e76b36b9f3ac0598c807.jpg,1550692,flower,real,195
train/1550692/c10c466615fd972179871d3cc39e153fbd907fe7.jpg,1550692,flower,real,195
train/1550692/8bddb6ad1f0b01868976f4f8be6e76ade5b944ba.jpg,1550692,leaf,real,195
train/1568914/7981e2cf0f81adcba0184c2a26670199607b5254.jpg,1568914,flower,real,196
train/1568914/2f3b25ec71ba9c7a850914b178eaa05d088cf3ff.jpg,1568914,flower,real,196
val/1568914/92c0812f839390fd3ce34c46f22049c4f45b34a5.jpg,1568914,flower,real,196
val/1568914/173f8fce06e5807d5ea7a27f86edf14f642c44f0.jpg,1568914,flower,real,196
train/1568914/fcb9df68e082218570af279ee81e17f8a2ab6b23.jpg,1568914,flower,real,196
train/1568914/35a04bdaf587f3bf389447ddce71d759cfa804af.jpg,1568914,flower,real,196
train/1568914/0808cce83ef59b4f492b76ba586734ed4e183b6a.jpg,1568914,leaf,real,196
train/1568914/bc80076a3d3f50959cf23a35fe121df5c57c1574.jpg,1568914,leaf,real,196
train/1568914/9d2b073af240d336dacf350c4155976aa02511c5.jpg,1568914,flower,real,196
test/1568914/ab8d975eee2e1d176855dbb855ad3b01a5185791.jpg,1568914,flower,real,196
test/1568914/b8ec76bd00b375ebd9ea1b056f5b0c8c3f427eb9.jpg,1568914,leaf,real,196
train/1568914/a6ffe73cbf995ac00017991d106b5c85868b110e.jpg,1568914,leaf,real,196
val/1568914/45bcf65fca9309091fdab6c99b9006965f6c6bab.jpg,1568914,flower,real,196
test/1568914/41bc2ded1d3959f3e36436d6c4dff641b7e2a9c9.jpg,1568914,flower,real,196
train/1568914/14c959bd94d080c9bb8f6e2b13226079ba6bbe0a.jpg,1568914,leaf,real,196
train/1568914/3c042ed98bd7214e379eb4202b07ed5169b628be.jpg,1568914,flower,real,196
train/1568914/d06ca1d1e5dae9bc1294735d1d6c8b04d5a6f5b7.jpg,1568914,leaf,real,196
train/1568914/f3a1a8968abc5996f493d561efb907cd95d49299.jpg,1568914,flower,real,196
train/1568914/d514f6cb7c772b11c285fdd573ef7733adf41404.jpg,1568914,flower,real,196
train/1568914/012ced92b447d23adaf5da9d3802bc1bf2a658f0.jpg,1568914,flower,real,196
train/1618661/6f777897b092e628d945adcd50decf805fb7aee0.jpg,1618661,flower,real,197
train/1618661/2fdc098267cc4af7a7b7f53c15b1b61de94fbfdd.jpg,1618661,flower,real,197
train/1618661/f1f66d10dbd099de00387693e79a344af6463ce6.jpg,1618661,flower,real,197
train/1618661/498151105bd17b0127d2b14b961569d1ab4243aa.jpg,1618661,flower,real,197
train/1618661/df7233aeca0ca2df87c057fcfbf8c67051ef5717.jpg,1618661,flower,real,197
train/1618661/bd7c434f3d508637354a2ceed2e670203d81fd6e.jpg,1618661,flower,real,197
train/1618661/b7ddad0acbf60fff544ff01bc62780412de659d8.jpg,1618661,flower,real,197
train/1618661/da5c444ee5aebbe35e22fbd98a2c61d0a9798db3.jpg,1618661,flower,real,197
train/1618661/ac446884151061686c041468069a563596564858.jpg,1618661,flower,real,197
test/1618661/6969888e46a76f87cc6cde438abd89491a1fd8ac.jpg,1618661,flower,real,197
train/1618661/3aebb90da44458f77a8fe8824e85c5d57ebf4002.jpg,1618661,flower,real,197
train/1618661/d3f60cc10ee6226301aa549f282e6db8d7b043d8.jpg,1618661,flower,real,197
train/1618661/710429f7cbb0f1147106bb3ba49255c0e27a6d70.jpg,1618661,flower,real,197
train/1618661/de60f8796f4e5b17c78ee5457af3b3db3d1e8a9a.jpg,1618661,flower,real,197
val/1618661/85e55f47cc624f791733e5a7c65c176c0091788e.jpg,1618661,flower,real,197
train/1618661/a82a7007f2b9420e7f6174ae1217ea25eee92af9.jpg,1618661,leaf,real,197
train/1618661/28a0684adb3621bdb7d18d2723855cacf5ed7983.jpg,1618661,flower,real,197
train/1618661/90a250d96ccb1d4f90925d7d8b451989d14390cc.jpg,1618661,flower,real,197
test/1618661/282a5b78cdcf3de857ba1731b0bfa45e81da56b0.jpg,1618661,flower,real,197
train/1618661/45d5d77afc32e598c97a3cc031947c625ddefc1b.jpg,1618661,leaf,real,197
train/1618661/27e72608699f90edfde110aed0e579a84f4e7c00.jpg,1618661,flower,real,197
train/1618661/06c695a7aa50c22f1472b61b7caefbefe03b40e1.jpg,1618661,flower,real,197
train/1618661/895910b588318881a7e958ca619bca1c6099bcb2.jpg,1618661,flower,real,197
train/1618661/4b1abe2bd6eab3ffc168427684c33d368d801dc5.jpg,1618661,leaf,real,197
train/1618661/dc92dec576794f5b3bc4f2e2a12d009c7d5bad3a.jpg,1618661,flower,real,197
train/1618661/165e177619adf7db5faf3ad2930efbf3f49accb3.jpg,1618661,flower,real,197
train/1618661/ce34f75a61d1023b0c5d004b666f2930a489ba61.jpg,1618661,flower,real,197
train/1618661/e2acc29ed318c4924ffc4fa95e0da4f7d326bb1d.jpg,1618661,flower,real,197
train/1618661/96496c4c444b07da808445b6b9e3bf5c706dd926.jpg,1618661,flower,real,197
train/1618661/97faea9956e89f149df0ff72790c2f4b40b8dde0.jpg,1618661,leaf,real,197
train/1618661/5ce65da6eb626d01ab4bbd3295e21021081ed7e6.jpg,1618661,leaf,real,197
train/1618661/ff2d726f5413d45829874850cdb9c36754cbec7e.jpg,1618661,flower,real,197
train/1618661/864b388a002c1f8910c3246435592c8d07dd1769.jpg,1618661,flower,real,197
train/1618661/3c993a27c686bd5662384dc7b7095857eebffa35.jpg,1618661,flower,real,197
test/1618661/dc14ad7034edd7a441ec3f9c6c4d727303ba238c.jpg,1618661,flower,real,197
train/1618661/023eebcd2be7ea5b92d2506f7baef27b800f1f64.jpg,1618661,flower,real,197
train/1618661/9046b98444acebfad27309c02e7f9d2536580e80.jpg,1618661,leaf,real,197
val/1618661/54a68b2c3cebc66f16b9333b3e4597c72c5f6391.jpg,1618661,flower,real,197
train/1618661/ff9a155d8e68ab644f147e6ab01631b9ee0a5a95.jpg,1618661,flower,real,197
val/1618661/c94312708ee0ce98c093a1d79563c545ad68eaa8.jpg,1618661,flower,real,197
train/1618661/709347467be74dcdb3f82ce89e8704f2ef247799.jpg,1618661,leaf,real,197
train/1618661/c6d0c8127bd65e9b8510da47c890d53287ab6bcb.jpg,1618661,flower,real,197
test/1618661/d3c0ea23edde2293ecebb4710cf79bf8dc3ebf66.jpg,1618661,flower,real,197
train/1618661/d27a70cfdadcca94508209820a98722591ac0f14.jpg,1618661,flower,real,197
train/1618661/7925ca11ad15e56f1b672c9359f171e41bda2ad1.jpg,1618661,flower,real,197
train/1618661/0ffb29fe85bb13cf68e4586d7dee0ec9e14b9cbf.jpg,1618661,flower,real,197
train/1618661/b56439a6b3d7d580a2ac258a2addc8df21c3eaa9.jpg,1618661,flower,real,197
train/1618661/e98882d963f7b1564fd2acf456b2b537eb1f5afa.jpg,1618661,flower,real,197
train/1618661/d1f9c27a269bbd2a7fb3a2f14775d5ef0f2989a6.jpg,1618661,flower,real,197
train/1618661/3501c341f994a473c3ae93e37e21e40acc7b5623.jpg,1618661,flower,real,197
train/1618661/746425b98fafd2d4258f699039e4f77d1ac0b347.jpg,1618661,flower,real,197
train/1646149/7d0ee5e687dfbb4c5f1371c0c1a7489c7f9b1e44.jpg,1646149,leaf,real,198
test/1646149/0a1a5db2cb555bf070725545b97a97b2525227d8.jpg,1646149,flower,real,198
train/1646149/23e8284d907fe098448ffe66dad716577b4c1896.jpg,1646149,flower,real,198
train/1646149/58eb4c7bdd28896e796ea456e65d561a58a43f36.jpg,1646149,flower,real,198
train/1646149/d3cb73033a874d87e7431fbd06085ae9fd5f0cce.jpg,1646149,flower,real,198
train/1646149/42966e5d6e92a0de6259fd927ed814dd0739f8f5.jpg,1646149,flower,real,198
train/1646149/c6429b640da395b4f57742be46a9790fda76bb2d.jpg,1646149,flower,real,198
train/1646149/b68d5a62cc34e72fd2919fe4ce8fcdf4209c6aaa.jpg,1646149,leaf,real,198
train/1646149/389068003ecafa3e68b849ed39d7fc8a155dd0c1.jpg,1646149,flower,real,198
train/1646149/757c628e149e2330f5ec03a3d9a1e7ac23572bef.jpg,1646149,flower,real,198
val/1646149/28d732c92a1218dc3a5bf8c0e32dde1c565760ab.jpg,1646149,flower,real,198
train/1646149/6a10f72fb6ad9bf73d94cde96077a6ebd8d6283a.jpg,1646149,leaf,real,198
train/1646149/5907f83f743fa5aca319db37bc887378ed352402.jpg,1646149,flower,real,198
train/1646149/ebd4956ccdfaffb47bd8fa54d0f03aa9cdb2e02d.jpg,1646149,flower,real,198
test/1646149/9ea492173607b4355cbd047c156746cf275eee69.jpg,1646149,flower,real,198
train/1646149/1bd4f377d647663fc37da04b2cf9074c6d557e02.jpg,1646149,leaf,real,198
train/1646149/15cb12b76e9aeda0a91beae840b29670b4959204.jpg,1646149,flower,real,198
train/1646149/08b7fb417518c0100a0fa906e7a09a00f60e0b65.jpg,1646149,leaf,real,198
train/1646149/0c375a3ed10093139196bda96147011a77211c24.jpg,1646149,flower,real,198
train/1646149/b71ae5ff68744a8ca11fb8a69e2b90cccb4b8654.jpg,1646149,leaf,real,198
val/1646149/24b4b6d1356cea9c1b85aab3c0322494852939ff.jpg,1646149,flower,real,198
train/1646149/b8f23ff0a8c7576a277f09fb5e226dc764f7c49f.jpg,1646149,flower,real,198
train/1646149/ad61f95623cc65c194af545ac3083c563a9d86e8.jpg,1646149,flower,real,198
val/1646149/47b27554aae6b16a37c75549a77c7ec8992fc2cb.jpg,1646149,leaf,real,198
train/1646149/784d4c396f9ca06cf03920a75b6565bf0de0a774.jpg,1646149,flower,real,198
val/1646149/a230a8df70c80cdf0ba1c17ff3e3264181df5c75.jpg,1646149,flower,real,198
train/1646149/ffa098eec0224da97a3f763cc76770fee997ba07.jpg,1646149,flower,real,198
train/1646149/f85d2860de67ad8b180a590677d82e94cd7e3d2d.jpg,1646149,flower,real,198
train/1646149/10d80c948f9f4746dc6670c15eddeed6bf831974.jpg,1646149,flower,real,198
train/1646149/f39f3b62b89de660e604908b63c09add9c3a54d6.jpg,1646149,leaf,real,198
test/1646149/4403d4def4d1c024127951327ed818a7e751e033.jpg,1646149,flower,real,198
test/1646149/965a66c08b8831e2094bc0ca0cd3c747aa6f197d.jpg,1646149,flower,real,198
train/1646149/c5d719be9111e25e5fd2a0dd392d5177a9338d66.jpg,1646149,leaf,real,198
train/1646149/878a81590a3839fe936118634f56d4382a06e530.jpg,1646149,leaf,real,198
train/1646149/8e1ec3a5f9f628bfbfc2a01ce63bee03b25b4948.jpg,1646149,flower,real,198
val/1646149/165a488154a0d402e3061034cc762c81e7465aa9.jpg,1646149,leaf,real,198
train/1646149/7a67c3fbcad4a8266f671921faf2ef05c042bd68.jpg,1646149,flower,real,198
train/1646149/f6829d0036cfeb8dc57c22840e2a6516cbc560e7.jpg,1646149,leaf,real,198
train/1646149/13a0d19cd69251dd214a91c6cb49fbbfdf0320cd.jpg,1646149,flower,real,198
train/1646149/98cc99c54d8d8cda8d87f666334f9296113b39f6.jpg,1646149,leaf,real,198
train/1646149/3e5c6114a0fd2840fd7a947751ac780e5c7af96d.jpg,1646149,flower,real,198
train/1646149/c317e6afe9114beb2d24493e06f6f4a5043d6ddf.jpg,1646149,flower,real,198
train/1646149/d554d86d87dab24f0e7b1c0a3364d8597c55168f.jpg,1646149,flower,real,198
train/1646149/0c585ae5f0165e9af9f0da46e0e035082a045c45.jpg,1646149,flower,real,198
train/1646149/7e5a34c4aafd6a1690a04018e9afe212b883cb2c.jpg,1646149,flower,real,198
train/1646149/c77757350b87ca7bece4e884188f5e77b79493dd.jpg,1646149,leaf,real,198
train/1646149/9aebada8c3d1ecf84fb4a316d5f8ffe771cbb5e9.jpg,1646149,flower,real,198
test/1646149/bc2276fc83cb61d27aaeabe2dd709ced48c1925c.jpg,1646149,leaf,real,198
val/1646149/3e5aa474a7a00605f60f634ad6c3fc35e485f053.jpg,1646149,leaf,real,198
train/1646149/c6995879cc598ba4029da872c405892cd9eb04e4.jpg,1646149,leaf,real,198
train/1646149/ac9df4c4af67d7eda27284f2cea386c5842e370a.jpg,1646149,leaf,real,198
train/1646149/ce408bb219a460b87d587ad11694a82ee3e1fcc7.jpg,1646149,flower,real,198
train/1646149/1884939101e1b721cd66281910681e64ec1d3dea.jpg,1646149,flower,real,198
test/1646149/7970440a2fd90fd434583266e51121bed3198ad7.jpg,1646149,leaf,real,198
train/1646149/775f13ed42f7f8af395c72a84a59dcaef1217e6f.jpg,1646149,flower,real,198
train/1646149/83435f0281f670806317a9ef77f171b124eedeab.jpg,1646149,flower,real,198
train/1646149/caaac024c1f890bad505d860f9bf861dbde4e84b.jpg,1646149,leaf,real,198
train/1646149/8ec1feac4a46fcdefc4473a2f39ae936b7fc5e37.jpg,1646149,flower,real,198
train/1646149/5c4323d6998dc6fb257df4a5259e001dd15593da.jpg,1646149,leaf,real,198
val/1646149/77a0152f25b103ebc11dc03e03b4698b1ec7e43b.jpg,1646149,flower,real,198
train/1646149/f50f3592f85a82c53d3f852563dcf8ac50abc6fd.jpg,1646149,flower,real,198
train/1646149/cc8f4b2a326f975ac8fb1d25a42850ec22f838a6.jpg,1646149,flower,real,198
train/1646149/5f16092bafca1fe153dfe7b45b0a0c0a0d406791.jpg,1646149,flower,real,198
train/1664348/c44529edab80426fdce22883fa9ff24a3ca1ca36.jpg,1664348,leaf,real,199
train/1664348/f0b829bcee54710334b171aca8f4721612142158.jpg,1664348,flower,real,199
train/1664348/b261c2af92914addddcc6dc6e8f81ddeec896a7a.jpg,1664348,flower,real,199
train/1664348/cca17014c5f07ba524170703057d7863d438f1c5.jpg,1664348,leaf,real,199
train/1664348/b6de9ff24cfef25c161d183aacffe22858dad135.jpg,1664348,flower,real,199
train/1664348/1d60a97b3cb85c0a6a38ba5ce5ec570cea93b628.jpg,1664348,flower,real,199
val/1664348/a84a83e83b4e599f34fd9e78e382220b13dca8b9.jpg,1664348,flower,real,199
test/1664348/bb7e5dbc93fe1953a790b5d1cf28ae18470901a5.jpg,1664348,flower,real,199
train/1664348/0a206f5adc0ea02ffcd8a19ae7ed51e21cde9446.jpg,1664348,flower,real,199
train/1664348/9a90ee8def8ac5b56c551851575849177e537a81.jpg,1664348,flower,real,199
train/1664348/718a21eff53250d056e53252754c9e2e7f066d4c.jpg,1664348,flower,real,199
train/1664348/a90f3b4e17591846e34804560e40ebe8c4809f24.jpg,1664348,flower,real,199
train/1664348/fc66f6e9e1af6ede30ac82e395f4de909c5f1fa3.jpg,1664348,flower,real,199
train/1664348/6b7f32b9f9346d875adae5e38b2b1cd007e516d5.jpg,1664348,flower,real,199
train/1664348/9726130d36ed0bc5e49c3e509245d3b20d3cf3f8.jpg,1664348,flower,real,199
train/1664348/327ea70505749fa8cf155d66f1a71f00634569ad.jpg,1664348,flower,real,199
train/1664348/e56e86e661ca22993a0325489741d5652ffc53e0.jpg,1664348,flower,real,199
train/1664348/ad6bab59dd615e13ccebc31fb309a4ba2ce48953.jpg,1664348,leaf,real,199
train/1664348/e6039376ea05ec95e731bce64bdf4a6bf645f7fb.jpg,1664348,flower,real,199
train/1664348/f100a3deb291127b10d422cc8c93c156d6e4a0c1.jpg,1664348,flower,real,199
train/1664348/45b56e35c79a543c1b1f890258f383d6b87b039e.jpg,1664348,leaf,real,199
val/1664348/2927a76e2e57e97da3ef054ad727322f54cd75a5.jpg,1664348,flower,real,199
train/1664348/6622e614a8235382b8f1a7465ebc6c466f5b94d2.jpg,1664348,flower,real,199
train/1664348/6c0381346e543fcbd5e3ca0f48c27c4b78313100.jpg,1664348,flower,real,199
train/1664348/79f2a0b946207f054ad7febf29132b88a0386351.jpg,1664348,flower,real,199
train/1664348/82da67d6112d0ad9a98ec5cd09ea6afaf7616f90.jpg,1664348,flower,real,199
val/1664348/8ab3927cf7ff29c58c92f219ab2e1bd41256677a.jpg,1664348,flower,real,199
train/1664348/449cfadbf2ded02e47cb90ead663ca6e7dbf9551.jpg,1664348,flower,real,199
train/1664348/5dd4be9dc5b9a8c5d4f78d0a84b1a8323f887b15.jpg,1664348,flower,real,199
train/1664348/13942e9d1a840e1eea0bc182a9b76b5c7ebea330.jpg,1664348,flower,real,199
train/1664348/f587e51c3fd557823712b785a6fab8b0b6d8e819.jpg,1664348,flower,real,199
train/1664348/409d0f7827ae994f8191b7245b02dc52ecc16324.jpg,1664348,flower,real,199
train/1664348/8ecb8577babd6aebc6ea9db9ecf207f978cbdcdd.jpg,1664348,leaf,real,199
train/1664348/6e6dd2009d17d333f33e2e22f3ac5f5fe527dfcd.jpg,1664348,flower,real,199
train/1664348/8ae8a0dfbc23113e647a509e66d028a2adca96c6.jpg,1664348,flower,real,199
val/1664348/1d2f206ab72d789497f12e5b25f7659829792044.jpg,1664348,flower,real,199
train/1664348/aa07acb499b83bad00ca5144e3712da2523215d7.jpg,1664348,leaf,real,199
train/1664348/23e5f15f5dd4ceed54dd113af8fc93e9d7e4d828.jpg,1664348,flower,real,199
test/1664348/fad396d420a075de594502c10dbb4631034e484b.jpg,1664348,flower,real,199
train/1664348/c1c66d2647fec6323811432c848fc7b97cd4b1ae.jpg,1664348,flower,real,199
1416509/1416509_flower_00048.png,1416509,flower,lora_boost,171
1416509/1416509_flower_00028.png,1416509,flower,lora_boost,171
1416509/1416509_flower_00018.png,1416509,flower,lora_boost,171
1416509/1416509_flower_00025.png,1416509,flower,lora_boost,171
1416509/1416509_leaf_00078.png,1416509,leaf,lora_boost,171
1416509/1416509_leaf_00128.png,1416509,leaf,lora_boost,171
1416509/1416509_leaf_00079.png,1416509,leaf,lora_boost,171
1416509/1416509_leaf_00126.png,1416509,leaf,lora_boost,171
1416509/1416509_leaf_00103.png,1416509,leaf,lora_boost,171
1419807/1419807_flower_00003.png,1419807,flower,lora_boost,177
1419807/1419807_flower_00019.png,1419807,flower,lora_boost,177
1419807/1419807_leaf_00166.png,1419807,leaf,lora_boost,177
1419807/1419807_leaf_00111.png,1419807,leaf,lora_boost,177
1419807/1419807_leaf_00085.png,1419807,leaf,lora_boost,177
1419807/1419807_leaf_00059.png,1419807,leaf,lora_boost,177
1419807/1419807_leaf_00167.png,1419807,leaf,lora_boost,177
1419807/1419807_leaf_00101.png,1419807,leaf,lora_boost,177
1419807/1419807_leaf_00125.png,1419807,leaf,lora_boost,177
1376703/1376703_flower_00041.png,1376703,flower,lora_boost,63
1376703/1376703_flower_00038.png,1376703,flower,lora_boost,63
1376703/1376703_leaf_00153.png,1376703,leaf,lora_boost,63
1376703/1376703_leaf_00107.png,1376703,leaf,lora_boost,63
1376703/1376703_leaf_00149.png,1376703,leaf,lora_boost,63
1376703/1376703_leaf_00099.png,1376703,leaf,lora_boost,63
1376703/1376703_leaf_00094.png,1376703,leaf,lora_boost,63
1376703/1376703_leaf_00050.png,1376703,leaf,lora_boost,63
1409195/1409195_flower_00036.png,1409195,flower,lora_boost,150
1409195/1409195_flower_00011.png,1409195,flower,lora_boost,150
1409195/1409195_leaf_00064.png,1409195,leaf,lora_boost,150
1409195/1409195_leaf_00165.png,1409195,leaf,lora_boost,150
1409195/1409195_leaf_00122.png,1409195,leaf,lora_boost,150
1409195/1409195_leaf_00047.png,1409195,leaf,lora_boost,150
1409195/1409195_leaf_00148.png,1409195,leaf,lora_boost,150
1409195/1409195_leaf_00051.png,1409195,leaf,lora_boost,150
1408557/1408557_flower_00033.png,1408557,flower,lora_boost,146
1408557/1408557_flower_00019.png,1408557,flower,lora_boost,146
1408557/1408557_flower_00044.png,1408557,flower,lora_boost,146
1408557/1408557_leaf_00114.png,1408557,leaf,lora_boost,146
1408557/1408557_leaf_00053.png,1408557,leaf,lora_boost,146
1408557/1408557_leaf_00119.png,1408557,leaf,lora_boost,146
1408557/1408557_leaf_00144.png,1408557,leaf,lora_boost,146
1408557/1408557_leaf_00112.png,1408557,leaf,lora_boost,146
1420787/1420787_flower_00029.png,1420787,flower,lora_boost,180
1420787/1420787_leaf_00081.png,1420787,leaf,lora_boost,180
1420787/1420787_leaf_00096.png,1420787,leaf,lora_boost,180
1420787/1420787_leaf_00055.png,1420787,leaf,lora_boost,180
1420787/1420787_leaf_00154.png,1420787,leaf,lora_boost,180
1420787/1420787_leaf_00123.png,1420787,leaf,lora_boost,180
1420787/1420787_leaf_00110.png,1420787,leaf,lora_boost,180
1420787/1420787_leaf_00075.png,1420787,leaf,lora_boost,180
1406486/1406486_flower_00034.png,1406486,flower,lora_boost,141
1406486/1406486_flower_00033.png,1406486,flower,lora_boost,141
1406486/1406486_flower_00056.png,1406486,flower,lora_boost,141
1406486/1406486_leaf_00091.png,1406486,leaf,lora_boost,141
1406486/1406486_leaf_00139.png,1406486,leaf,lora_boost,141
1406486/1406486_leaf_00156.png,1406486,leaf,lora_boost,141
1406486/1406486_leaf_00090.png,1406486,leaf,lora_boost,141
1406486/1406486_leaf_00089.png,1406486,leaf,lora_boost,141
1408490/1408490_flower_00030.png,1408490,flower,lora_boost,145
1408490/1408490_flower_00001.png,1408490,flower,lora_boost,145
1408490/1408490_flower_00115.png,1408490,flower,lora_boost,145
1408490/1408490_flower_00014.png,1408490,flower,lora_boost,145
1408490/1408490_flower_00096.png,1408490,flower,lora_boost,145
1408490/1408490_leaf_00130.png,1408490,leaf,lora_boost,145
1408490/1408490_leaf_00127.png,1408490,leaf,lora_boost,145
1385700/1385700_flower_00066.png,1385700,flower,lora_boost,67
1385700/1385700_flower_00056.png,1385700,flower,lora_boost,67
1385700/1385700_flower_00044.png,1385700,flower,lora_boost,67
1385700/1385700_flower_00020.png,1385700,flower,lora_boost,67
1385700/1385700_leaf_00109.png,1385700,leaf,lora_boost,67
1385700/1385700_leaf_00111.png,1385700,leaf,lora_boost,67
1385700/1385700_leaf_00099.png,1385700,leaf,lora_boost,67
1356076/1356076_flower_00008.png,1356076,flower,lora_boost,2
1356076/1356076_leaf_00027.png,1356076,leaf,lora_boost,2
1356076/1356076_leaf_00082.png,1356076,leaf,lora_boost,2
1356076/1356076_leaf_00135.png,1356076,leaf,lora_boost,2
1356076/1356076_leaf_00024.png,1356076,leaf,lora_boost,2
1356076/1356076_leaf_00122.png,1356076,leaf,lora_boost,2
1356076/1356076_leaf_00056.png,1356076,leaf,lora_boost,2
1397598/1397598_flower_00003.png,1397598,flower,lora_boost,127
1397598/1397598_flower_00028.png,1397598,flower,lora_boost,127
1397598/1397598_flower_00098.png,1397598,flower,lora_boost,127
1397598/1397598_flower_00005.png,1397598,flower,lora_boost,127
1397598/1397598_flower_00029.png,1397598,flower,lora_boost,127
1397598/1397598_leaf_00123.png,1397598,leaf,lora_boost,127
1397598/1397598_leaf_00146.png,1397598,leaf,lora_boost,127
1618661/1618661_flower_00116.png,1618661,flower,lora_boost,197
1618661/1618661_flower_00080.png,1618661,flower,lora_boost,197
1618661/1618661_flower_00034.png,1618661,flower,lora_boost,197
1618661/1618661_flower_00031.png,1618661,flower,lora_boost,197
1618661/1618661_flower_00092.png,1618661,flower,lora_boost,197
1618661/1618661_flower_00094.png,1618661,flower,lora_boost,197
1618661/1618661_leaf_00133.png,1618661,leaf,lora_boost,197
1384499/1384499_flower_00079.png,1384499,flower,lora_boost,66
1384499/1384499_flower_00027.png,1384499,flower,lora_boost,66
1384499/1384499_flower_00001.png,1384499,flower,lora_boost,66
1384499/1384499_flower_00086.png,1384499,flower,lora_boost,66
1384499/1384499_leaf_00135.png,1384499,leaf,lora_boost,66
1384499/1384499_leaf_00098.png,1384499,leaf,lora_boost,66
1406863/1406863_flower_00034.png,1406863,flower,lora_boost,142
1406863/1406863_flower_00004.png,1406863,flower,lora_boost,142
1406863/1406863_leaf_00130.png,1406863,leaf,lora_boost,142
1406863/1406863_leaf_00094.png,1406863,leaf,lora_boost,142
1406863/1406863_leaf_00102.png,1406863,leaf,lora_boost,142
1392654/1392654_flower_00079.png,1392654,flower,lora_boost,89
1392654/1392654_flower_00031.png,1392654,flower,lora_boost,89
1392654/1392654_flower_00037.png,1392654,flower,lora_boost,89
1392654/1392654_leaf_00098.png,1392654,leaf,lora_boost,89
1392654/1392654_leaf_00082.png,1392654,leaf,lora_boost,89
